time,active_links,wind_vx,wind_vy,wind_vz,d0_x,d0_y,d0_z,d1_x,d1_y,d1_z,d2_x,d2_y,d2_z,d3_x,d3_y,d3_z
0.0000,6,0.000,1.500,0.000,-6.000,6.000,0.301,6.000,6.000,0.305,-6.000,-6.000,0.302,6.000,-6.000,0.301
0.0100,6,0.009,1.500,0.002,-6.000,6.000,0.303,6.000,6.000,0.314,-6.000,-6.000,0.306,6.000,-6.000,0.304
0.0200,6,0.019,1.500,0.003,-6.000,6.000,0.305,6.000,6.000,0.328,-6.000,-6.000,0.313,6.000,-6.000,0.309
0.0300,6,0.028,1.500,0.005,-6.000,6.000,0.309,6.000,6.000,0.346,-6.000,-6.000,0.322,6.000,-6.000,0.314
0.0400,6,0.037,1.500,0.007,-6.000,6.000,0.313,6.000,6.000,0.369,-6.000,-6.000,0.332,6.000,-6.000,0.322
0.0500,6,0.046,1.499,0.009,-6.000,6.000,0.318,6.000,6.000,0.396,-6.000,-6.000,0.345,6.000,-6.000,0.330
0.0600,6,0.056,1.499,0.010,-6.000,6.000,0.324,6.000,6.000,0.428,-6.000,-6.000,0.361,6.000,-6.000,0.340
0.0700,6,0.065,1.499,0.012,-6.000,6.000,0.331,6.000,6.000,0.465,-6.000,-6.000,0.378,6.000,-6.000,0.352
0.0800,6,0.074,1.499,0.014,-6.000,6.000,0.339,6.000,6.000,0.506,-6.000,-6.000,0.397,6.000,-6.000,0.365
0.0900,6,0.084,1.498,0.016,-6.000,6.000,0.348,6.000,6.000,0.550,-6.000,-6.000,0.419,6.000,-6.000,0.379
0.1000,6,0.093,1.498,0.017,-6.000,6.000,0.357,6.000,6.000,0.596,-6.000,-6.000,0.442,6.000,-6.000,0.395
0.1100,6,0.102,1.497,0.019,-6.000,6.000,0.367,6.000,6.001,0.642,-6.000,-6.000,0.467,6.000,-6.000,0.412
0.1200,6,0.111,1.497,0.021,-6.000,6.000,0.379,6.000,6.001,0.688,-6.000,-6.000,0.493,6.000,-6.000,0.431
0.1300,6,0.121,1.496,0.023,-6.000,6.000,0.391,6.000,6.001,0.735,-6.000,-6.000,0.520,6.000,-6.000,0.451
0.1400,6,0.130,1.496,0.024,-6.000,6.000,0.404,6.000,6.001,0.781,-6.000,-6.000,0.547,6.000,-6.000,0.473
0.1500,6,0.139,1.495,0.026,-6.000,6.000,0.418,6.000,6.001,0.826,-6.000,-5.999,0.575,6.000,-6.000,0.496
0.1600,6,0.148,1.494,0.028,-6.000,6.000,0.432,6.000,6.001,0.872,-6.000,-5.999,0.603,6.000,-6.000,0.520
0.1700,6,0.158,1.494,0.030,-6.000,6.000,0.448,6.000,6.001,0.917,-6.000,-5.999,0.631,6.000,-6.000,0.546
0.1800,6,0.167,1.493,0.031,-6.000,6.000,0.464,6.000,6.002,0.961,-6.000,-5.999,0.659,6.000,-5.999,0.574
0.1900,6,0.176,1.492,0.033,-6.000,6.000,0.482,6.000,6.002,1.005,-6.000,-5.999,0.687,6.000,-5.999,0.602
0.2000,6,0.185,1.491,0.035,-6.000,6.000,0.500,6.000,6.002,1.048,-6.000,-5.999,0.715,6.000,-5.999,0.633
0.2100,6,0.194,1.490,0.037,-6.000,6.001,0.519,6.000,6.002,1.091,-6.000,-5.999,0.743,6.000,-5.999,0.664
0.2200,6,0.203,1.489,0.038,-6.000,6.001,0.539,6.000,6.003,1.133,-6.000,-5.999,0.771,6.000,-5.999,0.697
0.2300,6,0.212,1.489,0.040,-6.000,6.001,0.559,6.000,6.003,1.174,-6.000,-5.999,0.798,6.000,-5.999,0.732
0.2400,6,0.222,1.488,0.042,-6.000,6.001,0.581,6.000,6.003,1.215,-6.000,-5.999,0.826,6.000,-5.999,0.768
0.2500,6,0.231,1.486,0.044,-6.000,6.001,0.603,6.000,6.003,1.256,-6.000,-5.998,0.853,6.000,-5.999,0.805
0.2600,6,0.240,1.485,0.045,-6.000,6.001,0.627,6.000,6.004,1.296,-6.000,-5.998,0.880,6.000,-5.999,0.844
0.2700,6,0.249,1.484,0.047,-6.000,6.001,0.651,6.000,6.004,1.335,-6.000,-5.998,0.907,6.000,-5.999,0.883
0.2800,6,0.258,1.483,0.049,-6.000,6.001,0.676,6.000,6.004,1.374,-6.000,-5.998,0.934,6.000,-5.999,0.924
0.2900,6,0.267,1.482,0.050,-6.000,6.001,0.702,6.000,6.005,1.412,-6.000,-5.998,0.960,6.000,-5.998,0.965
0.3000,6,0.276,1.481,0.052,-6.000,6.001,0.728,6.000,6.005,1.450,-6.000,-5.998,0.987,6.000,-5.998,1.007
0.3100,6,0.285,1.479,0.054,-6.000,6.001,0.756,6.000,6.006,1.487,-6.000,-5.998,1.013,6.000,-5.998,1.049
0.3200,6,0.294,1.478,0.056,-6.000,6.001,0.784,6.000,6.006,1.523,-6.000,-5.997,1.039,6.000,-5.998,1.091
0.3300,6,0.303,1.476,0.057,-6.000,6.001,0.813,6.001,6.006,1.559,-6.000,-5.997,1.065,6.000,-5.998,1.134
0.3400,6,0.311,1.475,0.059,-6.000,6.001,0.843,6.001,6.007,1.595,-6.000,-5.997,1.090,6.000,-5.998,1.176
0.3500,6,0.320,1.473,0.061,-6.000,6.002,0.874,6.001,6.007,1.630,-6.000,-5.997,1.116,6.000,-5.998,1.219
0.3600,6,0.329,1.472,0.062,-6.000,6.002,0.904,6.001,6.008,1.665,-6.000,-5.997,1.141,6.000,-5.997,1.261
0.3700,6,0.338,1.470,0.064,-6.000,6.002,0.936,6.001,6.008,1.699,-6.000,-5.996,1.166,6.000,-5.997,1.303
0.3800,6,0.347,1.469,0.066,-6.000,6.002,0.967,6.001,6.008,1.732,-6.000,-5.996,1.191,6.000,-5.997,1.345
0.3900,6,0.356,1.467,0.067,-6.000,6.002,0.999,6.001,6.009,1.765,-6.000,-5.996,1.215,6.000,-5.997,1.387
0.4000,6,0.364,1.465,0.069,-6.000,6.002,1.031,6.001,6.009,1.797,-6.000,-5.996,1.240,6.000,-5.997,1.428
0.4100,6,0.373,1.464,0.071,-6.000,6.002,1.063,6.001,6.010,1.829,-6.000,-5.996,1.264,6.000,-5.996,1.469
0.4200,6,0.382,1.462,0.072,-6.000,6.002,1.096,6.001,6.010,1.861,-6.000,-5.995,1.288,6.000,-5.996,1.510
0.4300,6,0.390,1.460,0.074,-6.000,6.003,1.128,6.001,6.011,1.892,-6.000,-5.995,1.312,6.000,-5.996,1.551
0.4400,6,0.399,1.458,0.076,-6.000,6.003,1.160,6.001,6.011,1.922,-5.999,-5.995,1.336,6.000,-5.996,1.591
0.4500,6,0.408,1.456,0.077,-6.000,6.003,1.192,6.001,6.012,1.952,-5.999,-5.995,1.359,6.001,-5.995,1.631
0.4600,6,0.416,1.454,0.079,-6.000,6.003,1.225,6.001,6.012,1.982,-5.999,-5.994,1.382,6.001,-5.995,1.671
0.4700,6,0.425,1.452,0.081,-6.000,6.003,1.257,6.001,6.013,2.011,-5.999,-5.994,1.405,6.001,-5.995,1.710
0.4800,6,0.433,1.450,0.082,-6.000,6.003,1.288,6.001,6.013,2.040,-5.999,-5.994,1.428,6.001,-5.995,1.750
0.4900,6,0.442,1.448,0.084,-6.000,6.003,1.320,6.002,6.014,2.068,-5.999,-5.994,1.451,6.001,-5.994,1.788
0.5000,6,0.450,1.446,0.086,-6.000,6.004,1.352,6.002,6.014,2.096,-5.999,-5.993,1.473,6.001,-5.994,1.827
0.5100,6,0.458,1.444,0.087,-6.000,6.004,1.383,6.002,6.015,2.123,-5.999,-5.993,1.496,6.001,-5.994,1.865
0.5200,6,0.467,1.442,0.089,-5.999,6.004,1.414,6.002,6.016,2.150,-5.999,-5.993,1.518,6.001,-5.994,1.903
0.5300,6,0.475,1.440,0.091,-5.999,6.004,1.445,6.002,6.016,2.176,-5.999,-5.993,1.540,6.001,-5.993,1.940
0.5400,6,0.483,1.437,0.092,-5.999,6.004,1.476,6.002,6.017,2.202,-5.999,-5.992,1.562,6.001,-5.993,1.977
0.5500,6,0.492,1.435,0.094,-5.999,6.004,1.507,6.002,6.017,2.228,-5.999,-5.992,1.583,6.001,-5.993,2.014
0.5600,6,0.500,1.433,0.096,-5.999,6.005,1.537,6.002,6.018,2.253,-5.999,-5.992,1.605,6.001,-5.992,2.051
0.5700,6,0.508,1.430,0.097,-5.999,6.005,1.567,6.002,6.019,2.278,-5.999,-5.991,1.626,6.001,-5.992,2.087
0.5800,6,0.516,1.428,0.099,-5.999,6.005,1.597,6.002,6.019,2.302,-5.999,-5.991,1.647,6.001,-5.992,2.123
0.5900,6,0.524,1.425,0.100,-5.999,6.005,1.627,6.003,6.020,2.326,-5.999,-5.991,1.668,6.001,-5.992,2.159
0.6000,6,0.532,1.423,0.102,-5.999,6.005,1.657,6.003,6.020,2.350,-5.999,-5.990,1.689,6.001,-5.991,2.194
0.6100,6,0.540,1.420,0.104,-5.999,6.006,1.686,6.003,6.021,2.373,-5.999,-5.990,1.709,6.001,-5.991,2.229
0.6200,6,0.548,1.418,0.105,-5.999,6.006,1.715,6.003,6.022,2.396,-5.999,-5.990,1.730,6.001,-5.991,2.264
0.6300,6,0.556,1.415,0.107,-5.999,6.006,1.744,6.003,6.022,2.418,-5.999,-5.989,1.750,6.002,-5.990,2.298
0.6400,6,0.564,1.412,0.108,-5.999,6.006,1.772,6.003,6.023,2.440,-5.998,-5.989,1.770,6.002,-5.990,2.332
0.6500,6,0.572,1.410,0.110,-5.999,6.007,1.801,6.003,6.024,2.462,-5.998,-5.989,1.790,6.002,-5.990,2.366
0.6600,6,0.580,1.407,0.111,-5.999,6.007,1.829,6.003,6.024,2.483,-5.998,-5.988,1.810,6.002,-5.989,2.399
0.6700,6,0.588,1.404,0.113,-5.999,6.007,1.857,6.004,6.025,2.504,-5.998,-5.988,1.830,6.002,-5.989,2.433
0.6800,6,0.595,1.401,0.115,-5.999,6.007,1.884,6.004,6.026,2.525,-5.998,-5.988,1.849,6.002,-5.988,2.465
0.6900,6,0.603,1.399,0.116,-5.999,6.007,1.912,6.004,6.026,2.545,-5.998,-5.987,1.868,6.002,-5.988,2.498
0.7000,6,0.611,1.396,0.118,-5.999,6.008,1.939,6.004,6.027,2.565,-5.998,-5.987,1.888,6.002,-5.988,2.530
0.7100,6,0.618,1.393,0.119,-5.999,6.008,1.966,6.004,6.028,2.585,-5.998,-5.987,1.907,6.002,-5.987,2.562
0.7200,6,0.626,1.390,0.121,-5.999,6.008,1.993,6.004,6.028,2.604,-5.998,-5.986,1.925,6.002,-5.987,2.594
0.7300,6,0.633,1.387,0.122,-5.998,6.008,2.020,6.004,6.029,2.623,-5.998,-5.986,1.944,6.002,-5.987,2.625
0.7400,6,0.641,1.384,0.124,-5.998,6.009,2.046,6.005,6.030,2.641,-5.998,-5.986,1.963,6.003,-5.986,2.657
0.7500,6,0.648,1.381,0.125,-5.998,6.009,2.072,6.005,6.031,2.660,-5.998,-5.985,1.981,6.003,-5.986,2.687
0.7600,6,0.655,1.377,0.127,-5.998,6.009,2.098,6.005,6.031,2.678,-5.998,-5.985,1.999,6.003,-5.985,2.718
0.7700,6,0.663,1.374,0.128,-5.998,6.009,2.124,6.005,6.032,2.695,-5.997,-5.984,2.017,6.003,-5.985,2.748
0.7800,6,0.670,1.371,0.130,-5.998,6.010,2.149,6.005,6.033,2.713,-5.997,-5.984,2.035,6.003,-5.985,2.778
0.7900,6,0.677,1.368,0.131,-5.998,6.010,2.174,6.005,6.034,2.730,-5.997,-5.984,2.053,6.003,-5.984,2.808
0.8000,6,0.684,1.365,0.133,-5.998,6.010,2.200,6.006,6.034,2.746,-5.997,-5.983,2.071,6.003,-5.984,2.838
0.8100,6,0.691,1.361,0.134,-5.998,6.011,2.224,6.006,6.035,2.763,-5.997,-5.983,2.088,6.003,-5.983,2.867
0.8200,6,0.698,1.358,0.136,-5.998,6.011,2.249,6.006,6.036,2.779,-5.997,-5.982,2.105,6.003,-5.983,2.896
0.8300,6,0.705,1.355,0.137,-5.998,6.011,2.274,6.006,6.037,2.795,-5.997,-5.982,2.123,6.004,-5.982,2.924
0.8400,6,0.712,1.351,0.139,-5.998,6.011,2.298,6.006,6.037,2.810,-5.997,-5.982,2.140,6.004,-5.982,2.953
0.8500,6,0.719,1.348,0.140,-5.998,6.012,2.322,6.006,6.038,2.826,-5.997,-5.981,2.157,6.004,-5.982,2.981
0.8600,6,0.726,1.344,0.142,-5.998,6.012,2.346,6.007,6.039,2.841,-5.997,-5.981,2.173,6.004,-5.981,3.009
0.8700,6,0.733,1.341,0.143,-5.997,6.012,2.369,6.007,6.040,2.856,-5.996,-5.980,2.190,6.004,-5.981,3.036
0.8800,6,0.740,1.337,0.144,-5.997,6.013,2.393,6.007,6.041,2.870,-5.996,-5.980,2.207,6.004,-5.980,3.064
0.8900,6,0.746,1.334,0.146,-5.997,6.013,2.416,6.007,6.041,2.885,-5.996,-5.979,2.223,6.004,-5.980,3.091
0.9000,6,0.753,1.330,0.147,-5.997,6.013,2.439,6.007,6.042,2.899,-5.996,-5.979,2.239,6.004,-5.979,3.118
0.9100,6,0.759,1.326,0.149,-5.997,6.013,2.462,6.008,6.043,2.912,-5.996,-5.979,2.255,6.005,-5.979,3.145
0.9200,6,0.766,1.323,0.150,-5.997,6.014,2.485,6.008,6.044,2.926,-5.996,-5.978,2.271,6.005,-5.978,3.171
0.9300,6,0.772,1.319,0.151,-5.997,6.014,2.507,6.008,6.045,2.939,-5.996,-5.978,2.287,6.005,-5.978,3.197
0.9400,6,0.779,1.315,0.153,-5.997,6.014,2.529,6.008,6.045,2.952,-5.996,-5.977,2.303,6.005,-5.977,3.223
0.9500,6,0.785,1.311,0.154,-5.997,6.015,2.552,6.008,6.046,2.965,-5.995,-5.977,2.319,6.005,-5.977,3.249
0.9600,6,0.791,1.307,0.156,-5.997,6.015,2.574,6.009,6.047,2.978,-5.995,-5.976,2.334,6.005,-5.976,3.274
0.9700,6,0.798,1.304,0.157,-5.996,6.015,2.595,6.009,6.048,2.990,-5.995,-5.976,2.349,6.005,-5.976,3.299
0.9800,6,0.804,1.300,0.158,-5.996,6.016,2.617,6.009,6.049,3.002,-5.995,-5.975,2.365,6.006,-5.975,3.324
0.9900,6,0.810,1.296,0.160,-5.996,6.016,2.638,6.009,6.050,3.014,-5.995,-5.975,2.380,6.006,-5.975,3.349
1.0000,6,0.816,1.292,0.161,-5.996,6.016,2.659,6.009,6.050,3.026,-5.995,-5.975,2.395,6.006,-5.974,3.374
1.0100,6,0.822,1.288,0.162,-5.996,6.017,2.680,6.010,6.051,3.038,-5.995,-5.974,2.409,6.006,-5.974,3.398
1.0200,6,0.828,1.284,0.164,-5.996,6.017,2.701,6.010,6.052,3.049,-5.994,-5.974,2.424,6.006,-5.973,3.422
1.0300,6,0.834,1.280,0.165,-5.996,6.017,2.722,6.010,6.053,3.060,-5.994,-5.973,2.439,6.006,-5.973,3.446
1.0400,6,0.840,1.276,0.166,-5.996,6.018,2.742,6.010,6.054,3.071,-5.994,-5.973,2.453,6.007,-5.972,3.470
1.0500,6,0.846,1.271,0.168,-5.996,6.018,2.763,6.011,6.055,3.082,-5.994,-5.972,2.468,6.007,-5.972,3.493
1.0600,6,0.851,1.267,0.169,-5.995,6.018,2.783,6.011,6.056,3.092,-5.994,-5.972,2.482,6.007,-5.971,3.516
1.0700,6,0.857,1.263,0.170,-5.995,6.019,2.803,6.011,6.057,3.103,-5.994,-5.971,2.496,6.007,-5.971,3.539
1.0800,6,0.863,1.259,0.172,-5.995,6.019,2.823,6.011,6.057,3.113,-5.994,-5.971,2.510,6.007,-5.970,3.562
1.0900,6,0.868,1.255,0.173,-5.995,6.019,2.842,6.012,6.058,3.123,-5.993,-5.970,2.524,6.007,-5.970,3.585
1.1000,6,0.874,1.250,0.174,-5.995,6.020,2.862,6.012,6.059,3.133,-5.993,-5.970,2.538,6.008,-5.969,3.607
1.1100,6,0.879,1.246,0.175,-5.995,6.020,2.881,6.012,6.060,3.142,-5.993,-5.969,2.551,6.008,-5.969,3.629
1.1200,6,0.884,1.242,0.177,-5.995,6.021,2.900,6.012,6.061,3.152,-5.993,-5.969,2.565,6.008,-5.968,3.651
1.1300,6,0.890,1.237,0.178,-5.995,6.021,2.919,6.013,6.062,3.161,-5.993,-5.968,2.578,6.008,-5.968,3.673
1.1400,6,0.895,1.233,0.179,-5.994,6.021,2.938,6.013,6.063,3.170,-5.993,-5.968,2.592,6.008,-5.967,3.694
1.1500,6,0.900,1.228,0.180,-5.994,6.022,2.957,6.013,6.064,3.179,-5.992,-5.967,2.605,6.009,-5.966,3.716
1.1600,6,0.905,1.224,0.181,-5.994,6.022,2.975,6.013,6.065,3.188,-5.992,-5.967,2.618,6.009,-5.966,3.737
1.1700,6,0.910,1.219,0.183,-5.994,6.022,2.994,6.014,6.066,3.197,-5.992,-5.966,2.631,6.009,-5.965,3.758
1.1800,6,0.915,1.215,0.184,-5.994,6.023,3.012,6.014,6.066,3.205,-5.992,-5.966,2.644,6.009,-5.965,3.778
1.1900,6,0.920,1.210,0.185,-5.994,6.023,3.030,6.014,6.067,3.213,-5.992,-5.965,2.657,6.009,-5.964,3.799
1.2000,6,0.925,1.206,0.186,-5.994,6.024,3.048,6.015,6.068,3.222,-5.992,-5.964,2.670,6.010,-5.964,3.819
1.2100,6,0.930,1.201,0.187,-5.993,6.024,3.066,6.015,6.069,3.230,-5.991,-5.964,2.682,6.010,-5.963,3.840
1.2200,6,0.935,1.197,0.188,-5.993,6.024,3.083,6.015,6.070,3.238,-5.991,-5.963,2.695,6.010,-5.962,3.860
1.2300,6,0.939,1.192,0.190,-5.993,6.025,3.101,6.015,6.071,3.245,-5.991,-5.963,2.707,6.010,-5.962,3.879
1.2400,6,0.944,1.187,0.191,-5.993,6.025,3.118,6.016,6.072,3.253,-5.991,-5.962,2.719,6.010,-5.961,3.899
1.2500,6,0.948,1.182,0.192,-5.993,6.025,3.135,6.016,6.073,3.260,-5.991,-5.962,2.731,6.011,-5.961,3.918
1.2600,6,0.953,1.178,0.193,-5.993,6.026,3.152,6.016,6.074,3.268,-5.990,-5.961,2.744,6.011,-5.960,3.938
1.2700,6,0.957,1.173,0.194,-5.993,6.026,3.169,6.017,6.075,3.275,-5.990,-5.961,2.755,6.011,-5.960,3.957
1.2800,6,0.962,1.168,0.195,-5.992,6.027,3.186,6.017,6.076,3.282,-5.990,-5.960,2.767,6.011,-5.959,3.976
1.2900,6,0.966,1.163,0.196,-5.992,6.027,3.203,6.017,6.077,3.289,-5.990,-5.960,2.779,6.012,-5.958,3.994
1.3000,6,0.970,1.158,0.197,-5.992,6.027,3.219,6.018,6.078,3.296,-5.990,-5.959,2.791,6.012,-5.958,4.013
1.3100,6,0.974,1.154,0.198,-5.992,6.028,3.235,6.018,6.079,3.302,-5.989,-5.958,2.802,6.012,-5.957,4.031
1.3200,6,0.979,1.149,0.200,-5.992,6.028,3.252,6.018,6.080,3.309,-5.989,-5.958,2.814,6.012,-5.957,4.050
1.3300,6,0.983,1.144,0.201,-5.992,6.029,3.268,6.019,6.081,3.315,-5.989,-5.957,2.825,6.012,-5.956,4.068
1.3400,6,0.987,1.139,0.202,-5.991,6.029,3.284,6.019,6.082,3.322,-5.989,-5.957,2.837,6.013,-5.955,4.085
1.3500,6,0.991,1.134,0.203,-5.991,6.029,3.299,6.019,6.083,3.328,-5.989,-5.956,2.848,6.013,-5.955,4.103
1.3600,6,0.994,1.129,0.204,-5.991,6.030,3.315,6.019,6.084,3.334,-5.988,-5.956,2.859,6.013,-5.954,4.121
1.3700,6,0.998,1.124,0.205,-5.991,6.030,3.330,6.020,6.085,3.340,-5.988,-5.955,2.870,6.013,-5.954,4.138
1.3800,6,1.002,1.119,0.206,-5.991,6.031,3.346,6.020,6.086,3.346,-5.988,-5.955,2.881,6.014,-5.953,4.155
1.3900,6,1.006,1.114,0.207,-5.991,6.031,3.361,6.020,6.086,3.352,-5.988,-5.954,2.892,6.014,-5.952,4.172
1.4000,6,1.009,1.108,0.208,-5.990,6.032,3.376,6.021,6.087,3.357,-5.987,-5.953,2.903,6.014,-5.952,4.189
1.4100,6,1.013,1.103,0.209,-5.990,6.032,3.391,6.021,6.088,3.363,-5.987,-5.953,2.913,6.014,-5.951,4.206
1.4200,6,1.016,1.098,0.210,-5.990,6.032,3.406,6.021,6.089,3.368,-5.987,-5.952,2.924,6.015,-5.950,4.222
1.4300,6,1.020,1.093,0.211,-5.990,6.033,3.421,6.022,6.090,3.374,-5.987,-5.952,2.934,6.015,-5.950,4.239
1.4400,6,1.023,1.088,0.211,-5.990,6.033,3.435,6.022,6.091,3.379,-5.987,-5.951,2.945,6.015,-5.949,4.255
1.4500,6,1.026,1.083,0.212,-5.990,6.034,3.450,6.023,6.092,3.384,-5.986,-5.950,2.955,6.015,-5.949,4.271
1.4600,6,1.030,1.077,0.213,-5.989,6.034,3.464,6.023,6.093,3.389,-5.986,-5.950,2.965,6.016,-5.948,4.287
1.4700,6,1.033,1.072,0.214,-5.989,6.035,3.479,6.023,6.094,3.394,-5.986,-5.949,2.976,6.016,-5.947,4.303
1.4800,6,1.036,1.067,0.215,-5.989,6.035,3.493,6.024,6.095,3.399,-5.986,-5.949,2.986,6.016,-5.947,4.319
1.4900,6,1.039,1.061,0.216,-5.989,6.035,3.507,6.024,6.097,3.404,-5.985,-5.948,2.996,6.017,-5.946,4.334
1.5000,6,1.042,1.056,0.217,-5.989,6.036,3.521,6.024,6.098,3.409,-5.985,-5.947,3.005,6.017,-5.945,4.350
1.5100,6,1.045,1.051,0.218,-5.988,6.036,3.534,6.025,6.099,3.413,-5.985,-5.947,3.015,6.017,-5.945,4.365
1.5200,6,1.048,1.045,0.219,-5.988,6.037,3.548,6.025,6.100,3.418,-5.985,-5.946,3.025,6.017,-5.944,4.380
1.5300,6,1.051,1.040,0.219,-5.988,6.037,3.562,6.025,6.101,3.422,-5.984,-5.946,3.035,6.018,-5.943,4.395
1.5400,6,1.053,1.035,0.220,-5.988,6.038,3.575,6.026,6.102,3.427,-5.984,-5.945,3.044,6.018,-5.943,4.410
1.5500,6,1.056,1.029,0.221,-5.988,6.038,3.588,6.026,6.103,3.431,-5.984,-5.944,3.054,6.018,-5.942,4.424
1.5600,6,1.059,1.024,0.222,-5.987,6.038,3.602,6.027,6.104,3.435,-5.984,-5.944,3.063,6.018,-5.941,4.439
1.5700,6,1.061,1.018,0.223,-5.987,6.039,3.615,6.027,6.105,3.440,-5.983,-5.943,3.073,6.019,-5.941,4.453
1.5800,6,1.064,1.013,0.223,-5.987,6.039,3.628,6.027,6.106,3.444,-5.983,-5.943,3.082,6.019,-5.940,4.467
1.5900,6,1.066,1.007,0.224,-5.987,6.040,3.641,6.028,6.107,3.448,-5.983,-5.942,3.091,6.019,-5.940,4.481
1.6000,6,1.069,1.002,0.225,-5.987,6.040,3.653,6.028,6.108,3.452,-5.983,-5.941,3.100,6.020,-5.939,4.495
1.6100,6,1.071,0.996,0.226,-5.986,6.041,3.666,6.029,6.109,3.455,-5.982,-5.941,3.109,6.020,-5.938,4.509
1.6200,6,1.073,0.991,0.227,-5.986,6.041,3.678,6.029,6.110,3.459,-5.982,-5.940,3.118,6.020,-5.938,4.523
1.6300,6,1.075,0.985,0.227,-5.986,6.042,3.691,6.029,6.111,3.463,-5.982,-5.939,3.127,6.020,-5.937,4.537
1.6400,6,1.077,0.979,0.228,-5.986,6.042,3.703,6.030,6.112,3.467,-5.981,-5.939,3.136,6.021,-5.936,4.550
1.6500,6,1.080,0.974,0.229,-5.986,6.043,3.716,6.030,6.113,3.470,-5.981,-5.938,3.145,6.021,-5.936,4.563
1.6600,6,1.082,0.968,0.229,-5.985,6.043,3.728,6.031,6.114,3.474,-5.981,-5.938,3.153,6.021,-5.935,4.577
1.6700,6,1.084,0.962,0.230,-5.985,6.043,3.740,6.031,6.115,3.477,-5.981,-5.937,3.162,6.022,-5.934,4.590
1.6800,6,1.085,0.957,0.231,-5.985,6.044,3.752,6.031,6.116,3.480,-5.980,-5.936,3.171,6.022,-5.934,4.603
1.6900,6,1.087,0.951,0.231,-5.985,6.044,3.763,6.032,6.117,3.484,-5.980,-5.936,3.179,6.022,-5.933,4.615
1.7000,6,1.089,0.945,0.232,-5.984,6.045,3.775,6.032,6.118,3.487,-5.980,-5.935,3.188,6.023,-5.932,4.628
1.7100,6,1.091,0.940,0.233,-5.984,6.045,3.787,6.033,6.119,3.490,-5.979,-5.934,3.196,6.023,-5.931,4.641
1.7200,6,1.092,0.934,0.233,-5.984,6.046,3.798,6.033,6.121,3.493,-5.979,-5.934,3.204,6.023,-5.931,4.653
1.7300,6,1.094,0.928,0.234,-5.984,6.046,3.810,6.033,6.122,3.497,-5.979,-5.933,3.212,6.024,-5.930,4.666
1.7400,6,1.096,0.922,0.235,-5.984,6.047,3.821,6.034,6.123,3.500,-5.979,-5.932,3.220,6.024,-5.929,4.678
1.7500,6,1.097,0.917,0.235,-5.983,6.047,3.832,6.034,6.124,3.503,-5.978,-5.932,3.229,6.024,-5.929,4.690
1.7600,6,1.099,0.911,0.236,-5.983,6.048,3.844,6.035,6.125,3.505,-5.978,-5.931,3.237,6.025,-5.928,4.702
1.7700,6,1.100,0.905,0.236,-5.983,6.048,3.855,6.035,6.126,3.508,-5.978,-5.930,3.244,6.025,-5.927,4.714
1.7800,6,1.101,0.899,0.237,-5.983,6.049,3.866,6.036,6.127,3.511,-5.977,-5.930,3.252,6.025,-5.927,4.726
1.7900,6,1.103,0.893,0.237,-5.982,6.049,3.876,6.036,6.128,3.514,-5.977,-5.929,3.260,6.026,-5.926,4.737
1.8000,6,1.104,0.887,0.238,-5.982,6.050,3.887,6.037,6.129,3.517,-5.977,-5.929,3.268,6.026,-5.925,4.749
1.8100,6,1.105,0.882,0.239,-5.982,6.050,3.898,6.037,6.130,3.519,-5.976,-5.928,3.276,6.026,-5.925,4.760
1.8200,6,1.106,0.876,0.239,-5.982,6.051,3.909,6.037,6.131,3.522,-5.976,-5.927,3.283,6.027,-5.924,4.772
1.8300,6,1.107,0.870,0.240,-5.981,6.051,3.919,6.038,6.132,3.525,-5.976,-5.927,3.291,6.027,-5.923,4.783
1.8400,6,1.108,0.864,0.240,-5.981,6.051,3.929,6.038,6.133,3.527,-5.975,-5.926,3.298,6.027,-5.923,4.794
1.8500,6,1.109,0.858,0.241,-5.981,6.052,3.940,6.039,6.135,3.530,-5.975,-5.925,3.306,6.028,-5.922,4.805
1.8600,6,1.110,0.852,0.241,-5.981,6.052,3.950,6.039,6.136,3.532,-5.975,-5.925,3.313,6.028,-5.921,4.816
1.8700,6,1.111,0.846,0.241,-5.980,6.053,3.960,6.040,6.137,3.534,-5.974,-5.924,3.320,6.028,-5.920,4.827
1.8800,6,1.112,0.840,0.242,-5.980,6.053,3.970,6.040,6.138,3.537,-5.974,-5.923,3.328,6.029,-5.920,4.838
1.8900,6,1.112,0.834,0.242,-5.980,6.054,3.980,6.041,6.139,3.539,-5.974,-5.923,3.335,6.029,-5.919,4.848
1.9000,6,1.113,0.828,0.243,-5.980,6.054,3.990,6.041,6.140,3.541,-5.974,-5.922,3.342,6.029,-5.918,4.859
1.9100,6,1.114,0.822,0.243,-5.979,6.055,4.000,6.042,6.141,3.543,-5.973,-5.921,3.349,6.030,-5.918,4.869
1.9200,6,1.114,0.816,0.244,-5.979,6.055,4.010,6.042,6.142,3.546,-5.973,-5.921,3.356,6.030,-5.917,4.880
1.9300,6,1.115,0.810,0.244,-5.979,6.056,4.019,6.043,6.143,3.548,-5.972,-5.920,3.363,6.030,-5.916,4.890
1.9400,6,1.115,0.804,0.244,-5.979,6.056,4.029,6.043,6.145,3.550,-5.972,-5.919,3.370,6.031,-5.915,4.900
1.9500,6,1.116,0.798,0.245,-5.978,6.057,4.039,6.044,6.146,3.552,-5.972,-5.918,3.377,6.031,-5.915,4.910
1.9600,6,1.116,0.792,0.245,-5.978,6.057,4.048,6.044,6.147,3.554,-5.971,-5.918,3.384,6.031,-5.914,4.920
1.9700,6,1.116,0.786,0.245,-5.978,6.058,4.057,6.045,6.148,3.556,-5.971,-5.917,3.390,6.032,-5.913,4.930
1.9800,6,1.117,0.780,0.246,-5.978,6.058,4.067,6.045,6.149,3.558,-5.971,-5.916,3.397,6.032,-5.913,4.940
1.9900,6,1.117,0.774,0.246,-5.977,6.059,4.076,6.046,6.150,3.560,-5.970,-5.916,3.404,6.032,-5.912,4.949
2.0000,6,1.117,0.768,0.246,-5.977,6.059,4.085,6.046,6.151,3.562,-5.970,-5.915,3.410,6.033,-5.911,4.959
2.0100,6,1.117,0.762,0.247,-5.977,6.060,4.094,6.047,6.152,3.564,-5.970,-5.914,3.417,6.033,-5.910,4.968
2.0200,6,1.117,0.756,0.247,-5.977,6.060,4.103,6.047,6.153,3.565,-5.969,-5.914,3.423,6.034,-5.910,4.978
2.0300,6,1.117,0.750,0.247,-5.976,6.061,4.112,6.048,6.155,3.567,-5.969,-5.913,3.430,6.034,-5.909,4.987
2.0400,6,1.117,0.744,0.247,-5.976,6.061,4.121,6.048,6.156,3.569,-5.969,-5.912,3.436,6.034,-5.908,4.996
2.0500,6,1.117,0.737,0.248,-5.976,6.062,4.129,6.049,6.157,3.571,-5.968,-5.912,3.443,6.035,-5.908,5.005
2.0600,6,1.117,0.731,0.248,-5.975,6.062,4.138,6.049,6.158,3.572,-5.968,-5.911,3.449,6.035,-5.907,5.014
2.0700,6,1.117,0.725,0.248,-5.975,6.063,4.147,6.050,6.159,3.574,-5.968,-5.910,3.455,6.035,-5.906,5.023
2.0800,6,1.117,0.719,0.248,-5.975,6.063,4.155,6.050,6.160,3.576,-5.967,-5.910,3.461,6.036,-5.905,5.032
2.0900,6,1.117,0.713,0.249,-5.975,6.064,4.164,6.051,6.161,3.577,-5.967,-5.909,3.467,6.036,-5.905,5.041
2.1000,6,1.117,0.707,0.249,-5.974,6.064,4.172,6.051,6.163,3.579,-5.966,-5.908,3.473,6.037,-5.904,5.050
2.1100,6,1.116,0.701,0.249,-5.974,6.065,4.180,6.052,6.164,3.580,-5.966,-5.907,3.479,6.037,-5.903,5.058
2.1200,6,1.116,0.695,0.249,-5.974,6.065,4.189,6.052,6.165,3.582,-5.966,-5.907,3.485,6.037,-5.903,5.067
2.1300,6,1.116,0.688,0.249,-5.973,6.066,4.197,6.053,6.166,3.583,-5.965,-5.906,3.491,6.038,-5.902,5.076
2.1400,6,1.115,0.682,0.249,-5.973,6.066,4.205,6.053,6.167,3.585,-5.965,-5.905,3.497,6.038,-5.901,5.084
2.1500,6,1.115,0.676,0.249,-5.973,6.067,4.213,6.054,6.168,3.586,-5.965,-5.905,3.503,6.039,-5.900,5.092
2.1600,6,1.114,0.670,0.250,-5.973,6.067,4.221,6.054,6.169,3.588,-5.964,-5.904,3.509,6.039,-5.900,5.100
2.1700,6,1.114,0.664,0.250,-5.972,6.068,4.229,6.055,6.171,3.589,-5.964,-5.903,3.515,6.039,-5.899,5.109
2.1800,6,1.113,0.658,0.250,-5.972,6.068,4.237,6.056,6.172,3.591,-5.963,-5.903,3.520,6.040,-5.898,5.117
2.1900,6,1.113,0.651,0.250,-5.972,6.069,4.245,6.056,6.173,3.592,-5.963,-5.902,3.526,6.040,-5.897,5.125
2.2000,6,1.112,0.645,0.250,-5.971,6.069,4.252,6.057,6.174,3.593,-5.963,-5.901,3.532,6.040,-5.897,5.133
2.2100,6,1.111,0.639,0.250,-5.971,6.070,4.260,6.057,6.175,3.594,-5.962,-5.900,3.537,6.041,-5.896,5.141
2.2200,6,1.111,0.633,0.250,-5.971,6.070,4.268,6.058,6.176,3.596,-5.962,-5.900,3.543,6.041,-5.895,5.148
2.2300,6,1.110,0.627,0.250,-5.971,6.071,4.275,6.058,6.177,3.597,-5.962,-5.899,3.548,6.042,-5.894,5.156
2.2400,6,1.109,0.620,0.250,-5.970,6.071,4.283,6.059,6.179,3.598,-5.961,-5.898,3.554,6.042,-5.894,5.164
2.2500,6,1.108,0.614,0.250,-5.970,6.072,4.290,6.059,6.180,3.599,-5.961,-5.898,3.559,6.042,-5.893,5.171
2.2600,6,1.107,0.608,0.250,-5.970,6.072,4.297,6.060,6.181,3.601,-5.960,-5.897,3.565,6.043,-5.892,5.179
2.2700,6,1.107,0.602,0.250,-5.969,6.073,4.305,6.061,6.182,3.602,-5.960,-5.896,3.570,6.043,-5.891,5.186
2.2800,6,1.106,0.596,0.250,-5.969,6.074,4.312,6.061,6.183,3.603,-5.960,-5.895,3.575,6.044,-5.891,5.194
2.2900,6,1.105,0.590,0.250,-5.969,6.074,4.319,6.062,6.184,3.604,-5.959,-5.895,3.580,6.044,-5.890,5.201
2.3000,6,1.104,0.583,0.250,-5.968,6.075,4.326,6.062,6.186,3.605,-5.959,-5.894,3.586,6.045,-5.889,5.208
2.3100,6,1.103,0.577,0.250,-5.968,6.075,4.333,6.063,6.187,3.606,-5.958,-5.893,3.591,6.045,-5.889,5.215
2.3200,6,1.102,0.571,0.250,-5.968,6.076,4.340,6.064,6.188,3.607,-5.958,-5.893,3.596,6.045,-5.888,5.223
2.3300,6,1.101,0.565,0.250,-5.968,6.076,4.347,6.064,6.189,3.608,-5.958,-5.892,3.601,6.046,-5.887,5.230
2.3400,6,1.100,0.559,0.249,-5.967,6.077,4.354,6.065,6.190,3.610,-5.957,-5.891,3.606,6.046,-5.886,5.237
2.3500,6,1.098,0.552,0.249,-5.967,6.077,4.361,6.065,6.191,3.611,-5.957,-5.890,3.611,6.047,-5.886,5.243
2.3600,6,1.097,0.546,0.249,-5.967,6.078,4.368,6.066,6.193,3.612,-5.956,-5.890,3.616,6.047,-5.885,5.250
2.3700,6,1.096,0.540,0.249,-5.966,6.078,4.375,6.066,6.194,3.613,-5.956,-5.889,3.621,6.047,-5.884,5.257
2.3800,6,1.095,0.534,0.249,-5.966,6.079,4.381,6.067,6.195,3.614,-5.955,-5.888,3.626,6.048,-5.883,5.264
2.3900,6,1.094,0.528,0.249,-5.966,6.079,4.388,6.068,6.196,3.614,-5.955,-5.888,3.631,6.048,-5.883,5.270
2.4000,6,1.093,0.522,0.249,-5.965,6.080,4.394,6.068,6.197,3.615,-5.955,-5.887,3.635,6.049,-5.882,5.277
2.4100,6,1.091,0.515,0.248,-5.965,6.080,4.401,6.069,6.198,3.616,-5.954,-5.886,3.640,6.049,-5.881,5.284
2.4200,6,1.090,0.509,0.248,-5.965,6.081,4.407,6.069,6.200,3.617,-5.954,-5.885,3.645,6.050,-5.880,5.290
2.4300,6,1.089,0.503,0.248,-5.964,6.081,4.414,6.070,6.201,3.618,-5.953,-5.885,3.650,6.050,-5.880,5.297
2.4400,6,1.087,0.497,0.248,-5.964,6.082,4.420,6.071,6.202,3.619,-5.953,-5.884,3.654,6.050,-5.879,5.303
2.4500,6,1.086,0.491,0.247,-5.964,6.082,4.426,6.071,6.203,3.620,-5.952,-5.883,3.659,6.051,-5.878,5.309
2.4600,6,1.085,0.485,0.247,-5.963,6.083,4.433,6.072,6.204,3.621,-5.952,-5.883,3.664,6.051,-5.877,5.315
2.4700,6,1.083,0.478,0.247,-5.963,6.083,4.439,6.073,6.205,3.622,-5.952,-5.882,3.668,6.052,-5.877,5.322
2.4800,6,1.082,0.472,0.247,-5.963,6.084,4.445,6.073,6.207,3.623,-5.951,-5.881,3.673,6.052,-5.876,5.328
2.4900,6,1.080,0.466,0.246,-5.962,6.085,4.451,6.074,6.208,3.623,-5.951,-5.880,3.677,6.053,-5.875,5.334
2.5000,6,1.079,0.460,0.246,-5.962,6.085,4.457,6.074,6.209,3.624,-5.950,-5.880,3.682,6.053,-5.874,5.340
2.5100,6,1.077,0.454,0.246,-5.962,6.086,4.463,6.075,6.210,3.625,-5.950,-5.879,3.686,6.054,-5.874,5.346
2.5200,6,1.076,0.448,0.245,-5.962,6.086,4.469,6.076,6.211,3.626,-5.949,-5.878,3.690,6.054,-5.873,5.352
2.5300,6,1.074,0.442,0.245,-5.961,6.087,4.475,6.076,6.213,3.627,-5.949,-5.877,3.695,6.054,-5.872,5.358
2.5400,6,1.073,0.435,0.245,-5.961,6.087,4.481,6.077,6.214,3.627,-5.949,-5.877,3.699,6.055,-5.871,5.364
2.5500,6,1.071,0.429,0.244,-5.961,6.088,4.487,6.078,6.215,3.628,-5.948,-5.876,3.703,6.055,-5.870,5.369
2.5600,6,1.070,0.423,0.244,-5.960,6.088,4.493,6.078,6.216,3.629,-5.948,-5.875,3.708,6.056,-5.870,5.375
2.5700,6,1.068,0.417,0.244,-5.960,6.089,4.498,6.079,6.217,3.630,-5.947,-5.874,3.712,6.056,-5.869,5.381
2.5800,6,1.067,0.411,0.243,-5.960,6.089,4.504,6.079,6.218,3.630,-5.947,-5.874,3.716,6.057,-5.868,5.386
2.5900,6,1.065,0.405,0.243,-5.959,6.090,4.510,6.080,6.220,3.631,-5.946,-5.873,3.720,6.057,-5.867,5.392
2.6000,6,1.064,0.399,0.242,-5.959,6.090,4.515,6.081,6.221,3.632,-5.946,-5.872,3.725,6.058,-5.867,5.397
2.6100,6,1.062,0.393,0.242,-5.959,6.091,4.521,6.081,6.222,3.632,-5.945,-5.872,3.729,6.058,-5.866,5.403
2.6200,6,1.060,0.387,0.241,-5.958,6.091,4.526,6.082,6.223,3.633,-5.945,-5.871,3.733,6.058,-5.865,5.408
2.6300,6,1.059,0.381,0.241,-5.958,6.092,4.532,6.083,6.224,3.634,-5.945,-5.870,3.737,6.059,-5.864,5.414
2.6400,6,1.057,0.375,0.240,-5.957,6.092,4.537,6.083,6.226,3.634,-5.944,-5.869,3.741,6.059,-5.864,5.419
2.6500,6,1.055,0.368,0.240,-5.957,6.093,4.543,6.084,6.227,3.635,-5.944,-5.869,3.745,6.060,-5.863,5.424
2.6600,6,1.054,0.362,0.239,-5.957,6.094,4.548,6.085,6.228,3.636,-5.943,-5.868,3.749,6.060,-5.862,5.429
2.6700,6,1.052,0.356,0.239,-5.956,6.094,4.553,6.085,6.229,3.636,-5.943,-5.867,3.753,6.061,-5.861,5.435
2.6800,6,1.050,0.350,0.238,-5.956,6.095,4.559,6.086,6.230,3.637,-5.942,-5.866,3.757,6.061,-5.861,5.440
2.6900,6,1.049,0.344,0.238,-5.956,6.095,4.564,6.087,6.232,3.638,-5.942,-5.866,3.761,6.062,-5.860,5.445
2.7000,6,1.047,0.338,0.237,-5.955,6.096,4.569,6.087,6.233,3.638,-5.941,-5.865,3.764,6.062,-5.859,5.450
2.7100,6,1.045,0.332,0.237,-5.955,6.096,4.574,6.088,6.234,3.639,-5.941,-5.864,3.768,6.063,-5.858,5.455
2.7200,6,1.044,0.326,0.236,-5.955,6.097,4.579,6.089,6.235,3.639,-5.940,-5.863,3.772,6.063,-5.858,5.460
2.7300,6,1.042,0.320,0.236,-5.954,6.097,4.584,6.089,6.236,3.640,-5.940,-5.863,3.776,6.064,-5.857,5.465
2.7400,6,1.040,0.314,0.235,-5.954,6.098,4.589,6.090,6.237,3.641,-5.939,-5.862,3.780,6.064,-5.856,5.470
2.7500,6,1.039,0.309,0.234,-5.954,6.098,4.594,6.091,6.239,3.641,-5.939,-5.861,3.783,6.064,-5.855,5.475
2.7600,6,1.037,0.303,0.234,-5.953,6.099,4.599,6.091,6.240,3.642,-5.938,-5.860,3.787,6.065,-5.855,5.479
2.7700,6,1.035,0.297,0.233,-5.953,6.099,4.604,6.092,6.241,3.642,-5.938,-5.860,3.791,6.065,-5.854,5.484
2.7800,6,1.034,0.291,0.233,-5.953,6.100,4.609,6.093,6.242,3.643,-5.938,-5.859,3.795,6.066,-5.853,5.489
2.7900,6,1.032,0.285,0.232,-5.952,6.100,4.614,6.093,6.243,3.644,-5.937,-5.858,3.798,6.066,-5.852,5.493
2.8000,6,1.030,0.279,0.231,-5.952,6.101,4.619,6.094,6.245,3.644,-5.937,-5.858,3.802,6.067,-5.851,5.498
2.8100,6,1.029,0.273,0.231,-5.952,6.102,4.624,6.095,6.246,3.645,-5.936,-5.857,3.805,6.067,-5.851,5.503
2.8200,6,1.027,0.267,0.230,-5.951,6.102,4.628,6.095,6.247,3.645,-5.936,-5.856,3.809,6.068,-5.850,5.507
2.8300,6,1.025,0.261,0.229,-5.951,6.103,4.633,6.096,6.248,3.646,-5.935,-5.855,3.812,6.068,-5.849,5.512
2.8400,6,1.024,0.255,0.229,-5.950,6.103,4.638,6.097,6.249,3.646,-5.935,-5.855,3.816,6.069,-5.848,5.516
2.8500,6,1.022,0.250,0.228,-5.950,6.104,4.642,6.097,6.251,3.647,-5.934,-5.854,3.819,6.069,-5.848,5.521
2.8600,6,1.020,0.244,0.227,-5.950,6.104,4.647,6.098,6.252,3.647,-5.934,-5.853,3.823,6.070,-5.847,5.525
2.8700,6,1.019,0.238,0.226,-5.949,6.105,4.652,6.099,6.253,3.648,-5.933,-5.852,3.826,6.070,-5.846,5.529
2.8800,6,1.017,0.232,0.226,-5.949,6.105,4.656,6.100,6.254,3.648,-5.933,-5.852,3.830,6.071,-5.845,5.534
2.8900,6,1.015,0.226,0.225,-5.949,6.106,4.661,6.100,6.255,3.649,-5.932,-5.851,3.833,6.071,-5.845,5.538
2.9000,6,1.014,0.221,0.224,-5.948,6.106,4.665,6.101,6.257,3.649,-5.932,-5.850,3.837,6.072,-5.844,5.542
2.9100,6,1.012,0.215,0.223,-5.948,6.107,4.670,6.102,6.258,3.650,-5.931,-5.849,3.840,6.072,-5.843,5.547
2.9200,6,1.010,0.209,0.223,-5.948,6.107,4.674,6.102,6.259,3.650,-5.931,-5.849,3.843,6.073,-5.842,5.551
2.9300,6,1.009,0.203,0.222,-5.947,6.108,4.678,6.103,6.260,3.651,-5.930,-5.848,3.847,6.073,-5.842,5.555
2.9400,6,1.007,0.198,0.221,-5.947,6.109,4.683,6.104,6.261,3.651,-5.930,-5.847,3.850,6.074,-5.841,5.559
2.9500,6,1.006,0.192,0.220,-5.946,6.109,4.687,6.104,6.263,3.652,-5.929,-5.846,3.853,6.074,-5.840,5.563
2.9600,6,1.004,0.186,0.219,-5.946,6.110,4.691,6.105,6.264,3.652,-5.929,-5.846,3.856,6.075,-5.839,5.567
2.9700,6,1.003,0.181,0.218,-5.946,6.110,4.695,6.106,6.265,3.653,-5.928,-5.845,3.860,6.075,-5.838,5.571
2.9800,6,1.001,0.175,0.218,-5.945,6.111,4.700,6.107,6.266,3.653,-5.928,-5.844,3.863,6.076,-5.838,5.575
2.9900,6,0.999,0.169,0.217,-5.945,6.111,4.704,6.107,6.267,3.654,-5.927,-5.843,3.866,6.076,-5.837,5.579
3.0000,6,0.998,0.164,0.216,-5.945,6.112,4.708,6.108,6.269,3.654,-5.927,-5.843,3.869,6.077,-5.836,5.583
3.0100,6,0.996,0.158,0.215,-5.944,6.112,4.712,6.109,6.270,3.655,-5.926,-5.842,3.872,6.077,-5.835,5.587
3.0200,6,0.995,0.152,0.214,-5.944,6.113,4.716,6.110,6.271,3.655,-5.926,-5.841,3.875,6.078,-5.835,5.591
3.0300,6,0.994,0.147,0.213,-5.944,6.113,4.720,6.110,6.272,3.656,-5.925,-5.840,3.879,6.078,-5.834,5.595
3.0400,6,0.992,0.141,0.212,-5.943,6.114,4.724,6.111,6.273,3.656,-5.925,-5.840,3.882,6.078,-5.833,5.598
3.0500,6,0.991,0.136,0.211,-5.943,6.115,4.728,6.112,6.275,3.657,-5.924,-5.839,3.885,6.079,-5.832,5.602
3.0600,6,0.989,0.130,0.210,-5.942,6.115,4.732,6.112,6.276,3.657,-5.924,-5.838,3.888,6.079,-5.832,5.606
3.0700,6,0.988,0.125,0.209,-5.942,6.116,4.736,6.113,6.277,3.657,-5.923,-5.837,3.891,6.080,-5.831,5.610
3.0800,6,0.986,0.119,0.208,-5.942,6.116,4.740,6.114,6.278,3.658,-5.923,-5.837,3.894,6.081,-5.830,5.613
3.0900,6,0.985,0.114,0.207,-5.941,6.117,4.744,6.115,6.279,3.658,-5.922,-5.836,3.897,6.081,-5.829,5.617
3.1000,6,0.984,0.108,0.206,-5.941,6.117,4.748,6.115,6.281,3.659,-5.922,-5.835,3.900,6.082,-5.828,5.621
3.1100,6,0.982,0.103,0.205,-5.940,6.118,4.752,6.116,6.282,3.659,-5.921,-5.834,3.903,6.082,-5.828,5.624
3.1200,6,0.981,0.097,0.204,-5.940,6.118,4.756,6.117,6.283,3.660,-5.921,-5.834,3.906,6.083,-5.827,5.628
3.1300,6,0.980,0.092,0.203,-5.940,6.119,4.760,6.118,6.284,3.660,-5.920,-5.833,3.909,6.083,-5.826,5.631
3.1400,6,0.979,0.086,0.202,-5.939,6.119,4.763,6.118,6.285,3.661,-5.920,-5.832,3.912,6.084,-5.825,5.635
3.1500,6,0.977,0.081,0.201,-5.939,6.120,4.767,6.119,6.287,3.661,-5.919,-5.831,3.914,6.084,-5.825,5.638
3.1600,6,0.976,0.076,0.200,-5.939,6.120,4.771,6.120,6.288,3.661,-5.919,-5.831,3.917,6.085,-5.824,5.642
3.1700,6,0.975,0.070,0.199,-5.938,6.121,4.775,6.121,6.289,3.662,-5.918,-5.830,3.920,6.085,-5.823,5.645
3.1800,6,0.974,0.065,0.198,-5.938,6.122,4.778,6.121,6.290,3.662,-5.917,-5.829,3.923,6.086,-5.822,5.648
3.1900,6,0.973,0.060,0.197,-5.937,6.122,4.782,6.122,6.291,3.663,-5.917,-5.829,3.926,6.086,-5.822,5.652
3.2000,6,0.972,0.054,0.196,-5.937,6.123,4.785,6.123,6.293,3.663,-5.916,-5.828,3.929,6.087,-5.821,5.655
3.2100,6,0.971,0.049,0.195,-5.937,6.123,4.789,6.124,6.294,3.664,-5.916,-5.827,3.931,6.087,-5.820,5.659
3.2200,6,0.969,0.044,0.194,-5.936,6.124,4.793,6.124,6.295,3.664,-5.915,-5.826,3.934,6.088,-5.819,5.662
3.2300,6,0.968,0.038,0.193,-5.936,6.124,4.796,6.125,6.296,3.664,-5.915,-5.826,3.937,6.088,-5.818,5.665
3.2400,6,0.967,0.033,0.192,-5.935,6.125,4.800,6.126,6.297,3.665,-5.914,-5.825,3.940,6.089,-5.818,5.668
3.2500,6,0.966,0.028,0.191,-5.935,6.125,4.803,6.127,6.299,3.665,-5.914,-5.824,3.942,6.089,-5.817,5.672
3.2600,6,0.966,0.023,0.189,-5.935,6.126,4.807,6.127,6.300,3.666,-5.913,-5.823,3.945,6.090,-5.816,5.675
3.2700,6,0.965,0.018,0.188,-5.934,6.126,4.810,6.128,6.301,3.666,-5.913,-5.823,3.948,6.090,-5.815,5.678
3.2800,6,0.964,0.012,0.187,-5.934,6.127,4.814,6.129,6.302,3.667,-5.912,-5.822,3.951,6.091,-5.815,5.681
3.2900,6,0.963,0.007,0.186,-5.934,6.127,4.817,6.130,6.303,3.667,-5.912,-5.821,3.953,6.091,-5.814,5.684
3.3000,6,0.962,0.002,0.185,-5.933,6.128,4.820,6.130,6.304,3.667,-5.911,-5.820,3.956,6.092,-5.813,5.687
3.3100,6,0.961,-0.003,0.184,-5.933,6.129,4.824,6.131,6.306,3.668,-5.911,-5.820,3.959,6.092,-5.812,5.690
3.3200,6,0.960,-0.008,0.182,-5.932,6.129,4.827,6.132,6.307,3.668,-5.910,-5.819,3.961,6.093,-5.812,5.693
3.3300,6,0.960,-0.013,0.181,-5.932,6.130,4.831,6.133,6.308,3.669,-5.909,-5.818,3.964,6.093,-5.811,5.696
3.3400,6,0.959,-0.018,0.180,-5.932,6.130,4.834,6.134,6.309,3.669,-5.909,-5.817,3.966,6.094,-5.810,5.700
3.3500,6,0.958,-0.023,0.179,-5.931,6.131,4.837,6.134,6.310,3.670,-5.908,-5.817,3.969,6.094,-5.809,5.703
3.3600,6,0.958,-0.028,0.178,-5.931,6.131,4.840,6.135,6.312,3.670,-5.908,-5.816,3.972,6.095,-5.809,5.705
3.3700,6,0.957,-0.033,0.176,-5.930,6.132,4.844,6.136,6.313,3.670,-5.907,-5.815,3.974,6.095,-5.808,5.708
3.3800,6,0.957,-0.038,0.175,-5.930,6.132,4.847,6.137,6.314,3.671,-5.907,-5.814,3.977,6.096,-5.807,5.711
3.3900,6,0.956,-0.043,0.174,-5.930,6.133,4.850,6.137,6.315,3.671,-5.906,-5.814,3.979,6.097,-5.806,5.714
3.4000,6,0.956,-0.048,0.173,-5.929,6.133,4.853,6.138,6.316,3.672,-5.906,-5.813,3.982,6.097,-5.805,5.717
3.4100,6,0.955,-0.053,0.171,-5.929,6.134,4.856,6.139,6.318,3.672,-5.905,-5.812,3.984,6.098,-5.805,5.720
3.4200,6,0.955,-0.058,0.170,-5.928,6.134,4.860,6.140,6.319,3.672,-5.905,-5.811,3.987,6.098,-5.804,5.723
3.4300,6,0.954,-0.063,0.169,-5.928,6.135,4.863,6.141,6.320,3.673,-5.904,-5.811,3.989,6.099,-5.803,5.726
3.4400,6,0.954,-0.067,0.167,-5.928,6.136,4.866,6.141,6.321,3.673,-5.903,-5.810,3.992,6.099,-5.802,5.729
3.4500,6,0.954,-0.072,0.166,-5.927,6.136,4.869,6.142,6.322,3.674,-5.903,-5.809,3.994,6.100,-5.802,5.731
3.4600,6,0.953,-0.077,0.165,-5.927,6.137,4.872,6.143,6.324,3.674,-5.902,-5.808,3.997,6.100,-5.801,5.734
3.4700,6,0.953,-0.082,0.163,-5.926,6.137,4.875,6.144,6.325,3.675,-5.902,-5.808,3.999,6.101,-5.800,5.737
3.4800,6,0.953,-0.087,0.162,-5.926,6.138,4.878,6.145,6.326,3.675,-5.901,-5.807,4.001,6.101,-5.799,5.740
3.4900,6,0.953,-0.091,0.161,-5.925,6.138,4.881,6.145,6.327,3.675,-5.901,-5.806,4.004,6.102,-5.799,5.742
3.5000,6,0.953,-0.096,0.159,-5.925,6.139,4.884,6.146,6.328,3.676,-5.900,-5.805,4.006,6.102,-5.798,5.745
3.5100,6,0.952,-0.101,0.158,-5.925,6.139,4.887,6.147,6.330,3.676,-5.900,-5.805,4.009,6.103,-5.797,5.748
3.5200,6,0.952,-0.105,0.157,-5.924,6.140,4.890,6.148,6.331,3.677,-5.899,-5.804,4.011,6.104,-5.796,5.750
3.5300,6,0.952,-0.110,0.155,-5.924,6.140,4.893,6.149,6.332,3.677,-5.898,-5.803,4.013,6.104,-5.795,5.753
3.5400,6,0.952,-0.115,0.154,-5.923,6.141,4.896,6.149,6.333,3.678,-5.898,-5.802,4.016,6.105,-5.795,5.756
3.5500,6,0.952,-0.119,0.153,-5.923,6.141,4.899,6.150,6.334,3.678,-5.897,-5.802,4.018,6.105,-5.794,5.758
3.5600,6,0.953,-0.124,0.151,-5.923,6.142,4.902,6.151,6.335,3.678,-5.897,-5.801,4.020,6.106,-5.793,5.761
3.5700,6,0.953,-0.128,0.150,-5.922,6.143,4.905,6.152,6.337,3.679,-5.896,-5.800,4.023,6.106,-5.792,5.763
3.5800,6,0.953,-0.133,0.148,-5.922,6.143,4.908,6.153,6.338,3.679,-5.896,-5.800,4.025,6.107,-5.792,5.766
3.5900,6,0.953,-0.138,0.147,-5.921,6.144,4.910,6.153,6.339,3.680,-5.895,-5.799,4.027,6.107,-5.791,5.768
3.6000,6,0.953,-0.142,0.146,-5.921,6.144,4.913,6.154,6.340,3.680,-5.894,-5.798,4.030,6.108,-5.790,5.771
3.6100,6,0.954,-0.147,0.144,-5.921,6.145,4.916,6.155,6.341,3.681,-5.894,-5.797,4.032,6.108,-5.789,5.774
3.6200,6,0.954,-0.151,0.143,-5.920,6.145,4.919,6.156,6.343,3.681,-5.893,-5.797,4.034,6.109,-5.789,5.776
3.6300,6,0.954,-0.155,0.141,-5.920,6.146,4.922,6.157,6.344,3.681,-5.893,-5.796,4.036,6.110,-5.788,5.778
3.6400,6,0.955,-0.160,0.140,-5.919,6.146,4.924,6.157,6.345,3.682,-5.892,-5.795,4.039,6.110,-5.787,5.781
3.6500,6,0.955,-0.164,0.138,-5.919,6.147,4.927,6.158,6.346,3.682,-5.892,-5.794,4.041,6.111,-5.786,5.783
3.6600,6,0.956,-0.169,0.137,-5.918,6.147,4.930,6.159,6.347,3.683,-5.891,-5.794,4.043,6.111,-5.786,5.786
3.6700,6,0.956,-0.173,0.135,-5.918,6.148,4.933,6.160,6.349,3.683,-5.890,-5.793,4.045,6.112,-5.785,5.788
3.6800,6,0.957,-0.177,0.134,-5.918,6.148,4.935,6.161,6.350,3.684,-5.890,-5.792,4.047,6.112,-5.784,5.791
3.6900,6,0.958,-0.182,0.132,-5.917,6.149,4.938,6.162,6.351,3.684,-5.889,-5.791,4.050,6.113,-5.783,5.793
3.7000,6,0.958,-0.186,0.131,-5.917,6.150,4.941,6.162,6.352,3.684,-5.889,-5.791,4.052,6.113,-5.783,5.795
3.7100,6,0.959,-0.190,0.130,-5.916,6.150,4.943,6.163,6.353,3.685,-5.888,-5.790,4.054,6.114,-5.782,5.798
3.7200,6,0.960,-0.194,0.128,-5.916,6.151,4.946,6.164,6.354,3.685,-5.888,-5.789,4.056,6.115,-5.781,5.800
3.7300,6,0.961,-0.199,0.127,-5.915,6.151,4.949,6.165,6.356,3.686,-5.887,-5.788,4.058,6.115,-5.780,5.802
3.7400,6,0.961,-0.203,0.125,-5.915,6.152,4.951,6.166,6.357,3.686,-5.886,-5.788,4.060,6.116,-5.779,5.805
3.7500,6,0.962,-0.207,0.123,-5.915,6.152,4.954,6.167,6.358,3.687,-5.886,-5.787,4.063,6.116,-5.779,5.807
3.7600,6,0.963,-0.211,0.122,-5.914,6.153,4.957,6.167,6.359,3.687,-5.885,-5.786,4.065,6.117,-5.778,5.809
3.7700,6,0.964,-0.215,0.120,-5.914,6.153,4.959,6.168,6.360,3.687,-5.885,-5.786,4.067,6.117,-5.777,5.812
3.7800,6,0.965,-0.219,0.119,-5.913,6.154,4.962,6.169,6.361,3.688,-5.884,-5.785,4.069,6.118,-5.776,5.814
3.7900,6,0.966,-0.223,0.117,-5.913,6.154,4.964,6.170,6.363,3.688,-5.883,-5.784,4.071,6.118,-5.776,5.816
3.8000,6,0.968,-0.228,0.116,-5.912,6.155,4.967,6.171,6.364,3.689,-5.883,-5.783,4.073,6.119,-5.775,5.818
3.8100,6,0.969,-0.232,0.114,-5.912,6.155,4.969,6.172,6.365,3.689,-5.882,-5.783,4.075,6.120,-5.774,5.821
3.8200,6,0.970,-0.236,0.113,-5.912,6.156,4.972,6.173,6.366,3.690,-5.882,-5.782,4.077,6.120,-5.773,5.823
3.8300,6,0.971,-0.240,0.111,-5.911,6.156,4.975,6.173,6.367,3.690,-5.881,-5.781,4.079,6.121,-5.773,5.825
3.8400,6,0.973,-0.244,0.110,-5.911,6.157,4.977,6.174,6.369,3.691,-5.880,-5.780,4.082,6.121,-5.772,5.827
3.8500,6,0.974,-0.247,0.108,-5.910,6.158,4.980,6.175,6.370,3.691,-5.880,-5.780,4.084,6.122,-5.771,5.829
3.8600,6,0.975,-0.251,0.106,-5.910,6.158,4.982,6.176,6.371,3.692,-5.879,-5.779,4.086,6.122,-5.770,5.832
3.8700,6,0.977,-0.255,0.105,-5.909,6.159,4.984,6.177,6.372,3.692,-5.879,-5.778,4.088,6.123,-5.770,5.834
3.8800,6,0.978,-0.259,0.103,-5.909,6.159,4.987,6.178,6.373,3.692,-5.878,-5.777,4.090,6.124,-5.769,5.836
3.8900,6,0.980,-0.263,0.102,-5.909,6.160,4.989,6.179,6.374,3.693,-5.877,-5.777,4.092,6.124,-5.768,5.838
3.9000,6,0.981,-0.267,0.100,-5.908,6.160,4.992,6.179,6.376,3.693,-5.877,-5.776,4.094,6.125,-5.767,5.840
3.9100,6,0.983,-0.271,0.098,-5.908,6.161,4.994,6.180,6.377,3.694,-5.876,-5.775,4.096,6.125,-5.767,5.842
3.9200,6,0.985,-0.275,0.097,-5.907,6.161,4.997,6.181,6.378,3.694,-5.876,-5.775,4.098,6.126,-5.766,5.844
3.9300,6,0.986,-0.278,0.095,-5.907,6.162,4.999,6.182,6.379,3.695,-5.875,-5.774,4.100,6.126,-5.765,5.846
3.9400,6,0.988,-0.282,0.094,-5.906,6.162,5.001,6.183,6.380,3.695,-5.874,-5.773,4.102,6.127,-5.764,5.848
3.9500,6,0.990,-0.286,0.092,-5.906,6.163,5.004,6.184,6.381,3.696,-5.874,-5.772,4.104,6.128,-5.764,5.851
3.9600,6,0.992,-0.289,0.090,-5.905,6.163,5.006,6.185,6.383,3.696,-5.873,-5.772,4.106,6.128,-5.763,5.853
3.9700,6,0.994,-0.293,0.089,-5.905,6.164,5.009,6.185,6.384,3.697,-5.873,-5.771,4.108,6.129,-5.762,5.855
3.9800,6,0.996,-0.297,0.087,-5.905,6.164,5.011,6.186,6.385,3.697,-5.872,-5.770,4.110,6.129,-5.761,5.857
3.9900,6,0.998,-0.300,0.085,-5.904,6.165,5.013,6.187,6.386,3.698,-5.871,-5.769,4.112,6.130,-5.761,5.859
4.0000,6,1.000,-0.304,0.084,-5.904,6.166,5.016,6.188,6.387,3.698,-5.871,-5.769,4.114,6.131,-5.760,5.861
4.0100,6,1.002,-0.308,0.082,-5.903,6.166,5.018,6.189,6.388,3.698,-5.870,-5.768,4.116,6.131,-5.759,5.863
4.0200,6,1.004,-0.311,0.080,-5.903,6.167,5.020,6.190,6.389,3.699,-5.870,-5.767,4.118,6.132,-5.758,5.865
4.0300,6,1.006,-0.315,0.079,-5.902,6.167,5.022,6.191,6.391,3.699,-5.869,-5.767,4.119,6.132,-5.758,5.867
4.0400,6,1.008,-0.318,0.077,-5.902,6.168,5.025,6.192,6.392,3.700,-5.868,-5.766,4.121,6.133,-5.757,5.869
4.0500,6,1.010,-0.322,0.075,-5.901,6.168,5.027,6.193,6.393,3.700,-5.868,-5.765,4.123,6.134,-5.756,5.871
4.0600,6,1.013,-0.325,0.074,-5.901,6.169,5.029,6.193,6.394,3.701,-5.867,-5.764,4.125,6.134,-5.755,5.873
4.0700,6,1.015,-0.329,0.072,-5.900,6.169,5.032,6.194,6.395,3.701,-5.866,-5.764,4.127,6.135,-5.755,5.874
4.0800,6,1.017,-0.332,0.070,-5.900,6.170,5.034,6.195,6.396,3.702,-5.866,-5.763,4.129,6.135,-5.754,5.876
4.0900,6,1.020,-0.336,0.069,-5.900,6.170,5.036,6.196,6.398,3.702,-5.865,-5.762,4.131,6.136,-5.753,5.878
4.1000,6,1.022,-0.339,0.067,-5.899,6.171,5.038,6.197,6.399,3.703,-5.865,-5.762,4.133,6.137,-5.752,5.880
4.1100,6,1.025,-0.342,0.065,-5.899,6.171,5.040,6.198,6.400,3.703,-5.864,-5.761,4.135,6.137,-5.752,5.882
4.1200,6,1.027,-0.346,0.064,-5.898,6.172,5.043,6.199,6.401,3.704,-5.863,-5.760,4.137,6.138,-5.751,5.884
4.1300,6,1.030,-0.349,0.062,-5.898,6.172,5.045,6.200,6.402,3.704,-5.863,-5.759,4.138,6.138,-5.750,5.886
4.1400,6,1.033,-0.352,0.060,-5.897,6.173,5.047,6.201,6.403,3.705,-5.862,-5.759,4.140,6.139,-5.749,5.888
4.1500,6,1.035,-0.356,0.059,-5.897,6.173,5.049,6.202,6.404,3.705,-5.861,-5.758,4.142,6.140,-5.749,5.890
4.1600,6,1.038,-0.359,0.057,-5.896,6.174,5.051,6.202,6.406,3.706,-5.861,-5.757,4.144,6.140,-5.748,5.892
4.1700,6,1.041,-0.362,0.055,-5.896,6.174,5.054,6.203,6.407,3.706,-5.860,-5.757,4.146,6.141,-5.747,5.893
4.1800,6,1.044,-0.365,0.053,-5.895,6.175,5.056,6.204,6.408,3.707,-5.859,-5.756,4.148,6.141,-5.746,5.895
4.1900,6,1.047,-0.369,0.052,-5.895,6.175,5.058,6.205,6.409,3.707,-5.859,-5.755,4.150,6.142,-5.746,5.897
4.2000,6,1.049,-0.372,0.050,-5.895,6.176,5.060,6.206,6.410,3.708,-5.858,-5.754,4.151,6.143,-5.745,5.899
4.2100,6,1.052,-0.375,0.048,-5.894,6.177,5.062,6.207,6.411,3.708,-5.858,-5.754,4.153,6.143,-5.744,5.901
4.2200,6,1.055,-0.378,0.047,-5.894,6.177,5.064,6.208,6.412,3.709,-5.857,-5.753,4.155,6.144,-5.743,5.903
4.2300,6,1.058,-0.381,0.045,-5.893,6.178,5.066,6.209,6.414,3.709,-5.856,-5.752,4.157,6.144,-5.743,5.904
4.2400,6,1.061,-0.384,0.043,-5.893,6.178,5.068,6.210,6.415,3.710,-5.856,-5.752,4.159,6.145,-5.742,5.906
4.2500,6,1.065,-0.387,0.041,-5.892,6.179,5.071,6.211,6.416,3.710,-5.855,-5.751,4.160,6.146,-5.741,5.908
4.2600,6,1.068,-0.390,0.040,-5.892,6.179,5.073,6.212,6.417,3.711,-5.854,-5.750,4.162,6.146,-5.740,5.910
4.2700,6,1.071,-0.393,0.038,-5.891,6.180,5.075,6.213,6.418,3.711,-5.854,-5.749,4.164,6.147,-5.740,5.912
4.2800,6,1.074,-0.396,0.036,-5.891,6.180,5.077,6.214,6.419,3.712,-5.853,-5.749,4.166,6.147,-5.739,5.913
4.2900,6,1.077,-0.399,0.035,-5.890,6.181,5.079,6.215,6.420,3.712,-5.852,-5.748,4.168,6.148,-5.738,5.915
4.3000,6,1.081,-0.402,0.033,-5.890,6.181,5.081,6.215,6.422,3.713,-5.852,-5.747,4.169,6.149,-5.738,5.917
4.3100,6,1.084,-0.405,0.031,-5.889,6.182,5.083,6.216,6.423,3.713,-5.851,-5.747,4.171,6.149,-5.737,5.919
4.3200,6,1.087,-0.408,0.029,-5.889,6.182,5.085,6.217,6.424,3.714,-5.850,-5.746,4.173,6.150,-5.736,5.920
4.3300,6,1.091,-0.411,0.028,-5.888,6.183,5.087,6.218,6.425,3.714,-5.850,-5.745,4.175,6.151,-5.735,5.922
4.3400,6,1.094,-0.414,0.026,-5.888,6.183,5.089,6.219,6.426,3.715,-5.849,-5.744,4.177,6.151,-5.735,5.924
4.3500,6,1.098,-0.417,0.024,-5.887,6.184,5.091,6.220,6.427,3.715,-5.848,-5.744,4.178,6.152,-5.734,5.925
4.3600,6,1.101,-0.420,0.022,-5.887,6.184,5.093,6.221,6.428,3.716,-5.848,-5.743,4.180,6.152,-5.733,5.927
4.3700,6,1.105,-0.422,0.021,-5.886,6.185,5.095,6.222,6.429,3.716,-5.847,-5.742,4.182,6.153,-5.732,5.929
4.3800,6,1.108,-0.425,0.019,-5.886,6.185,5.097,6.223,6.431,3.717,-5.846,-5.742,4.184,6.154,-5.732,5.931
4.3900,6,1.112,-0.428,0.017,-5.885,6.186,5.099,6.224,6.432,3.717,-5.846,-5.741,4.185,6.154,-5.731,5.932
4.4000,6,1.116,-0.431,0.015,-5.885,6.186,5.101,6.225,6.433,3.718,-5.845,-5.740,4.187,6.155,-5.730,5.934
4.4100,6,1.120,-0.433,0.014,-5.885,6.187,5.103,6.226,6.434,3.718,-5.844,-5.740,4.189,6.156,-5.729,5.936
4.4200,6,1.123,-0.436,0.012,-5.884,6.187,5.105,6.227,6.435,3.719,-5.844,-5.739,4.191,6.156,-5.729,5.937
4.4300,6,1.127,-0.439,0.010,-5.884,6.188,5.107,6.228,6.436,3.720,-5.843,-5.738,4.192,6.157,-5.728,5.939
4.4400,6,1.131,-0.442,0.008,-5.883,6.188,5.109,6.229,6.437,3.720,-5.842,-5.737,4.194,6.157,-5.727,5.941
4.4500,6,1.135,-0.444,0.007,-5.883,6.189,5.111,6.230,6.438,3.721,-5.842,-5.737,4.196,6.158,-5.727,5.942
4.4600,6,1.139,-0.447,0.005,-5.882,6.189,5.113,6.231,6.439,3.721,-5.841,-5.736,4.197,6.159,-5.726,5.944
4.4700,6,1.143,-0.449,0.003,-5.882,6.190,5.115,6.232,6.441,3.722,-5.840,-5.735,4.199,6.159,-5.725,5.946
4.4800,6,1.146,-0.452,0.001,-5.881,6.190,5.117,6.233,6.442,3.722,-5.840,-5.735,4.201,6.160,-5.724,5.947
4.4900,6,1.150,-0.455,-0.000,-5.881,6.191,5.119,6.234,6.443,3.723,-5.839,-5.734,4.203,6.161,-5.724,5.949
4.5000,6,1.154,-0.457,-0.002,-5.880,6.191,5.121,6.235,6.444,3.723,-5.838,-5.733,4.204,6.161,-5.723,5.950
4.5100,6,1.159,-0.460,-0.004,-5.880,6.192,5.123,6.236,6.445,3.724,-5.837,-5.733,4.206,6.162,-5.722,5.952
4.5200,6,1.163,-0.462,-0.006,-5.879,6.192,5.124,6.237,6.446,3.724,-5.837,-5.732,4.208,6.163,-5.722,5.954
4.5300,6,1.167,-0.465,-0.007,-5.879,6.193,5.126,6.238,6.447,3.725,-5.836,-5.731,4.209,6.163,-5.721,5.955
4.5400,6,1.171,-0.467,-0.009,-5.878,6.193,5.128,6.239,6.448,3.725,-5.835,-5.731,4.211,6.164,-5.720,5.957
4.5500,6,1.175,-0.470,-0.011,-5.878,6.194,5.130,6.240,6.449,3.726,-5.835,-5.730,4.213,6.165,-5.719,5.958
4.5600,6,1.179,-0.472,-0.013,-5.877,6.194,5.132,6.241,6.450,3.726,-5.834,-5.729,4.214,6.165,-5.719,5.960
4.5700,6,1.183,-0.474,-0.014,-5.877,6.195,5.134,6.242,6.452,3.727,-5.833,-5.729,4.216,6.166,-5.718,5.962
4.5800,6,1.188,-0.477,-0.016,-5.876,6.195,5.136,6.243,6.453,3.728,-5.833,-5.728,4.218,6.167,-5.717,5.963
4.5900,6,1.192,-0.479,-0.018,-5.876,6.196,5.138,6.244,6.454,3.728,-5.832,-5.727,4.219,6.167,-5.716,5.965
4.6000,6,1.196,-0.482,-0.020,-5.875,6.196,5.139,6.245,6.455,3.729,-5.831,-5.726,4.221,6.168,-5.716,5.966
4.6100,6,1.201,-0.484,-0.021,-5.875,6.197,5.141,6.246,6.456,3.729,-5.830,-5.726,4.223,6.169,-5.715,5.968
4.6200,6,1.205,-0.486,-0.023,-5.874,6.197,5.143,6.247,6.457,3.730,-5.830,-5.725,4.224,6.169,-5.714,5.969
4.6300,6,1.209,-0.489,-0.025,-5.874,6.198,5.145,6.248,6.458,3.730,-5.829,-5.724,4.226,6.170,-5.714,5.971
4.6400,6,1.214,-0.491,-0.027,-5.873,6.198,5.147,6.249,6.459,3.731,-5.828,-5.724,4.228,6.171,-5.713,5.973
4.6500,6,1.218,-0.493,-0.028,-5.872,6.199,5.149,6.250,6.460,3.731,-5.828,-5.723,4.229,6.171,-5.712,5.974
4.6600,6,1.223,-0.495,-0.030,-5.872,6.199,5.150,6.251,6.461,3.732,-5.827,-5.722,4.231,6.172,-5.711,5.976
4.6700,6,1.227,-0.498,-0.032,-5.871,6.200,5.152,6.252,6.462,3.732,-5.826,-5.722,4.232,6.173,-5.711,5.977
4.6800,6,1.232,-0.500,-0.034,-5.871,6.200,5.154,6.253,6.464,3.733,-5.825,-5.721,4.234,6.173,-5.710,5.979
4.6900,6,1.236,-0.502,-0.035,-5.870,6.201,5.156,6.254,6.465,3.734,-5.825,-5.720,4.236,6.174,-5.709,5.980
4.7000,6,1.241,-0.504,-0.037,-5.870,6.201,5.158,6.255,6.466,3.734,-5.824,-5.720,4.237,6.175,-5.709,5.982
4.7100,6,1.245,-0.507,-0.039,-5.869,6.202,5.159,6.256,6.467,3.735,-5.823,-5.719,4.239,6.175,-5.708,5.983
4.7200,6,1.250,-0.509,-0.040,-5.869,6.202,5.161,6.257,6.468,3.735,-5.823,-5.718,4.241,6.176,-5.707,5.985
4.7300,6,1.255,-0.511,-0.042,-5.868,6.203,5.163,6.258,6.469,3.736,-5.822,-5.718,4.242,6.177,-5.707,5.986
4.7400,6,1.259,-0.513,-0.044,-5.868,6.203,5.165,6.259,6.470,3.736,-5.821,-5.717,4.244,6.177,-5.706,5.988
4.7500,6,1.264,-0.515,-0.046,-5.867,6.204,5.167,6.260,6.471,3.737,-5.820,-5.716,4.245,6.178,-5.705,5.989
4.7600,6,1.268,-0.517,-0.047,-5.867,6.204,5.168,6.261,6.472,3.737,-5.820,-5.716,4.247,6.179,-5.704,5.991
4.7700,6,1.273,-0.519,-0.049,-5.866,6.205,5.170,6.262,6.473,3.738,-5.819,-5.715,4.249,6.179,-5.704,5.992
4.7800,6,1.278,-0.521,-0.051,-5.866,6.205,5.172,6.264,6.474,3.739,-5.818,-5.714,4.250,6.180,-5.703,5.994
4.7900,6,1.283,-0.523,-0.052,-5.865,6.206,5.174,6.265,6.475,3.739,-5.817,-5.714,4.252,6.181,-5.702,5.995
4.8000,6,1.287,-0.525,-0.054,-5.865,6.206,5.175,6.266,6.476,3.740,-5.817,-5.713,4.253,6.181,-5.702,5.997
4.8100,6,1.292,-0.527,-0.056,-5.864,6.207,5.177,6.267,6.477,3.740,-5.816,-5.712,4.255,6.182,-5.701,5.998
4.8200,6,1.297,-0.529,-0.058,-5.864,6.207,5.179,6.268,6.478,3.741,-5.815,-5.712,4.257,6.183,-5.700,6.000
4.8300,6,1.302,-0.531,-0.059,-5.863,6.208,5.181,6.269,6.480,3.741,-5.814,-5.711,4.258,6.184,-5.700,6.001
4.8400,6,1.306,-0.533,-0.061,-5.862,6.208,5.182,6.270,6.481,3.742,-5.814,-5.710,4.260,6.184,-5.699,6.002
4.8500,6,1.311,-0.535,-0.063,-5.862,6.209,5.184,6.271,6.482,3.742,-5.813,-5.710,4.261,6.185,-5.698,6.004
4.8600,6,1.316,-0.537,-0.064,-5.861,6.209,5.186,6.272,6.483,3.743,-5.812,-5.709,4.263,6.186,-5.697,6.005
4.8700,6,1.321,-0.539,-0.066,-5.861,6.210,5.188,6.273,6.484,3.744,-5.811,-5.708,4.264,6.186,-5.697,6.007
4.8800,6,1.326,-0.541,-0.068,-5.860,6.210,5.189,6.274,6.485,3.744,-5.811,-5.708,4.266,6.187,-5.696,6.008
4.8900,6,1.331,-0.543,-0.069,-5.860,6.211,5.191,6.275,6.486,3.745,-5.810,-5.707,4.267,6.188,-5.695,6.010
4.9000,6,1.335,-0.545,-0.071,-5.859,6.211,5.193,6.277,6.487,3.745,-5.809,-5.706,4.269,6.188,-5.695,6.011
4.9100,6,1.340,-0.547,-0.073,-5.859,6.212,5.194,6.278,6.488,3.746,-5.808,-5.706,4.271,6.189,-5.694,6.012
4.9200,6,1.345,-0.548,-0.074,-5.858,6.212,5.196,6.279,6.489,3.746,-5.807,-5.705,4.272,6.190,-5.693,6.014
4.9300,6,1.350,-0.550,-0.076,-5.857,6.213,5.198,6.280,6.490,3.747,-5.807,-5.705,4.274,6.191,-5.693,6.015
4.9400,6,1.355,-0.552,-0.078,-5.857,6.213,5.199,6.281,6.491,3.748,-5.806,-5.704,4.275,6.191,-5.692,6.017
4.9500,6,1.360,-0.554,-0.079,-5.856,6.214,5.201,6.282,6.492,3.748,-5.805,-5.703,4.277,6.192,-5.691,6.018
4.9600,6,1.365,-0.556,-0.081,-5.856,6.214,5.203,6.283,6.493,3.749,-5.804,-5.703,4.278,6.193,-5.691,6.020
4.9700,6,1.370,-0.557,-0.083,-5.855,6.215,5.204,6.284,6.494,3.749,-5.804,-5.702,4.280,6.194,-5.690,6.021
4.9800,6,1.375,-0.559,-0.084,-5.855,6.215,5.206,6.286,6.495,3.750,-5.803,-5.701,4.281,6.194,-5.689,6.022
4.9900,6,1.380,-0.561,-0.086,-5.854,6.216,5.208,6.287,6.496,3.750,-5.802,-5.701,4.283,6.195,-5.688,6.024
5.0000,6,1.384,-0.563,-0.088,-5.854,6.216,5.209,6.288,6.497,3.751,-5.801,-5.700,4.284,6.196,-5.688,6.025
5.0100,6,1.389,-0.564,-0.089,-5.853,6.216,5.211,6.289,6.498,3.752,-5.800,-5.699,4.286,6.196,-5.687,6.026
5.0200,6,1.394,-0.566,-0.091,-5.852,6.217,5.213,6.290,6.499,3.752,-5.800,-5.699,4.287,6.197,-5.686,6.028
5.0300,6,1.399,-0.568,-0.093,-5.852,6.217,5.214,6.291,6.500,3.753,-5.799,-5.698,4.289,6.198,-5.686,6.029
5.0400,6,1.404,-0.569,-0.094,-5.851,6.218,5.216,6.292,6.501,3.753,-5.798,-5.698,4.290,6.199,-5.685,6.031
5.0500,6,1.409,-0.571,-0.096,-5.851,6.218,5.218,6.294,6.502,3.754,-5.797,-5.697,4.292,6.199,-5.684,6.032
5.0600,6,1.414,-0.573,-0.097,-5.850,6.219,5.219,6.295,6.503,3.754,-5.796,-5.696,4.293,6.200,-5.684,6.033
5.0700,6,1.419,-0.574,-0.099,-5.850,6.219,5.221,6.296,6.504,3.755,-5.796,-5.696,4.295,6.201,-5.683,6.035
5.0800,6,1.424,-0.576,-0.101,-5.849,6.220,5.222,6.297,6.505,3.755,-5.795,-5.695,4.296,6.202,-5.682,6.036
5.0900,6,1.429,-0.578,-0.102,-5.848,6.220,5.224,6.298,6.506,3.756,-5.794,-5.694,4.298,6.202,-5.682,6.037
5.1000,6,1.434,-0.579,-0.104,-5.848,6.221,5.226,6.299,6.507,3.757,-5.793,-5.694,4.299,6.203,-5.681,6.039
5.1100,6,1.439,-0.581,-0.105,-5.847,6.221,5.227,6.301,6.508,3.757,-5.792,-5.693,4.301,6.204,-5.680,6.040
5.1200,6,1.444,-0.582,-0.107,-5.847,6.222,5.229,6.302,6.509,3.758,-5.791,-5.692,4.302,6.205,-5.680,6.041
5.1300,6,1.449,-0.584,-0.109,-5.846,6.222,5.230,6.303,6.510,3.758,-5.791,-5.692,4.304,6.205,-5.679,6.043
5.1400,6,1.453,-0.586,-0.110,-5.845,6.223,5.232,6.304,6.511,3.759,-5.790,-5.691,4.305,6.206,-5.678,6.044
5.1500,6,1.458,-0.587,-0.112,-5.845,6.223,5.234,6.305,6.512,3.759,-5.789,-5.691,4.307,6.207,-5.678,6.045
5.1600,6,1.463,-0.589,-0.113,-5.844,6.223,5.235,6.307,6.513,3.760,-5.788,-5.690,4.308,6.208,-5.677,6.047
5.1700,6,1.468,-0.590,-0.115,-5.844,6.224,5.237,6.308,6.514,3.761,-5.787,-5.689,4.310,6.209,-5.676,6.048
5.1800,6,1.473,-0.592,-0.116,-5.843,6.224,5.238,6.309,6.515,3.761,-5.786,-5.689,4.311,6.209,-5.676,6.049
5.1900,6,1.478,-0.593,-0.118,-5.842,6.225,5.240,6.310,6.516,3.762,-5.786,-5.688,4.313,6.210,-5.675,6.051
5.2000,6,1.483,-0.595,-0.120,-5.842,6.225,5.241,6.311,6.517,3.762,-5.785,-5.688,4.314,6.211,-5.674,6.052
5.2100,6,1.487,-0.596,-0.121,-5.841,6.226,5.243,6.313,6.518,3.763,-5.784,-5.687,4.316,6.212,-5.674,6.053
5.2200,6,1.492,-0.598,-0.123,-5.841,6.226,5.245,6.314,6.519,3.763,-5.783,-5.686,4.317,6.212,-5.673,6.054
5.2300,6,1.497,-0.599,-0.124,-5.840,6.227,5.246,6.315,6.520,3.764,-5.782,-5.686,4.319,6.213,-5.672,6.056
5.2400,6,1.502,-0.601,-0.126,-5.839,6.227,5.248,6.316,6.521,3.765,-5.781,-5.685,4.320,6.214,-5.672,6.057
5.2500,6,1.507,-0.602,-0.127,-5.839,6.228,5.249,6.318,6.522,3.765,-5.780,-5.684,4.321,6.215,-5.671,6.058
5.2600,6,1.511,-0.603,-0.129,-5.838,6.228,5.251,6.319,6.523,3.766,-5.780,-5.684,4.323,6.216,-5.670,6.060
5.2700,6,1.516,-0.605,-0.130,-5.838,6.228,5.252,6.320,6.524,3.766,-5.779,-5.683,4.324,6.216,-5.670,6.061
5.2800,6,1.521,-0.606,-0.132,-5.837,6.229,5.254,6.321,6.525,3.767,-5.778,-5.683,4.326,6.217,-5.669,6.062
5.2900,6,1.526,-0.608,-0.133,-5.836,6.229,5.255,6.322,6.526,3.767,-5.777,-5.682,4.327,6.218,-5.669,6.063
5.3000,6,1.530,-0.609,-0.135,-5.836,6.230,5.257,6.324,6.527,3.768,-5.776,-5.681,4.329,6.219,-5.668,6.065
5.3100,6,1.535,-0.611,-0.136,-5.835,6.230,5.258,6.325,6.528,3.768,-5.775,-5.681,4.330,6.220,-5.667,6.066
5.3200,6,1.540,-0.612,-0.138,-5.834,6.231,5.260,6.326,6.529,3.769,-5.774,-5.680,4.331,6.220,-5.667,6.067
5.3300,6,1.544,-0.613,-0.139,-5.834,6.231,5.261,6.328,6.530,3.770,-5.773,-5.680,4.333,6.221,-5.666,6.068
5.3400,6,1.549,-0.615,-0.140,-5.833,6.232,5.263,6.329,6.531,3.770,-5.773,-5.679,4.334,6.222,-5.665,6.070
5.3500,6,1.554,-0.616,-0.142,-5.833,6.232,5.264,6.330,6.532,3.771,-5.772,-5.678,4.336,6.223,-5.665,6.071
5.3600,6,1.558,-0.617,-0.143,-5.832,6.233,5.266,6.331,6.533,3.771,-5.771,-5.678,4.337,6.224,-5.664,6.072
5.3700,6,1.563,-0.619,-0.145,-5.831,6.233,5.267,6.333,6.534,3.772,-5.770,-5.677,4.338,6.224,-5.663,6.073
5.3800,6,1.567,-0.620,-0.146,-5.831,6.233,5.269,6.334,6.535,3.772,-5.769,-5.677,4.340,6.225,-5.663,6.075
5.3900,6,1.572,-0.621,-0.148,-5.830,6.234,5.270,6.335,6.536,3.773,-5.768,-5.676,4.341,6.226,-5.662,6.076
5.4000,6,1.576,-0.623,-0.149,-5.829,6.234,5.272,6.337,6.536,3.773,-5.767,-5.676,4.343,6.227,-5.661,6.077
5.4100,6,1.581,-0.624,-0.150,-5.829,6.235,5.273,6.338,6.537,3.774,-5.766,-5.675,4.344,6.228,-5.661,6.078
5.4200,6,1.585,-0.625,-0.152,-5.828,6.235,5.275,6.339,6.538,3.775,-5.765,-5.674,4.345,6.229,-5.660,6.079
5.4300,6,1.590,-0.627,-0.153,-5.827,6.236,5.276,6.341,6.539,3.775,-5.764,-5.674,4.347,6.229,-5.660,6.081
5.4400,6,1.594,-0.628,-0.155,-5.827,6.236,5.278,6.342,6.540,3.776,-5.763,-5.673,4.348,6.230,-5.659,6.082
5.4500,6,1.599,-0.629,-0.156,-5.826,6.236,5.279,6.343,6.541,3.776,-5.763,-5.673,4.350,6.231,-5.658,6.083
5.4600,6,1.603,-0.631,-0.157,-5.825,6.237,5.281,6.345,6.542,3.777,-5.762,-5.672,4.351,6.232,-5.658,6.084
5.4700,6,1.607,-0.632,-0.159,-5.825,6.237,5.282,6.346,6.543,3.777,-5.761,-5.672,4.352,6.233,-5.657,6.086
5.4800,6,1.611,-0.633,-0.160,-5.824,6.238,5.283,6.347,6.544,3.778,-5.760,-5.671,4.354,6.234,-5.656,6.087
5.4900,6,1.616,-0.634,-0.161,-5.824,6.238,5.285,6.349,6.545,3.778,-5.759,-5.670,4.355,6.234,-5.656,6.088
5.5000,6,1.620,-0.636,-0.163,-5.823,6.239,5.286,6.350,6.546,3.779,-5.758,-5.670,4.356,6.235,-5.655,6.089
5.5100,6,1.624,-0.637,-0.164,-5.822,6.239,5.288,6.351,6.547,3.779,-5.757,-5.669,4.358,6.236,-5.655,6.090
5.5200,6,1.628,-0.638,-0.165,-5.821,6.239,5.289,6.353,6.548,3.780,-5.756,-5.669,4.359,6.237,-5.654,6.091
5.5300,6,1.632,-0.639,-0.167,-5.821,6.240,5.291,6.354,6.548,3.781,-5.755,-5.668,4.360,6.238,-5.653,6.093
5.5400,6,1.636,-0.641,-0.168,-5.820,6.240,5.292,6.355,6.549,3.781,-5.754,-5.668,4.362,6.239,-5.653,6.094
5.5500,6,1.641,-0.642,-0.169,-5.819,6.241,5.293,6.357,6.550,3.782,-5.753,-5.667,4.363,6.240,-5.652,6.095
5.5600,6,1.645,-0.643,-0.170,-5.819,6.241,5.295,6.358,6.551,3.782,-5.752,-5.666,4.364,6.240,-5.651,6.096
5.5700,6,1.649,-0.644,-0.172,-5.818,6.242,5.296,6.360,6.552,3.783,-5.751,-5.666,4.366,6.241,-5.651,6.097
5.5800,6,1.652,-0.645,-0.173,-5.817,6.242,5.298,6.361,6.553,3.783,-5.750,-5.665,4.367,6.242,-5.650,6.098
5.5900,6,1.656,-0.647,-0.174,-5.817,6.242,5.299,6.362,6.554,3.784,-5.749,-5.665,4.368,6.243,-5.650,6.100
5.6000,6,1.660,-0.648,-0.176,-5.816,6.243,5.300,6.364,6.555,3.784,-5.748,-5.664,4.370,6.244,-5.649,6.101
5.6100,6,1.664,-0.649,-0.177,-5.815,6.243,5.302,6.365,6.556,3.785,-5.747,-5.664,4.371,6.245,-5.648,6.102
5.6200,6,1.668,-0.650,-0.178,-5.815,6.244,5.303,6.367,6.557,3.785,-5.746,-5.663,4.372,6.246,-5.648,6.103
5.6300,6,1.672,-0.652,-0.179,-5.814,6.244,5.304,6.368,6.557,3.786,-5.745,-5.663,4.374,6.247,-5.647,6.104
5.6400,6,1.675,-0.653,-0.180,-5.813,6.245,5.306,6.369,6.558,3.786,-5.744,-5.662,4.375,6.248,-5.647,6.105
5.6500,6,1.679,-0.654,-0.182,-5.813,6.245,5.307,6.371,6.559,3.787,-5.743,-5.661,4.376,6.248,-5.646,6.106
5.6600,6,1.683,-0.655,-0.183,-5.812,6.245,5.309,6.372,6.560,3.788,-5.742,-5.661,4.378,6.249,-5.645,6.108
5.6700,6,1.686,-0.656,-0.184,-5.811,6.246,5.310,6.374,6.561,3.788,-5.741,-5.660,4.379,6.250,-5.645,6.109
5.6800,6,1.690,-0.657,-0.185,-5.810,6.246,5.311,6.375,6.562,3.789,-5.740,-5.660,4.380,6.251,-5.644,6.110
5.6900,6,1.693,-0.659,-0.186,-5.810,6.247,5.313,6.377,6.563,3.789,-5.739,-5.659,4.382,6.252,-5.644,6.111
5.7000,6,1.697,-0.660,-0.188,-5.809,6.247,5.314,6.378,6.564,3.790,-5.738,-5.659,4.383,6.253,-5.643,6.112
5.7100,6,1.700,-0.661,-0.189,-5.808,6.247,5.315,6.379,6.564,3.790,-5.737,-5.658,4.384,6.254,-5.642,6.113
5.7200,6,1.704,-0.662,-0.190,-5.808,6.248,5.317,6.381,6.565,3.791,-5.736,-5.658,4.385,6.255,-5.642,6.114
5.7300,6,1.707,-0.663,-0.191,-5.807,6.248,5.318,6.382,6.566,3.791,-5.735,-5.657,4.387,6.256,-5.641,6.115
5.7400,6,1.710,-0.664,-0.192,-5.806,6.249,5.319,6.384,6.567,3.792,-5.734,-5.657,4.388,6.257,-5.641,6.116
5.7500,6,1.714,-0.666,-0.193,-5.805,6.249,5.321,6.385,6.568,3.792,-5.733,-5.656,4.389,6.258,-5.640,6.117
5.7600,6,1.717,-0.667,-0.194,-5.805,6.249,5.322,6.387,6.569,3.793,-5.732,-5.656,4.390,6.259,-5.639,6.119
5.7700,6,1.720,-0.668,-0.195,-5.804,6.250,5.323,6.388,6.570,3.793,-5.731,-5.655,4.392,6.259,-5.639,6.120
5.7800,6,1.723,-0.669,-0.197,-5.803,6.250,5.325,6.390,6.570,3.794,-5.730,-5.654,4.393,6.260,-5.638,6.121
5.7900,6,1.726,-0.670,-0.198,-5.802,6.251,5.326,6.391,6.571,3.794,-5.729,-5.654,4.394,6.261,-5.638,6.122
5.8000,6,1.729,-0.671,-0.199,-5.802,6.251,5.327,6.393,6.572,3.795,-5.728,-5.653,4.396,6.262,-5.637,6.123
5.8100,6,1.732,-0.673,-0.200,-5.801,6.251,5.328,6.394,6.573,3.795,-5.727,-5.653,4.397,6.263,-5.636,6.124
5.8200,6,1.735,-0.674,-0.201,-5.800,6.252,5.330,6.396,6.574,3.796,-5.726,-5.652,4.398,6.264,-5.636,6.125
5.8300,6,1.738,-0.675,-0.202,-5.800,6.252,5.331,6.397,6.575,3.796,-5.725,-5.652,4.399,6.265,-5.635,6.126
5.8400,6,1.741,-0.676,-0.203,-5.799,6.253,5.332,6.399,6.575,3.797,-5.724,-5.651,4.400,6.266,-5.635,6.127
5.8500,6,1.743,-0.677,-0.204,-5.798,6.253,5.334,6.400,6.576,3.797,-5.723,-5.651,4.402,6.267,-5.634,6.128
5.8600,6,1.746,-0.678,-0.205,-5.797,6.253,5.335,6.402,6.577,3.798,-5.721,-5.650,4.403,6.268,-5.634,6.129
5.8700,6,1.749,-0.680,-0.206,-5.797,6.254,5.336,6.404,6.578,3.798,-5.720,-5.650,4.404,6.269,-5.633,6.130
5.8800,6,1.751,-0.681,-0.207,-5.796,6.254,5.337,6.405,6.579,3.799,-5.719,-5.649,4.405,6.270,-5.632,6.131
5.8900,6,1.754,-0.682,-0.208,-5.795,6.255,5.339,6.407,6.580,3.799,-5.718,-5.649,4.407,6.271,-5.632,6.132
5.9000,6,1.756,-0.683,-0.209,-5.794,6.255,5.340,6.408,6.580,3.800,-5.717,-5.648,4.408,6.272,-5.631,6.133
5.9100,6,1.759,-0.684,-0.210,-5.793,6.255,5.341,6.410,6.581,3.800,-5.716,-5.648,4.409,6.273,-5.631,6.134
5.9200,6,1.761,-0.685,-0.211,-5.793,6.256,5.342,6.411,6.582,3.801,-5.715,-5.647,4.410,6.274,-5.630,6.135
5.9300,6,1.764,-0.686,-0.212,-5.792,6.256,5.344,6.413,6.583,3.801,-5.714,-5.647,4.411,6.275,-5.630,6.136
5.9400,6,1.766,-0.688,-0.213,-5.791,6.256,5.345,6.415,6.584,3.802,-5.713,-5.646,4.413,6.276,-5.629,6.137
5.9500,6,1.768,-0.689,-0.213,-5.790,6.257,5.346,6.416,6.584,3.802,-5.712,-5.646,4.414,6.277,-5.628,6.138
5.9600,6,1.770,-0.690,-0.214,-5.790,6.257,5.347,6.418,6.585,3.803,-5.710,-5.645,4.415,6.278,-5.628,6.139
5.9700,6,1.772,-0.691,-0.215,-5.789,6.258,5.349,6.419,6.586,3.803,-5.709,-5.645,4.416,6.279,-5.627,6.140
5.9800,6,1.774,-0.692,-0.216,-5.788,6.258,5.350,6.421,6.587,3.804,-5.708,-5.644,4.417,6.280,-5.627,6.141
5.9900,6,1.776,-0.693,-0.217,-5.787,6.258,5.351,6.423,6.588,3.804,-5.707,-5.644,4.418,6.281,-5.626,6.142
6.0000,6,1.778,-0.694,-0.218,-5.786,6.259,5.352,6.424,6.588,3.805,-5.706,-5.643,4.420,6.282,-5.626,6.143
6.0100,6,1.780,-0.696,-0.219,-5.786,6.259,5.353,6.426,6.589,3.805,-5.705,-5.643,4.421,6.283,-5.625,6.144
6.0200,6,1.782,-0.697,-0.220,-5.785,6.260,5.355,6.427,6.590,3.806,-5.704,-5.642,4.422,6.284,-5.625,6.145
6.0300,6,1.784,-0.698,-0.220,-5.784,6.260,5.356,6.429,6.591,3.806,-5.703,-5.642,4.423,6.285,-5.624,6.146
6.0400,6,1.785,-0.699,-0.221,-5.783,6.260,5.357,6.431,6.591,3.806,-5.701,-5.641,4.424,6.286,-5.623,6.147
6.0500,6,1.787,-0.700,-0.222,-5.782,6.261,5.358,6.432,6.592,3.807,-5.700,-5.641,4.425,6.287,-5.623,6.148
6.0600,6,1.789,-0.701,-0.223,-5.782,6.261,5.359,6.434,6.593,3.807,-5.699,-5.641,4.427,6.288,-5.622,6.149
6.0700,6,1.790,-0.703,-0.224,-5.781,6.261,5.360,6.436,6.594,3.808,-5.698,-5.640,4.428,6.289,-5.622,6.150
6.0800,6,1.792,-0.704,-0.224,-5.780,6.262,5.362,6.437,6.595,3.808,-5.697,-5.640,4.429,6.290,-5.621,6.151
6.0900,6,1.793,-0.705,-0.225,-5.779,6.262,5.363,6.439,6.595,3.809,-5.696,-5.639,4.430,6.291,-5.621,6.152
6.1000,6,1.794,-0.706,-0.226,-5.778,6.262,5.364,6.441,6.596,3.809,-5.694,-5.639,4.431,6.292,-5.620,6.153
6.1100,6,1.795,-0.707,-0.227,-5.778,6.263,5.365,6.442,6.597,3.810,-5.693,-5.638,4.432,6.293,-5.620,6.154
6.1200,6,1.797,-0.708,-0.227,-5.777,6.263,5.366,6.444,6.598,3.810,-5.692,-5.638,4.433,6.294,-5.619,6.155
6.1300,6,1.798,-0.710,-0.228,-5.776,6.264,5.367,6.446,6.598,3.811,-5.691,-5.637,4.434,6.295,-5.619,6.156
6.1400,6,1.799,-0.711,-0.229,-5.775,6.264,5.368,6.448,6.599,3.811,-5.690,-5.637,4.435,6.296,-5.618,6.157
6.1500,6,1.800,-0.712,-0.230,-5.774,6.264,5.370,6.449,6.600,3.811,-5.688,-5.636,4.437,6.297,-5.617,6.158
6.1600,6,1.801,-0.713,-0.230,-5.773,6.265,5.371,6.451,6.601,3.812,-5.687,-5.636,4.438,6.298,-5.617,6.159
6.1700,6,1.802,-0.714,-0.231,-5.773,6.265,5.372,6.453,6.601,3.812,-5.686,-5.635,4.439,6.299,-5.616,6.159
6.1800,6,1.802,-0.716,-0.232,-5.772,6.265,5.373,6.454,6.602,3.813,-5.685,-5.635,4.440,6.301,-5.616,6.160
6.1900,6,1.803,-0.717,-0.232,-5.771,6.266,5.374,6.456,6.603,3.813,-5.684,-5.635,4.441,6.302,-5.615,6.161
6.2000,6,1.804,-0.718,-0.233,-5.770,6.266,5.375,6.458,6.604,3.814,-5.682,-5.634,4.442,6.303,-5.615,6.162
6.2100,6,1.805,-0.719,-0.233,-5.769,6.266,5.376,6.460,6.604,3.814,-5.681,-5.634,4.443,6.304,-5.614,6.163
6.2200,6,1.805,-0.720,-0.234,-5.768,6.267,5.377,6.461,6.605,3.814,-5.680,-5.633,4.444,6.305,-5.614,6.164
6.2300,6,1.806,-0.722,-0.235,-5.767,6.267,5.378,6.463,6.606,3.815,-5.679,-5.633,4.445,6.306,-5.613,6.165
6.2400,6,1.806,-0.723,-0.235,-5.767,6.267,5.380,6.465,6.606,3.815,-5.678,-5.632,4.446,6.307,-5.613,6.166
6.2500,6,1.806,-0.724,-0.236,-5.766,6.268,5.381,6.467,6.607,3.816,-5.676,-5.632,4.447,6.308,-5.612,6.167
6.2600,6,1.807,-0.725,-0.236,-5.765,6.268,5.382,6.468,6.608,3.816,-5.675,-5.631,4.448,6.309,-5.612,6.167
6.2700,6,1.807,-0.726,-0.237,-5.764,6.268,5.383,6.470,6.609,3.817,-5.674,-5.631,4.449,6.310,-5.611,6.168
6.2800,6,1.807,-0.728,-0.238,-5.763,6.269,5.384,6.472,6.609,3.817,-5.673,-5.631,4.450,6.311,-5.611,6.169
6.2900,6,1.807,-0.729,-0.238,-5.762,6.269,5.385,6.474,6.610,3.817,-5.671,-5.630,4.451,6.312,-5.610,6.170
6.3000,6,1.807,-0.730,-0.239,-5.761,6.269,5.386,6.476,6.611,3.818,-5.670,-5.630,4.452,6.314,-5.610,6.171
6.3100,6,1.807,-0.731,-0.239,-5.761,6.270,5.387,6.477,6.611,3.818,-5.669,-5.629,4.454,6.315,-5.609,6.172
6.3200,6,1.807,-0.733,-0.240,-5.760,6.270,5.388,6.479,6.612,3.819,-5.668,-5.629,4.455,6.316,-5.609,6.173
6.3300,6,1.807,-0.734,-0.240,-5.759,6.270,5.389,6.481,6.613,3.819,-5.666,-5.628,4.456,6.317,-5.608,6.173
6.3400,6,1.806,-0.735,-0.241,-5.758,6.271,5.390,6.483,6.613,3.819,-5.665,-5.628,4.457,6.318,-5.608,6.174
6.3500,6,1.806,-0.736,-0.241,-5.757,6.271,5.391,6.485,6.614,3.820,-5.664,-5.628,4.458,6.319,-5.607,6.175
6.3600,6,1.806,-0.738,-0.242,-5.756,6.271,5.392,6.486,6.615,3.820,-5.662,-5.627,4.459,6.320,-5.607,6.176
6.3700,6,1.805,-0.739,-0.242,-5.755,6.272,5.393,6.488,6.616,3.821,-5.661,-5.627,4.460,6.321,-5.606,6.177
6.3800,6,1.805,-0.740,-0.242,-5.754,6.272,5.394,6.490,6.616,3.821,-5.660,-5.626,4.461,6.323,-5.606,6.177
6.3900,6,1.804,-0.742,-0.243,-5.753,6.272,5.395,6.492,6.617,3.821,-5.659,-5.626,4.462,6.324,-5.605,6.178
6.4000,6,1.803,-0.743,-0.243,-5.753,6.273,5.396,6.494,6.618,3.822,-5.657,-5.626,4.462,6.325,-5.605,6.179
6.4100,6,1.803,-0.744,-0.244,-5.752,6.273,5.397,6.496,6.618,3.822,-5.656,-5.625,4.463,6.326,-5.604,6.180
6.4200,6,1.802,-0.745,-0.244,-5.751,6.273,5.398,6.498,6.619,3.822,-5.655,-5.625,4.464,6.327,-5.604,6.181
6.4300,6,1.801,-0.747,-0.244,-5.750,6.274,5.399,6.499,6.620,3.823,-5.653,-5.624,4.465,6.328,-5.603,6.181
6.4400,6,1.800,-0.748,-0.245,-5.749,6.274,5.400,6.501,6.620,3.823,-5.652,-5.624,4.466,6.329,-5.603,6.182
6.4500,6,1.799,-0.749,-0.245,-5.748,6.274,5.401,6.503,6.621,3.824,-5.651,-5.623,4.467,6.331,-5.602,6.183
6.4600,6,1.798,-0.751,-0.245,-5.747,6.275,5.402,6.505,6.622,3.824,-5.649,-5.623,4.468,6.332,-5.602,6.184
6.4700,6,1.797,-0.752,-0.246,-5.746,6.275,5.403,6.507,6.622,3.824,-5.648,-5.623,4.469,6.333,-5.601,6.185
6.4800,6,1.796,-0.753,-0.246,-5.745,6.275,5.404,6.509,6.623,3.825,-5.647,-5.622,4.470,6.334,-5.601,6.185
6.4900,6,1.794,-0.755,-0.246,-5.744,6.276,5.405,6.511,6.623,3.825,-5.645,-5.622,4.471,6.335,-5.600,6.186
6.5000,6,1.793,-0.756,-0.247,-5.743,6.276,5.406,6.513,6.624,3.825,-5.644,-5.622,4.472,6.336,-5.600,6.187
6.5100,6,1.791,-0.757,-0.247,-5.742,6.276,5.407,6.515,6.625,3.826,-5.643,-5.621,4.473,6.338,-5.599,6.188
6.5200,6,1.790,-0.759,-0.247,-5.741,6.277,5.408,6.517,6.625,3.826,-5.641,-5.621,4.474,6.339,-5.599,6.188
6.5300,6,1.788,-0.760,-0.248,-5.741,6.277,5.409,6.519,6.626,3.826,-5.640,-5.620,4.475,6.340,-5.598,6.189
6.5400,6,1.787,-0.761,-0.248,-5.740,6.277,5.410,6.520,6.627,3.827,-5.639,-5.620,4.476,6.341,-5.598,6.190
6.5500,6,1.785,-0.763,-0.248,-5.739,6.278,5.410,6.522,6.627,3.827,-5.637,-5.620,4.476,6.342,-5.597,6.190
6.5600,6,1.783,-0.764,-0.248,-5.738,6.278,5.411,6.524,6.628,3.827,-5.636,-5.619,4.477,6.344,-5.597,6.191
6.5700,6,1.781,-0.766,-0.248,-5.737,6.278,5.412,6.526,6.629,3.828,-5.635,-5.619,4.478,6.345,-5.596,6.192
6.5800,6,1.779,-0.767,-0.249,-5.736,6.278,5.413,6.528,6.629,3.828,-5.633,-5.618,4.479,6.346,-5.596,6.193
6.5900,6,1.777,-0.768,-0.249,-5.735,6.279,5.414,6.530,6.630,3.828,-5.632,-5.618,4.480,6.347,-5.596,6.193
6.6000,6,1.775,-0.770,-0.249,-5.734,6.279,5.415,6.532,6.630,3.829,-5.630,-5.618,4.481,6.348,-5.595,6.194
6.6100,6,1.773,-0.771,-0.249,-5.733,6.279,5.416,6.534,6.631,3.829,-5.629,-5.617,4.482,6.350,-5.595,6.195
6.6200,6,1.771,-0.772,-0.249,-5.732,6.280,5.417,6.536,6.632,3.829,-5.628,-5.617,4.483,6.351,-5.594,6.195
6.6300,6,1.769,-0.774,-0.249,-5.731,6.280,5.418,6.538,6.632,3.830,-5.626,-5.617,4.483,6.352,-5.594,6.196
6.6400,6,1.766,-0.775,-0.249,-5.730,6.280,5.418,6.540,6.633,3.830,-5.625,-5.616,4.484,6.353,-5.593,6.197
6.6500,6,1.764,-0.777,-0.250,-5.729,6.281,5.419,6.542,6.633,3.830,-5.623,-5.616,4.485,6.355,-5.593,6.197
6.6600,6,1.761,-0.778,-0.250,-5.728,6.281,5.420,6.544,6.634,3.831,-5.622,-5.616,4.486,6.356,-5.592,6.198
6.6700,6,1.759,-0.780,-0.250,-5.727,6.281,5.421,6.546,6.635,3.831,-5.621,-5.615,4.487,6.357,-5.592,6.199
6.6800,6,1.756,-0.781,-0.250,-5.726,6.281,5.422,6.548,6.635,3.831,-5.619,-5.615,4.488,6.358,-5.591,6.199
6.6900,6,1.754,-0.783,-0.250,-5.725,6.282,5.423,6.550,6.636,3.831,-5.618,-5.614,4.488,6.359,-5.591,6.200
6.7000,6,1.751,-0.784,-0.250,-5.724,6.282,5.423,6.552,6.636,3.832,-5.616,-5.614,4.489,6.361,-5.591,6.201
6.7100,6,1.748,-0.785,-0.250,-5.723,6.282,5.424,6.554,6.637,3.832,-5.615,-5.614,4.490,6.362,-5.590,6.201
6.7200,6,1.745,-0.787,-0.250,-5.722,6.283,5.425,6.556,6.638,3.832,-5.614,-5.613,4.491,6.363,-5.590,6.202
6.7300,6,1.742,-0.788,-0.250,-5.721,6.283,5.426,6.558,6.638,3.833,-5.612,-5.613,4.492,6.364,-5.589,6.203
6.7400,6,1.739,-0.790,-0.250,-5.720,6.283,5.427,6.560,6.639,3.833,-5.611,-5.613,4.492,6.366,-5.589,6.203
6.7500,6,1.736,-0.791,-0.250,-5.719,6.283,5.427,6.562,6.639,3.833,-5.609,-5.612,4.493,6.367,-5.588,6.204
6.7600,6,1.733,-0.793,-0.250,-5.718,6.284,5.428,6.564,6.640,3.833,-5.608,-5.612,4.494,6.368,-5.588,6.205
6.7700,6,1.729,-0.794,-0.250,-5.717,6.284,5.429,6.567,6.640,3.834,-5.606,-5.612,4.495,6.370,-5.588,6.205
6.7800,6,1.726,-0.796,-0.250,-5.716,6.284,5.430,6.569,6.641,3.834,-5.605,-5.611,4.496,6.371,-5.587,6.206
6.7900,6,1.723,-0.797,-0.250,-5.715,6.285,5.431,6.571,6.641,3.834,-5.603,-5.611,4.496,6.372,-5.587,6.206
6.8000,6,1.719,-0.799,-0.250,-5.714,6.285,5.431,6.573,6.642,3.834,-5.602,-5.611,4.497,6.373,-5.586,6.207
6.8100,6,1.716,-0.800,-0.250,-5.713,6.285,5.432,6.575,6.643,3.835,-5.601,-5.610,4.498,6.375,-5.586,6.208
6.8200,6,1.712,-0.802,-0.250,-5.712,6.285,5.433,6.577,6.643,3.835,-5.599,-5.610,4.499,6.376,-5.585,6.208
6.8300,6,1.709,-0.804,-0.249,-5.711,6.286,5.434,6.579,6.644,3.835,-5.598,-5.610,4.499,6.377,-5.585,6.209
6.8400,6,1.705,-0.805,-0.249,-5.710,6.286,5.434,6.581,6.644,3.835,-5.596,-5.609,4.500,6.378,-5.585,6.209
6.8500,6,1.701,-0.807,-0.249,-5.709,6.286,5.435,6.583,6.645,3.836,-5.595,-5.609,4.501,6.380,-5.584,6.210
6.8600,6,1.697,-0.808,-0.249,-5.708,6.286,5.436,6.585,6.645,3.836,-5.593,-5.609,4.501,6.381,-5.584,6.210
6.8700,6,1.693,-0.810,-0.249,-5.707,6.287,5.437,6.587,6.646,3.836,-5.592,-5.608,4.502,6.382,-5.583,6.211
6.8800,6,1.689,-0.811,-0.249,-5.706,6.287,5.437,6.590,6.646,3.836,-5.590,-5.608,4.503,6.384,-5.583,6.211
6.8900,6,1.685,-0.813,-0.248,-5.705,6.287,5.438,6.592,6.647,3.837,-5.589,-5.608,4.504,6.385,-5.582,6.212
6.9000,6,1.681,-0.814,-0.248,-5.704,6.288,5.439,6.594,6.647,3.837,-5.587,-5.608,4.504,6.386,-5.582,6.213
6.9100,6,1.677,-0.816,-0.248,-5.703,6.288,5.439,6.596,6.648,3.837,-5.586,-5.607,4.505,6.388,-5.582,6.213
6.9200,6,1.673,-0.818,-0.248,-5.702,6.288,5.440,6.598,6.648,3.837,-5.584,-5.607,4.506,6.389,-5.581,6.214
6.9300,6,1.668,-0.819,-0.248,-5.701,6.288,5.441,6.600,6.649,3.838,-5.583,-5.607,4.506,6.390,-5.581,6.214
6.9400,6,1.664,-0.821,-0.247,-5.700,6.289,5.441,6.602,6.649,3.838,-5.581,-5.606,4.507,6.391,-5.580,6.215
6.9500,6,1.660,-0.823,-0.247,-5.699,6.289,5.442,6.605,6.650,3.838,-5.580,-5.606,4.508,6.393,-5.580,6.215
6.9600,6,1.655,-0.824,-0.247,-5.698,6.289,5.443,6.607,6.651,3.838,-5.578,-5.606,4.508,6.394,-5.580,6.216
6.9700,6,1.651,-0.826,-0.247,-5.697,6.289,5.443,6.609,6.651,3.838,-5.577,-5.605,4.509,6.395,-5.579,6.216
6.9800,6,1.646,-0.827,-0.246,-5.696,6.290,5.444,6.611,6.652,3.839,-5.575,-5.605,4.510,6.397,-5.579,6.217
6.9900,6,1.641,-0.829,-0.246,-5.695,6.290,5.445,6.613,6.652,3.839,-5.574,-5.605,4.510,6.398,-5.578,6.217
7.0000,6,1.637,-0.831,-0.246,-5.693,6.290,5.445,6.615,6.653,3.839,-5.572,-5.604,4.511,6.399,-5.578,6.218
7.0100,6,1.632,-0.832,-0.245,-5.692,6.290,5.446,6.618,6.653,3.839,-5.571,-5.604,4.511,6.401,-5.578,6.218
7.0200,6,1.627,-0.834,-0.245,-5.691,6.291,5.447,6.620,6.653,3.839,-5.569,-5.604,4.512,6.402,-5.577,6.219
7.0300,6,1.622,-0.836,-0.245,-5.690,6.291,5.447,6.622,6.654,3.839,-5.568,-5.604,4.513,6.403,-5.577,6.219
7.0400,6,1.617,-0.837,-0.244,-5.689,6.291,5.448,6.624,6.654,3.840,-5.566,-5.603,4.513,6.405,-5.576,6.219
7.0500,6,1.612,-0.839,-0.244,-5.688,6.291,5.448,6.626,6.655,3.840,-5.564,-5.603,4.514,6.406,-5.576,6.220
7.0600,6,1.607,-0.841,-0.243,-5.687,6.292,5.449,6.629,6.655,3.840,-5.563,-5.603,4.514,6.407,-5.576,6.220
7.0700,6,1.602,-0.842,-0.243,-5.686,6.292,5.450,6.631,6.656,3.840,-5.561,-5.603,4.515,6.409,-5.575,6.221
7.0800,6,1.597,-0.844,-0.243,-5.685,6.292,5.450,6.633,6.656,3.840,-5.560,-5.602,4.516,6.410,-5.575,6.221
7.0900,6,1.591,-0.846,-0.242,-5.684,6.292,5.451,6.635,6.657,3.841,-5.558,-5.602,4.516,6.412,-5.574,6.222
7.1000,6,1.586,-0.848,-0.242,-5.683,6.293,5.451,6.637,6.657,3.841,-5.557,-5.602,4.517,6.413,-5.574,6.222
7.1100,6,1.581,-0.849,-0.241,-5.682,6.293,5.452,6.640,6.658,3.841,-5.555,-5.601,4.517,6.414,-5.574,6.223
7.1200,6,1.575,-0.851,-0.241,-5.681,6.293,5.453,6.642,6.658,3.841,-5.554,-5.601,4.518,6.416,-5.573,6.223
7.1300,6,1.570,-0.853,-0.240,-5.680,6.293,5.453,6.644,6.659,3.841,-5.552,-5.601,4.518,6.417,-5.573,6.223
7.1400,6,1.564,-0.854,-0.240,-5.678,6.293,5.454,6.646,6.659,3.841,-5.550,-5.601,4.519,6.418,-5.573,6.224
7.1500,6,1.559,-0.856,-0.239,-5.677,6.294,5.454,6.649,6.660,3.841,-5.549,-5.600,4.520,6.420,-5.572,6.224
7.1600,6,1.553,-0.858,-0.239,-5.676,6.294,5.455,6.651,6.660,3.842,-5.547,-5.600,4.520,6.421,-5.572,6.225
7.1700,6,1.547,-0.860,-0.238,-5.675,6.294,5.455,6.653,6.660,3.842,-5.546,-5.600,4.521,6.423,-5.571,6.225
7.1800,6,1.541,-0.861,-0.238,-5.674,6.294,5.456,6.655,6.661,3.842,-5.544,-5.600,4.521,6.424,-5.571,6.225
7.1900,6,1.536,-0.863,-0.237,-5.673,6.295,5.456,6.658,6.661,3.842,-5.542,-5.599,4.522,6.425,-5.571,6.226
7.2000,6,1.530,-0.865,-0.237,-5.672,6.295,5.457,6.660,6.662,3.842,-5.541,-5.599,4.522,6.427,-5.570,6.226
7.2100,6,1.524,-0.867,-0.236,-5.671,6.295,5.457,6.662,6.662,3.842,-5.539,-5.599,4.523,6.428,-5.570,6.226
7.2200,6,1.518,-0.869,-0.236,-5.670,6.295,5.458,6.664,6.663,3.842,-5.538,-5.599,4.523,6.429,-5.570,6.227
7.2300,6,1.512,-0.870,-0.235,-5.669,6.295,5.458,6.667,6.663,3.842,-5.536,-5.598,4.524,6.431,-5.569,6.227
7.2400,6,1.506,-0.872,-0.234,-5.667,6.296,5.459,6.669,6.664,3.842,-5.535,-5.598,4.524,6.432,-5.569,6.227
7.2500,6,1.500,-0.874,-0.234,-5.666,6.296,5.459,6.671,6.664,3.843,-5.533,-5.598,4.525,6.434,-5.569,6.228
7.2600,6,1.493,-0.876,-0.233,-5.665,6.296,5.460,6.674,6.664,3.843,-5.531,-5.598,4.525,6.435,-5.568,6.228
7.2700,6,1.487,-0.877,-0.232,-5.664,6.296,5.460,6.676,6.665,3.843,-5.530,-5.597,4.525,6.436,-5.568,6.228
7.2800,6,1.481,-0.879,-0.232,-5.663,6.297,5.461,6.678,6.665,3.843,-5.528,-5.597,4.526,6.438,-5.568,6.229
7.2900,6,1.475,-0.881,-0.231,-5.662,6.297,5.461,6.681,6.666,3.843,-5.526,-5.597,4.526,6.439,-5.567,6.229
7.3000,6,1.468,-0.883,-0.230,-5.661,6.297,5.461,6.683,6.666,3.843,-5.525,-5.597,4.527,6.441,-5.567,6.229
7.3100,6,1.462,-0.885,-0.230,-5.660,6.297,5.462,6.685,6.666,3.843,-5.523,-5.596,4.527,6.442,-5.566,6.230
7.3200,6,1.455,-0.887,-0.229,-5.658,6.297,5.462,6.687,6.667,3.843,-5.522,-5.596,4.528,6.443,-5.566,6.230
7.3300,6,1.449,-0.888,-0.228,-5.657,6.298,5.463,6.690,6.667,3.843,-5.520,-5.596,4.528,6.445,-5.566,6.230
7.3400,6,1.442,-0.890,-0.228,-5.656,6.298,5.463,6.692,6.668,3.843,-5.518,-5.596,4.528,6.446,-5.565,6.231
7.3500,6,1.436,-0.892,-0.227,-5.655,6.298,5.464,6.694,6.668,3.843,-5.517,-5.595,4.529,6.448,-5.565,6.231
7.3600,6,1.429,-0.894,-0.226,-5.654,6.298,5.464,6.697,6.668,3.844,-5.515,-5.595,4.529,6.449,-5.565,6.231
7.3700,6,1.422,-0.896,-0.225,-5.653,6.298,5.464,6.699,6.669,3.844,-5.513,-5.595,4.530,6.451,-5.564,6.231
7.3800,6,1.416,-0.898,-0.225,-5.652,6.299,5.465,6.701,6.669,3.844,-5.512,-5.595,4.530,6.452,-5.564,6.232
7.3900,6,1.409,-0.899,-0.224,-5.651,6.299,5.465,6.704,6.670,3.844,-5.510,-5.595,4.530,6.453,-5.564,6.232
7.4000,6,1.402,-0.901,-0.223,-5.649,6.299,5.466,6.706,6.670,3.844,-5.508,-5.594,4.531,6.455,-5.563,6.232
7.4100,6,1.395,-0.903,-0.222,-5.648,6.299,5.466,6.708,6.670,3.844,-5.507,-5.594,4.531,6.456,-5.563,6.232
7.4200,6,1.388,-0.905,-0.222,-5.647,6.299,5.466,6.711,6.671,3.844,-5.505,-5.594,4.532,6.458,-5.563,6.233
7.4300,6,1.381,-0.907,-0.221,-5.646,6.300,5.467,6.713,6.671,3.844,-5.504,-5.594,4.532,6.459,-5.562,6.233
7.4400,6,1.375,-0.909,-0.220,-5.645,6.300,5.467,6.716,6.671,3.844,-5.502,-5.594,4.532,6.461,-5.562,6.233
7.4500,6,1.368,-0.911,-0.219,-5.644,6.300,5.467,6.718,6.672,3.844,-5.500,-5.593,4.533,6.462,-5.562,6.233
7.4600,6,1.360,-0.913,-0.218,-5.643,6.300,5.468,6.720,6.672,3.844,-5.499,-5.593,4.533,6.464,-5.561,6.233
7.4700,6,1.353,-0.914,-0.217,-5.641,6.300,5.468,6.723,6.673,3.844,-5.497,-5.593,4.534,6.465,-5.561,6.234
7.4800,6,1.346,-0.916,-0.217,-5.640,6.301,5.468,6.725,6.673,3.844,-5.495,-5.593,4.534,6.466,-5.561,6.234
7.4900,6,1.339,-0.918,-0.216,-5.639,6.301,5.469,6.727,6.673,3.844,-5.494,-5.593,4.534,6.468,-5.561,6.234
7.5000,6,1.332,-0.920,-0.215,-5.638,6.301,5.469,6.730,6.674,3.844,-5.492,-5.592,4.535,6.469,-5.560,6.234
7.5100,6,1.325,-0.922,-0.214,-5.637,6.301,5.469,6.732,6.674,3.844,-5.490,-5.592,4.535,6.471,-5.560,6.234
7.5200,6,1.317,-0.924,-0.213,-5.636,6.301,5.470,6.734,6.674,3.844,-5.489,-5.592,4.535,6.472,-5.560,6.235
7.5300,6,1.310,-0.926,-0.212,-5.634,6.302,5.470,6.737,6.675,3.844,-5.487,-5.592,4.536,6.474,-5.559,6.235
7.5400,6,1.303,-0.928,-0.211,-5.633,6.302,5.470,6.739,6.675,3.844,-5.485,-5.592,4.536,6.475,-5.559,6.235
7.5500,6,1.296,-0.930,-0.210,-5.632,6.302,5.470,6.742,6.675,3.844,-5.483,-5.591,4.537,6.477,-5.559,6.235
7.5600,6,1.288,-0.931,-0.209,-5.631,6.302,5.471,6.744,6.676,3.844,-5.482,-5.591,4.537,6.478,-5.558,6.235
7.5700,6,1.281,-0.933,-0.208,-5.630,6.302,5.471,6.746,6.676,3.844,-5.480,-5.591,4.538,6.480,-5.558,6.235
7.5800,6,1.273,-0.935,-0.207,-5.629,6.302,5.471,6.749,6.676,3.844,-5.478,-5.591,4.538,6.481,-5.558,6.236
7.5900,6,1.266,-0.937,-0.206,-5.627,6.303,5.471,6.751,6.677,3.844,-5.477,-5.591,4.538,6.482,-5.557,6.236
7.6000,6,1.258,-0.939,-0.205,-5.626,6.303,5.472,6.754,6.677,3.844,-5.475,-5.591,4.539,6.484,-5.557,6.236
7.6100,6,1.251,-0.941,-0.204,-5.625,6.303,5.472,6.756,6.677,3.844,-5.473,-5.590,4.539,6.485,-5.557,6.236
7.6200,6,1.243,-0.943,-0.203,-5.624,6.303,5.472,6.758,6.678,3.844,-5.472,-5.590,4.540,6.487,-5.557,6.236
7.6300,6,1.236,-0.945,-0.202,-5.623,6.303,5.472,6.761,6.678,3.844,-5.470,-5.590,4.540,6.488,-5.556,6.236
7.6400,6,1.228,-0.947,-0.201,-5.622,6.303,5.473,6.763,6.678,3.844,-5.468,-5.590,4.540,6.490,-5.556,6.236
7.6500,6,1.220,-0.949,-0.200,-5.620,6.304,5.473,6.766,6.679,3.844,-5.467,-5.590,4.541,6.491,-5.556,6.236
7.6600,6,1.213,-0.951,-0.199,-5.619,6.304,5.473,6.768,6.679,3.844,-5.465,-5.589,4.541,6.493,-5.555,6.236
7.6700,6,1.205,-0.953,-0.198,-5.618,6.304,5.473,6.771,6.679,3.844,-5.463,-5.589,4.542,6.494,-5.555,6.237
7.6800,6,1.197,-0.954,-0.197,-5.617,6.304,5.473,6.773,6.680,3.844,-5.461,-5.589,4.542,6.496,-5.555,6.237
7.6900,6,1.190,-0.956,-0.196,-5.616,6.304,5.473,6.775,6.680,3.844,-5.460,-5.589,4.543,6.497,-5.554,6.237
7.7000,6,1.182,-0.958,-0.195,-5.614,6.304,5.474,6.778,6.680,3.844,-5.458,-5.589,4.543,6.499,-5.554,6.237
7.7100,6,1.174,-0.960,-0.194,-5.613,6.305,5.474,6.780,6.680,3.844,-5.456,-5.589,4.543,6.500,-5.554,6.237
7.7200,6,1.166,-0.962,-0.193,-5.612,6.305,5.474,6.783,6.681,3.843,-5.455,-5.589,4.544,6.502,-5.554,6.237
7.7300,6,1.159,-0.964,-0.191,-5.611,6.305,5.474,6.785,6.681,3.843,-5.453,-5.588,4.544,6.503,-5.553,6.237
7.7400,6,1.151,-0.966,-0.190,-5.610,6.305,5.474,6.788,6.681,3.843,-5.451,-5.588,4.545,6.505,-5.553,6.237
7.7500,6,1.143,-0.968,-0.189,-5.609,6.305,5.474,6.790,6.682,3.843,-5.449,-5.588,4.545,6.506,-5.553,6.237
7.7600,6,1.135,-0.970,-0.188,-5.607,6.305,5.475,6.792,6.682,3.843,-5.448,-5.588,4.546,6.508,-5.552,6.237
7.7700,6,1.127,-0.972,-0.187,-5.606,6.306,5.475,6.795,6.682,3.843,-5.446,-5.588,4.546,6.509,-5.552,6.237
7.7800,6,1.119,-0.974,-0.186,-5.605,6.306,5.475,6.797,6.682,3.843,-5.444,-5.588,4.546,6.511,-5.552,6.237
7.7900,6,1.112,-0.976,-0.185,-5.604,6.306,5.475,6.800,6.683,3.843,-5.442,-5.587,4.547,6.512,-5.552,6.237
7.8000,6,1.104,-0.978,-0.183,-5.603,6.306,5.475,6.802,6.683,3.843,-5.441,-5.587,4.547,6.514,-5.551,6.237
7.8100,6,1.096,-0.979,-0.182,-5.601,6.306,5.475,6.805,6.683,3.843,-5.439,-5.587,4.548,6.515,-5.551,6.237
7.8200,6,1.088,-0.981,-0.181,-5.600,6.306,5.475,6.807,6.684,3.843,-5.437,-5.587,4.548,6.517,-5.551,6.237
7.8300,6,1.080,-0.983,-0.180,-5.599,6.306,5.475,6.810,6.684,3.843,-5.436,-5.587,4.549,6.518,-5.551,6.237
7.8400,6,1.072,-0.985,-0.178,-5.598,6.307,5.475,6.812,6.684,3.842,-5.434,-5.587,4.549,6.520,-5.550,6.237
7.8500,6,1.064,-0.987,-0.177,-5.597,6.307,5.475,6.815,6.684,3.842,-5.432,-5.587,4.550,6.521,-5.550,6.237
7.8600,6,1.056,-0.989,-0.176,-5.595,6.307,5.476,6.817,6.685,3.842,-5.430,-5.587,4.550,6.523,-5.550,6.237
7.8700,6,1.048,-0.991,-0.175,-5.594,6.307,5.476,6.820,6.685,3.842,-5.429,-5.586,4.550,6.524,-5.550,6.237
7.8800,6,1.040,-0.993,-0.174,-5.593,6.307,5.476,6.822,6.685,3.842,-5.427,-5.586,4.551,6.526,-5.549,6.237
7.8900,6,1.032,-0.995,-0.172,-5.592,6.307,5.476,6.825,6.685,3.842,-5.425,-5.586,4.551,6.527,-5.549,6.237
7.9000,6,1.024,-0.997,-0.171,-5.591,6.307,5.476,6.827,6.686,3.842,-5.423,-5.586,4.552,6.529,-5.549,6.237
7.9100,6,1.016,-0.999,-0.170,-5.589,6.308,5.476,6.829,6.686,3.842,-5.422,-5.586,4.552,6.530,-5.549,6.237
7.9200,6,1.008,-1.000,-0.168,-5.588,6.308,5.476,6.832,6.686,3.841,-5.420,-5.586,4.553,6.532,-5.548,6.237
7.9300,6,1.000,-1.002,-0.167,-5.587,6.308,5.476,6.834,6.686,3.841,-5.418,-5.586,4.553,6.533,-5.548,6.237
7.9400,6,0.992,-1.004,-0.166,-5.586,6.308,5.476,6.837,6.687,3.841,-5.416,-5.586,4.553,6.535,-5.548,6.237
7.9500,6,0.984,-1.006,-0.165,-5.584,6.308,5.476,6.839,6.687,3.841,-5.415,-5.585,4.554,6.536,-5.548,6.237
7.9600,6,0.976,-1.008,-0.163,-5.583,6.308,5.476,6.842,6.687,3.841,-5.413,-5.585,4.554,6.538,-5.547,6.237
7.9700,6,0.968,-1.010,-0.162,-5.582,6.308,5.476,6.844,6.687,3.841,-5.411,-5.585,4.555,6.539,-5.547,6.236
7.9800,6,0.960,-1.012,-0.161,-5.581,6.308,5.476,6.847,6.687,3.841,-5.409,-5.585,4.555,6.541,-5.547,6.236
7.9900,6,0.952,-1.014,-0.159,-5.580,6.309,5.476,6.849,6.688,3.840,-5.408,-5.585,4.556,6.542,-5.547,6.236
8.0000,6,0.943,-1.015,-0.158,-5.578,6.309,5.476,6.852,6.688,3.840,-5.406,-5.585,4.556,6.544,-5.546,6.236
8.0100,6,0.935,-1.017,-0.156,-5.577,6.309,5.476,6.854,6.688,3.840,-5.404,-5.585,4.557,6.545,-5.546,6.236
8.0200,6,0.927,-1.019,-0.155,-5.576,6.309,5.476,6.857,6.688,3.840,-5.402,-5.585,4.557,6.547,-5.546,6.236
8.0300,6,0.919,-1.021,-0.154,-5.575,6.309,5.476,6.859,6.689,3.840,-5.401,-5.585,4.557,6.549,-5.546,6.236
8.0400,6,0.911,-1.023,-0.152,-5.573,6.309,5.476,6.862,6.689,3.840,-5.399,-5.585,4.558,6.550,-5.545,6.236
8.0500,6,0.903,-1.025,-0.151,-5.572,6.309,5.476,6.864,6.689,3.839,-5.397,-5.584,4.558,6.552,-5.545,6.236
8.0600,6,0.895,-1.027,-0.150,-5.571,6.309,5.475,6.867,6.689,3.839,-5.395,-5.584,4.559,6.553,-5.545,6.235
8.0700,6,0.887,-1.028,-0.148,-5.570,6.310,5.475,6.869,6.689,3.839,-5.393,-5.584,4.559,6.555,-5.545,6.235
8.0800,6,0.879,-1.030,-0.147,-5.569,6.310,5.475,6.872,6.690,3.839,-5.392,-5.584,4.560,6.556,-5.544,6.235
8.0900,6,0.871,-1.032,-0.145,-5.567,6.310,5.475,6.874,6.690,3.839,-5.390,-5.584,4.560,6.558,-5.544,6.235
8.1000,6,0.863,-1.034,-0.144,-5.566,6.310,5.475,6.877,6.690,3.838,-5.388,-5.584,4.561,6.559,-5.544,6.235
8.1100,6,0.855,-1.036,-0.142,-5.565,6.310,5.475,6.879,6.690,3.838,-5.386,-5.584,4.561,6.561,-5.544,6.235
8.1200,6,0.847,-1.037,-0.141,-5.564,6.310,5.475,6.882,6.690,3.838,-5.385,-5.584,4.561,6.562,-5.544,6.234
8.1300,6,0.839,-1.039,-0.140,-5.562,6.310,5.475,6.884,6.690,3.838,-5.383,-5.584,4.562,6.564,-5.543,6.234
8.1400,6,0.831,-1.041,-0.138,-5.561,6.310,5.475,6.887,6.691,3.838,-5.381,-5.584,4.562,6.565,-5.543,6.234
8.1500,6,0.823,-1.043,-0.137,-5.560,6.310,5.475,6.890,6.691,3.837,-5.379,-5.584,4.563,6.567,-5.543,6.234
8.1600,6,0.815,-1.045,-0.135,-5.559,6.311,5.474,6.892,6.691,3.837,-5.378,-5.583,4.563,6.569,-5.543,6.234
8.1700,6,0.807,-1.046,-0.134,-5.558,6.311,5.474,6.895,6.691,3.837,-5.376,-5.583,4.564,6.570,-5.542,6.234
8.1800,6,0.799,-1.048,-0.132,-5.556,6.311,5.474,6.897,6.691,3.837,-5.374,-5.583,4.564,6.572,-5.542,6.233
8.1900,6,0.792,-1.050,-0.131,-5.555,6.311,5.474,6.900,6.692,3.837,-5.372,-5.583,4.564,6.573,-5.542,6.233
8.2000,6,0.784,-1.052,-0.129,-5.554,6.311,5.474,6.902,6.692,3.836,-5.370,-5.583,4.565,6.575,-5.542,6.233
8.2100,6,0.776,-1.053,-0.128,-5.553,6.311,5.474,6.905,6.692,3.836,-5.369,-5.583,4.565,6.576,-5.542,6.233
8.2200,6,0.768,-1.055,-0.126,-5.551,6.311,5.474,6.907,6.692,3.836,-5.367,-5.583,4.566,6.578,-5.541,6.232
8.2300,6,0.760,-1.057,-0.125,-5.550,6.311,5.473,6.910,6.692,3.836,-5.365,-5.583,4.566,6.579,-5.541,6.232
8.2400,6,0.752,-1.058,-0.123,-5.549,6.311,5.473,6.912,6.692,3.835,-5.363,-5.583,4.567,6.581,-5.541,6.232
8.2500,6,0.744,-1.060,-0.122,-5.548,6.312,5.473,6.915,6.693,3.835,-5.361,-5.583,4.567,6.582,-5.541,6.232
8.2600,6,0.737,-1.062,-0.120,-5.546,6.312,5.473,6.917,6.693,3.835,-5.360,-5.583,4.567,6.584,-5.541,6.231
8.2700,6,0.729,-1.064,-0.119,-5.545,6.312,5.473,6.920,6.693,3.835,-5.358,-5.583,4.568,6.586,-5.540,6.231
8.2800,6,0.721,-1.065,-0.117,-5.544,6.312,5.472,6.922,6.693,3.834,-5.356,-5.583,4.568,6.587,-5.540,6.231
8.2900,6,0.713,-1.067,-0.115,-5.543,6.312,5.472,6.925,6.693,3.834,-5.354,-5.583,4.569,6.589,-5.540,6.231
8.3000,6,0.706,-1.069,-0.114,-5.541,6.312,5.472,6.927,6.693,3.834,-5.352,-5.583,4.569,6.590,-5.540,6.230
8.3100,6,0.698,-1.070,-0.112,-5.540,6.312,5.472,6.930,6.693,3.834,-5.351,-5.582,4.570,6.592,-5.540,6.230
8.3200,6,0.690,-1.072,-0.111,-5.539,6.312,5.472,6.933,6.694,3.833,-5.349,-5.582,4.570,6.593,-5.539,6.230
8.3300,6,0.683,-1.073,-0.109,-5.538,6.312,5.471,6.935,6.694,3.833,-5.347,-5.582,4.570,6.595,-5.539,6.230
8.3400,6,0.675,-1.075,-0.108,-5.536,6.312,5.471,6.938,6.694,3.833,-5.345,-5.582,4.571,6.596,-5.539,6.229
8.3500,6,0.667,-1.077,-0.106,-5.535,6.312,5.471,6.940,6.694,3.832,-5.344,-5.582,4.571,6.598,-5.539,6.229
8.3600,6,0.660,-1.078,-0.104,-5.534,6.313,5.471,6.943,6.694,3.832,-5.342,-5.582,4.572,6.600,-5.539,6.229
8.3700,6,0.652,-1.080,-0.103,-5.533,6.313,5.470,6.945,6.694,3.832,-5.340,-5.582,4.572,6.601,-5.538,6.228
8.3800,6,0.645,-1.081,-0.101,-5.532,6.313,5.470,6.948,6.694,3.832,-5.338,-5.582,4.572,6.603,-5.538,6.228
8.3900,6,0.637,-1.083,-0.100,-5.530,6.313,5.470,6.950,6.694,3.831,-5.336,-5.582,4.573,6.604,-5.538,6.228
8.4000,6,0.630,-1.085,-0.098,-5.529,6.313,5.469,6.953,6.695,3.831,-5.335,-5.582,4.573,6.606,-5.538,6.227
8.4100,6,0.622,-1.086,-0.096,-5.528,6.313,5.469,6.955,6.695,3.831,-5.333,-5.582,4.574,6.607,-5.538,6.227
8.4200,6,0.615,-1.088,-0.095,-5.527,6.313,5.469,6.958,6.695,3.830,-5.331,-5.582,4.574,6.609,-5.537,6.227
8.4300,6,0.607,-1.089,-0.093,-5.525,6.313,5.469,6.960,6.695,3.830,-5.329,-5.582,4.574,6.610,-5.537,6.226
8.4400,6,0.600,-1.091,-0.092,-5.524,6.313,5.468,6.963,6.695,3.830,-5.327,-5.582,4.575,6.612,-5.537,6.226
8.4500,6,0.593,-1.092,-0.090,-5.523,6.313,5.468,6.966,6.695,3.830,-5.326,-5.582,4.575,6.614,-5.537,6.226
8.4600,6,0.585,-1.094,-0.088,-5.522,6.313,5.468,6.968,6.695,3.829,-5.324,-5.582,4.576,6.615,-5.537,6.225
8.4700,6,0.578,-1.095,-0.087,-5.520,6.313,5.467,6.971,6.695,3.829,-5.322,-5.582,4.576,6.617,-5.537,6.225
8.4800,6,0.571,-1.097,-0.085,-5.519,6.313,5.467,6.973,6.695,3.829,-5.320,-5.582,4.576,6.618,-5.536,6.225
8.4900,6,0.564,-1.098,-0.083,-5.518,6.314,5.467,6.976,6.696,3.828,-5.318,-5.582,4.577,6.620,-5.536,6.224
8.5000,6,0.557,-1.099,-0.082,-5.517,6.314,5.466,6.978,6.696,3.828,-5.317,-5.582,4.577,6.621,-5.536,6.224
8.5100,6,0.549,-1.101,-0.080,-5.515,6.314,5.466,6.981,6.696,3.828,-5.315,-5.582,4.578,6.623,-5.536,6.224
8.5200,6,0.542,-1.102,-0.078,-5.514,6.314,5.466,6.983,6.696,3.827,-5.313,-5.582,4.578,6.625,-5.536,6.223
8.5300,6,0.535,-1.104,-0.077,-5.513,6.314,5.465,6.986,6.696,3.827,-5.311,-5.582,4.578,6.626,-5.536,6.223
8.5400,6,0.528,-1.105,-0.075,-5.512,6.314,5.465,6.989,6.696,3.827,-5.309,-5.582,4.579,6.628,-5.535,6.222
8.5500,6,0.521,-1.106,-0.073,-5.510,6.314,5.465,6.991,6.696,3.826,-5.307,-5.582,4.579,6.629,-5.535,6.222
8.5600,6,0.514,-1.108,-0.072,-5.509,6.314,5.464,6.994,6.696,3.826,-5.306,-5.582,4.580,6.631,-5.535,6.222
8.5700,6,0.507,-1.109,-0.070,-5.508,6.314,5.464,6.996,6.696,3.826,-5.304,-5.582,4.580,6.632,-5.535,6.221
8.5800,6,0.500,-1.110,-0.068,-5.506,6.314,5.463,6.999,6.696,3.825,-5.302,-5.582,4.580,6.634,-5.535,6.221
8.5900,6,0.493,-1.112,-0.067,-5.505,6.314,5.463,7.001,6.696,3.825,-5.300,-5.582,4.581,6.636,-5.535,6.220
8.6000,6,0.487,-1.113,-0.065,-5.504,6.314,5.463,7.004,6.696,3.825,-5.298,-5.582,4.581,6.637,-5.534,6.220
8.6100,6,0.480,-1.114,-0.063,-5.503,6.314,5.462,7.006,6.697,3.824,-5.297,-5.582,4.581,6.639,-5.534,6.220
8.6200,6,0.473,-1.115,-0.062,-5.501,6.314,5.462,7.009,6.697,3.824,-5.295,-5.582,4.582,6.640,-5.534,6.219
8.6300,6,0.466,-1.117,-0.060,-5.500,6.314,5.461,7.012,6.697,3.824,-5.293,-5.582,4.582,6.642,-5.534,6.219
8.6400,6,0.460,-1.118,-0.058,-5.499,6.314,5.461,7.014,6.697,3.823,-5.291,-5.582,4.583,6.643,-5.534,6.218
8.6500,6,0.453,-1.119,-0.057,-5.498,6.315,5.461,7.017,6.697,3.823,-5.289,-5.582,4.583,6.645,-5.534,6.218
8.6600,6,0.446,-1.120,-0.055,-5.496,6.315,5.460,7.019,6.697,3.823,-5.288,-5.582,4.583,6.647,-5.533,6.217
8.6700,6,0.440,-1.121,-0.053,-5.495,6.315,5.460,7.022,6.697,3.822,-5.286,-5.582,4.584,6.648,-5.533,6.217
8.6800,6,0.433,-1.123,-0.051,-5.494,6.315,5.459,7.024,6.697,3.822,-5.284,-5.582,4.584,6.650,-5.533,6.216
8.6900,6,0.427,-1.124,-0.050,-5.493,6.315,5.459,7.027,6.697,3.821,-5.282,-5.582,4.584,6.651,-5.533,6.216
8.7000,6,0.421,-1.125,-0.048,-5.491,6.315,5.458,7.030,6.697,3.821,-5.280,-5.582,4.585,6.653,-5.533,6.216
8.7100,6,0.414,-1.126,-0.046,-5.490,6.315,5.458,7.032,6.697,3.821,-5.278,-5.582,4.585,6.654,-5.533,6.215
8.7200,6,0.408,-1.127,-0.045,-5.489,6.315,5.458,7.035,6.697,3.820,-5.277,-5.582,4.586,6.656,-5.533,6.215
8.7300,6,0.401,-1.128,-0.043,-5.488,6.315,5.457,7.037,6.697,3.820,-5.275,-5.582,4.586,6.658,-5.532,6.214
8.7400,6,0.395,-1.129,-0.041,-5.486,6.315,5.457,7.040,6.697,3.820,-5.273,-5.582,4.586,6.659,-5.532,6.214
8.7500,6,0.389,-1.130,-0.039,-5.485,6.315,5.456,7.042,6.697,3.819,-5.271,-5.582,4.587,6.661,-5.532,6.213
8.7600,6,0.383,-1.131,-0.038,-5.484,6.315,5.456,7.045,6.697,3.819,-5.269,-5.582,4.587,6.662,-5.532,6.213
8.7700,6,0.377,-1.132,-0.036,-5.483,6.315,5.455,7.048,6.697,3.818,-5.268,-5.582,4.587,6.664,-5.532,6.212
8.7800,6,0.371,-1.133,-0.034,-5.481,6.315,5.455,7.050,6.697,3.818,-5.266,-5.582,4.588,6.665,-5.532,6.212
8.7900,6,0.365,-1.134,-0.032,-5.480,6.315,5.454,7.053,6.697,3.818,-5.264,-5.582,4.588,6.667,-5.532,6.211
8.8000,6,0.359,-1.135,-0.031,-5.479,6.315,5.454,7.055,6.697,3.817,-5.262,-5.582,4.588,6.669,-5.532,6.211
8.8100,6,0.353,-1.136,-0.029,-5.478,6.315,5.453,7.058,6.697,3.817,-5.260,-5.582,4.589,6.670,-5.531,6.210
8.8200,6,0.347,-1.137,-0.027,-5.476,6.315,5.453,7.060,6.697,3.817,-5.258,-5.582,4.589,6.672,-5.531,6.210
8.8300,6,0.341,-1.138,-0.026,-5.475,6.315,5.452,7.063,6.697,3.816,-5.257,-5.582,4.589,6.673,-5.531,6.209
8.8400,6,0.335,-1.138,-0.024,-5.474,6.315,5.452,7.065,6.697,3.816,-5.255,-5.582,4.590,6.675,-5.531,6.209
8.8500,6,0.329,-1.139,-0.022,-5.473,6.315,5.451,7.068,6.697,3.815,-5.253,-5.582,4.590,6.676,-5.531,6.208
8.8600,6,0.324,-1.140,-0.020,-5.471,6.315,5.451,7.071,6.697,3.815,-5.251,-5.582,4.590,6.678,-5.531,6.208
8.8700,6,0.318,-1.141,-0.019,-5.470,6.315,5.450,7.073,6.697,3.815,-5.249,-5.582,4.591,6.680,-5.531,6.207
8.8800,6,0.312,-1.142,-0.017,-5.469,6.315,5.450,7.076,6.697,3.814,-5.248,-5.582,4.591,6.681,-5.531,6.206
8.8900,6,0.307,-1.142,-0.015,-5.467,6.315,5.449,7.078,6.697,3.814,-5.246,-5.582,4.591,6.683,-5.530,6.206
8.9000,6,0.301,-1.143,-0.013,-5.466,6.316,5.449,7.081,6.697,3.813,-5.244,-5.582,4.592,6.684,-5.530,6.205
8.9100,6,0.296,-1.144,-0.012,-5.465,6.316,5.448,7.083,6.697,3.813,-5.242,-5.582,4.592,6.686,-5.530,6.205
8.9200,6,0.290,-1.144,-0.010,-5.464,6.316,5.447,7.086,6.697,3.812,-5.240,-5.583,4.592,6.687,-5.530,6.204
8.9300,6,0.285,-1.145,-0.008,-5.462,6.316,5.447,7.089,6.697,3.812,-5.238,-5.583,4.593,6.689,-5.530,6.204
8.9400,6,0.280,-1.146,-0.006,-5.461,6.316,5.446,7.091,6.697,3.812,-5.237,-5.583,4.593,6.691,-5.530,6.203
8.9500,6,0.274,-1.146,-0.005,-5.460,6.316,5.446,7.094,6.697,3.811,-5.235,-5.583,4.593,6.692,-5.530,6.203
8.9600,6,0.269,-1.147,-0.003,-5.459,6.316,5.445,7.096,6.697,3.811,-5.233,-5.583,4.594,6.694,-5.530,6.202
8.9700,6,0.264,-1.148,-0.001,-5.457,6.316,5.445,7.099,6.697,3.810,-5.231,-5.583,4.594,6.695,-5.530,6.201
8.9800,6,0.259,-1.148,0.001,-5.456,6.316,5.444,7.101,6.697,3.810,-5.229,-5.583,4.594,6.697,-5.529,6.201
8.9900,6,0.254,-1.149,0.002,-5.455,6.316,5.443,7.104,6.697,3.809,-5.228,-5.583,4.595,6.699,-5.529,6.200
9.0000,6,0.249,-1.149,0.004,-5.454,6.316,5.443,7.107,6.697,3.809,-5.226,-5.583,4.595,6.700,-5.529,6.200
9.0100,6,0.244,-1.150,0.006,-5.452,6.316,5.442,7.109,6.697,3.809,-5.224,-5.583,4.595,6.702,-5.529,6.199
9.0200,6,0.239,-1.150,0.008,-5.451,6.316,5.442,7.112,6.697,3.808,-5.222,-5.583,4.595,6.703,-5.529,6.199
9.0300,6,0.234,-1.151,0.009,-5.450,6.316,5.441,7.114,6.697,3.808,-5.220,-5.583,4.596,6.705,-5.529,6.198
9.0400,6,0.229,-1.151,0.011,-5.448,6.316,5.440,7.117,6.697,3.807,-5.218,-5.583,4.596,6.706,-5.529,6.197
9.0500,6,0.224,-1.151,0.013,-5.447,6.316,5.440,7.119,6.697,3.807,-5.217,-5.583,4.596,6.708,-5.529,6.197
9.0600,6,0.220,-1.152,0.015,-5.446,6.316,5.439,7.122,6.697,3.806,-5.215,-5.583,4.597,6.710,-5.529,6.196
9.0700,6,0.215,-1.152,0.016,-5.445,6.316,5.439,7.125,6.697,3.806,-5.213,-5.583,4.597,6.711,-5.529,6.196
9.0800,6,0.210,-1.152,0.018,-5.443,6.316,5.438,7.127,6.697,3.806,-5.211,-5.584,4.597,6.713,-5.529,6.195
9.0900,6,0.206,-1.153,0.020,-5.442,6.316,5.437,7.130,6.697,3.805,-5.209,-5.584,4.598,6.714,-5.528,6.194
9.1000,6,0.201,-1.153,0.022,-5.441,6.316,5.437,7.132,6.697,3.805,-5.207,-5.584,4.598,6.716,-5.528,6.194
9.1100,6,0.197,-1.153,0.023,-5.440,6.316,5.436,7.135,6.697,3.804,-5.206,-5.584,4.598,6.718,-5.528,6.193
9.1200,6,0.192,-1.153,0.025,-5.438,6.316,5.435,7.137,6.697,3.804,-5.204,-5.584,4.598,6.719,-5.528,6.192
9.1300,6,0.188,-1.154,0.027,-5.437,6.316,5.435,7.140,6.696,3.803,-5.202,-5.584,4.599,6.721,-5.528,6.192
9.1400,6,0.184,-1.154,0.029,-5.436,6.316,5.434,7.143,6.696,3.803,-5.200,-5.584,4.599,6.722,-5.528,6.191
9.1500,6,0.179,-1.154,0.030,-5.435,6.316,5.433,7.145,6.696,3.802,-5.198,-5.584,4.599,6.724,-5.528,6.191
9.1600,6,0.175,-1.154,0.032,-5.433,6.316,5.433,7.148,6.696,3.802,-5.197,-5.584,4.600,6.725,-5.528,6.190
9.1700,6,0.171,-1.154,0.034,-5.432,6.316,5.432,7.150,6.696,3.801,-5.195,-5.584,4.600,6.727,-5.528,6.189
9.1800,6,0.167,-1.154,0.036,-5.431,6.316,5.432,7.153,6.696,3.801,-5.193,-5.584,4.600,6.729,-5.528,6.189
9.1900,6,0.163,-1.154,0.037,-5.430,6.316,5.431,7.155,6.696,3.801,-5.191,-5.585,4.600,6.730,-5.528,6.188
9.2000,6,0.159,-1.154,0.039,-5.428,6.316,5.430,7.158,6.696,3.800,-5.189,-5.585,4.601,6.732,-5.528,6.187
9.2100,6,0.155,-1.154,0.041,-5.427,6.316,5.430,7.160,6.696,3.800,-5.187,-5.585,4.601,6.733,-5.528,6.187
9.2200,6,0.151,-1.154,0.042,-5.426,6.316,5.429,7.163,6.696,3.799,-5.186,-5.585,4.601,6.735,-5.527,6.186
9.2300,6,0.147,-1.154,0.044,-5.424,6.316,5.428,7.166,6.696,3.799,-5.184,-5.585,4.601,6.736,-5.527,6.185
9.2400,6,0.144,-1.154,0.046,-5.423,6.316,5.427,7.168,6.696,3.798,-5.182,-5.585,4.602,6.738,-5.527,6.185
9.2500,6,0.140,-1.154,0.048,-5.422,6.316,5.427,7.171,6.695,3.798,-5.180,-5.585,4.602,6.740,-5.527,6.184
9.2600,6,0.136,-1.154,0.049,-5.421,6.316,5.426,7.173,6.695,3.797,-5.178,-5.585,4.602,6.741,-5.527,6.183
9.2700,6,0.133,-1.154,0.051,-5.419,6.316,5.425,7.176,6.695,3.797,-5.177,-5.585,4.603,6.743,-5.527,6.183
9.2800,6,0.129,-1.153,0.053,-5.418,6.316,5.425,7.178,6.695,3.796,-5.175,-5.586,4.603,6.744,-5.527,6.182
9.2900,6,0.125,-1.153,0.055,-5.417,6.316,5.424,7.181,6.695,3.796,-5.173,-5.586,4.603,6.746,-5.527,6.181
9.3000,6,0.122,-1.153,0.056,-5.416,6.316,5.423,7.184,6.695,3.795,-5.171,-5.586,4.603,6.748,-5.527,6.181
9.3100,6,0.119,-1.153,0.058,-5.414,6.316,5.423,7.186,6.695,3.795,-5.169,-5.586,4.604,6.749,-5.527,6.180
9.3200,6,0.115,-1.152,0.060,-5.413,6.316,5.422,7.189,6.695,3.794,-5.167,-5.586,4.604,6.751,-5.527,6.179
9.3300,6,0.112,-1.152,0.061,-5.412,6.316,5.421,7.191,6.695,3.794,-5.166,-5.586,4.604,6.752,-5.527,6.179
9.3400,6,0.109,-1.151,0.063,-5.411,6.315,5.420,7.194,6.694,3.794,-5.164,-5.586,4.604,6.754,-5.527,6.178
9.3500,6,0.105,-1.151,0.065,-5.409,6.315,5.420,7.196,6.694,3.793,-5.162,-5.586,4.605,6.755,-5.527,6.177
9.3600,6,0.102,-1.151,0.066,-5.408,6.315,5.419,7.199,6.694,3.793,-5.160,-5.586,4.605,6.757,-5.527,6.177
9.3700,6,0.099,-1.150,0.068,-5.407,6.315,5.418,7.202,6.694,3.792,-5.158,-5.587,4.605,6.759,-5.527,6.176
9.3800,6,0.096,-1.150,0.070,-5.405,6.315,5.418,7.204,6.694,3.792,-5.156,-5.587,4.605,6.760,-5.527,6.175
9.3900,6,0.093,-1.149,0.071,-5.404,6.315,5.417,7.207,6.694,3.791,-5.155,-5.587,4.606,6.762,-5.526,6.175
9.4000,6,0.090,-1.149,0.073,-5.403,6.315,5.416,7.209,6.694,3.791,-5.153,-5.587,4.606,6.763,-5.526,6.174
9.4100,6,0.087,-1.148,0.075,-5.402,6.315,5.415,7.212,6.694,3.790,-5.151,-5.587,4.606,6.765,-5.526,6.173
9.4200,6,0.084,-1.147,0.076,-5.400,6.315,5.415,7.214,6.693,3.790,-5.149,-5.587,4.606,6.766,-5.526,6.172
9.4300,6,0.082,-1.147,0.078,-5.399,6.315,5.414,7.217,6.693,3.789,-5.147,-5.587,4.607,6.768,-5.526,6.172
9.4400,6,0.079,-1.146,0.080,-5.398,6.315,5.413,7.219,6.693,3.789,-5.146,-5.588,4.607,6.770,-5.526,6.171
9.4500,6,0.076,-1.145,0.081,-5.397,6.315,5.412,7.222,6.693,3.788,-5.144,-5.588,4.607,6.771,-5.526,6.170
9.4600,6,0.074,-1.145,0.083,-5.395,6.315,5.412,7.225,6.693,3.788,-5.142,-5.588,4.607,6.773,-5.526,6.170
9.4700,6,0.071,-1.144,0.085,-5.394,6.315,5.411,7.227,6.693,3.787,-5.140,-5.588,4.608,6.774,-5.526,6.169
9.4800,6,0.068,-1.143,0.086,-5.393,6.315,5.410,7.230,6.692,3.787,-5.138,-5.588,4.608,6.776,-5.526,6.168
9.4900,6,0.066,-1.142,0.088,-5.392,6.315,5.409,7.232,6.692,3.786,-5.136,-5.588,4.608,6.778,-5.526,6.167
9.5000,6,0.063,-1.142,0.090,-5.390,6.315,5.409,7.235,6.692,3.786,-5.135,-5.588,4.608,6.779,-5.526,6.167
9.5100,6,0.061,-1.141,0.091,-5.389,6.315,5.408,7.237,6.692,3.785,-5.133,-5.589,4.608,6.781,-5.526,6.166
9.5200,6,0.059,-1.140,0.093,-5.388,6.315,5.407,7.240,6.692,3.785,-5.131,-5.589,4.609,6.782,-5.526,6.165
9.5300,6,0.056,-1.139,0.095,-5.386,6.315,5.406,7.242,6.692,3.784,-5.129,-5.589,4.609,6.784,-5.526,6.165
9.5400,6,0.054,-1.138,0.096,-5.385,6.315,5.406,7.245,6.691,3.784,-5.127,-5.589,4.609,6.785,-5.526,6.164
9.5500,6,0.052,-1.137,0.098,-5.384,6.315,5.405,7.248,6.691,3.783,-5.126,-5.589,4.609,6.787,-5.526,6.163
9.5600,6,0.050,-1.136,0.099,-5.383,6.315,5.404,7.250,6.691,3.783,-5.124,-5.589,4.610,6.789,-5.526,6.162
9.5700,6,0.048,-1.135,0.101,-5.381,6.315,5.403,7.253,6.691,3.782,-5.122,-5.590,4.610,6.790,-5.526,6.162
9.5800,6,0.046,-1.134,0.103,-5.380,6.315,5.402,7.255,6.691,3.782,-5.120,-5.590,4.610,6.792,-5.526,6.161
9.5900,6,0.044,-1.132,0.104,-5.379,6.315,5.402,7.258,6.691,3.781,-5.118,-5.590,4.610,6.793,-5.526,6.160
9.6000,6,0.042,-1.131,0.106,-5.378,6.314,5.401,7.260,6.690,3.781,-5.116,-5.590,4.610,6.795,-5.526,6.159
9.6100,6,0.040,-1.130,0.107,-5.376,6.314,5.400,7.263,6.690,3.780,-5.115,-5.590,4.611,6.796,-5.526,6.159
9.6200,6,0.038,-1.129,0.109,-5.375,6.314,5.399,7.265,6.690,3.780,-5.113,-5.590,4.611,6.798,-5.526,6.158
9.6300,6,0.036,-1.128,0.110,-5.374,6.314,5.398,7.268,6.690,3.779,-5.111,-5.591,4.611,6.800,-5.526,6.157
9.6400,6,0.034,-1.126,0.112,-5.373,6.314,5.398,7.271,6.690,3.779,-5.109,-5.591,4.611,6.801,-5.526,6.156
9.6500,6,0.033,-1.125,0.114,-5.371,6.314,5.397,7.273,6.689,3.778,-5.107,-5.591,4.612,6.803,-5.526,6.156
9.6600,6,0.031,-1.124,0.115,-5.370,6.314,5.396,7.276,6.689,3.778,-5.106,-5.591,4.612,6.804,-5.526,6.155
9.6700,6,0.029,-1.122,0.117,-5.369,6.314,5.395,7.278,6.689,3.777,-5.104,-5.591,4.612,6.806,-5.526,6.154
9.6800,6,0.028,-1.121,0.118,-5.368,6.314,5.395,7.281,6.689,3.777,-5.102,-5.591,4.612,6.808,-5.526,6.154
9.6900,6,0.026,-1.119,0.120,-5.366,6.314,5.394,7.283,6.689,3.776,-5.100,-5.592,4.612,6.809,-5.526,6.153
9.7000,6,0.025,-1.118,0.121,-5.365,6.314,5.393,7.286,6.688,3.776,-5.098,-5.592,4.613,6.811,-5.526,6.152
9.7100,6,0.023,-1.116,0.123,-5.364,6.314,5.392,7.288,6.688,3.775,-5.097,-5.592,4.613,6.812,-5.526,6.151
9.7200,6,0.022,-1.115,0.124,-5.362,6.314,5.391,7.291,6.688,3.775,-5.095,-5.592,4.613,6.814,-5.526,6.151
9.7300,6,0.020,-1.113,0.126,-5.361,6.314,5.390,7.293,6.688,3.774,-5.093,-5.592,4.613,6.815,-5.526,6.150
9.7400,6,0.019,-1.112,0.127,-5.360,6.314,5.390,7.296,6.687,3.774,-5.091,-5.593,4.613,6.817,-5.526,6.149
9.7500,6,0.018,-1.110,0.129,-5.359,6.314,5.389,7.299,6.687,3.773,-5.089,-5.593,4.614,6.819,-5.526,6.148
9.7600,6,0.016,-1.108,0.130,-5.357,6.313,5.388,7.301,6.687,3.773,-5.087,-5.593,4.614,6.820,-5.526,6.148
9.7700,6,0.015,-1.107,0.132,-5.356,6.313,5.387,7.304,6.687,3.772,-5.086,-5.593,4.614,6.822,-5.526,6.147
9.7800,6,0.014,-1.105,0.133,-5.355,6.313,5.386,7.306,6.687,3.772,-5.084,-5.593,4.614,6.823,-5.526,6.146
9.7900,6,0.013,-1.103,0.135,-5.354,6.313,5.386,7.309,6.686,3.772,-5.082,-5.594,4.614,6.825,-5.526,6.145
9.8000,6,0.012,-1.101,0.136,-5.352,6.313,5.385,7.311,6.686,3.771,-5.080,-5.594,4.615,6.826,-5.526,6.144
9.8100,6,0.011,-1.099,0.138,-5.351,6.313,5.384,7.314,6.686,3.771,-5.078,-5.594,4.615,6.828,-5.526,6.144
9.8200,6,0.010,-1.097,0.139,-5.350,6.313,5.383,7.316,6.686,3.770,-5.077,-5.594,4.615,6.830,-5.526,6.143
9.8300,6,0.009,-1.096,0.141,-5.349,6.313,5.382,7.319,6.685,3.770,-5.075,-5.594,4.615,6.831,-5.526,6.142
9.8400,6,0.008,-1.094,0.142,-5.347,6.313,5.382,7.321,6.685,3.769,-5.073,-5.595,4.615,6.833,-5.526,6.141
9.8500,6,0.007,-1.092,0.144,-5.346,6.313,5.381,7.324,6.685,3.769,-5.071,-5.595,4.616,6.834,-5.526,6.141
9.8600,6,0.006,-1.090,0.145,-5.345,6.313,5.380,7.326,6.685,3.768,-5.069,-5.595,4.616,6.836,-5.526,6.140
9.8700,6,0.005,-1.088,0.146,-5.344,6.313,5.379,7.329,6.684,3.768,-5.068,-5.595,4.616,6.837,-5.526,6.139
9.8800,6,0.004,-1.085,0.148,-5.342,6.313,5.378,7.332,6.684,3.767,-5.066,-5.595,4.616,6.839,-5.526,6.138
9.8900,6,0.003,-1.083,0.149,-5.341,6.312,5.377,7.334,6.684,3.767,-5.064,-5.596,4.616,6.841,-5.526,6.138
9.9000,6,0.003,-1.081,0.151,-5.340,6.312,5.377,7.337,6.684,3.766,-5.062,-5.596,4.617,6.842,-5.526,6.137
9.9100,6,0.002,-1.079,0.152,-5.338,6.312,5.376,7.339,6.683,3.766,-5.060,-5.596,4.617,6.844,-5.526,6.136
9.9200,6,0.001,-1.077,0.153,-5.337,6.312,5.375,7.342,6.683,3.765,-5.058,-5.596,4.617,6.845,-5.526,6.135
9.9300,6,0.001,-1.075,0.155,-5.336,6.312,5.374,7.344,6.683,3.765,-5.057,-5.596,4.617,6.847,-5.526,6.135
9.9400,6,0.000,-1.072,0.156,-5.335,6.312,5.373,7.347,6.683,3.764,-5.055,-5.597,4.617,6.848,-5.526,6.134
9.9500,6,-0.001,-1.070,0.158,-5.333,6.312,5.372,7.349,6.682,3.764,-5.053,-5.597,4.617,6.850,-5.526,6.133
9.9600,6,-0.001,-1.068,0.159,-5.332,6.312,5.372,7.352,6.682,3.763,-5.051,-5.597,4.618,6.852,-5.526,6.132
9.9700,6,-0.002,-1.065,0.160,-5.331,6.312,5.371,7.354,6.682,3.763,-5.049,-5.597,4.618,6.853,-5.526,6.132
9.9800,6,-0.002,-1.063,0.162,-5.330,6.312,5.370,7.357,6.681,3.762,-5.048,-5.598,4.618,6.855,-5.526,6.131
9.9900,6,-0.003,-1.060,0.163,-5.328,6.312,5.369,7.359,6.681,3.762,-5.046,-5.598,4.618,6.856,-5.526,6.130
10.0000,6,-0.003,-1.058,0.164,-5.327,6.311,5.368,7.362,6.681,3.761,-5.044,-5.598,4.618,6.858,-5.526,6.129
10.0100,6,-0.003,-1.055,0.166,-5.326,6.311,5.367,7.364,6.681,3.761,-5.042,-5.598,4.619,6.859,-5.526,6.129
10.0200,6,-0.004,-1.053,0.167,-5.325,6.311,5.367,7.367,6.680,3.760,-5.040,-5.598,4.619,6.861,-5.526,6.128
10.0300,6,-0.004,-1.050,0.168,-5.323,6.311,5.366,7.370,6.680,3.760,-5.039,-5.599,4.619,6.863,-5.527,6.127
10.0400,6,-0.004,-1.047,0.169,-5.322,6.311,5.365,7.372,6.680,3.759,-5.037,-5.599,4.619,6.864,-5.527,6.126
10.0500,6,-0.005,-1.045,0.171,-5.321,6.311,5.364,7.375,6.679,3.759,-5.035,-5.599,4.619,6.866,-5.527,6.125
10.0600,6,-0.005,-1.042,0.172,-5.320,6.311,5.363,7.377,6.679,3.758,-5.033,-5.599,4.620,6.867,-5.527,6.125
10.0700,6,-0.005,-1.039,0.173,-5.318,6.311,5.362,7.380,6.679,3.758,-5.031,-5.600,4.620,6.869,-5.527,6.124
10.0800,6,-0.005,-1.036,0.175,-5.317,6.311,5.362,7.382,6.679,3.757,-5.030,-5.600,4.620,6.870,-5.527,6.123
10.0900,6,-0.005,-1.034,0.176,-5.316,6.311,5.361,7.385,6.678,3.757,-5.028,-5.600,4.620,6.872,-5.527,6.122
10.1000,6,-0.006,-1.031,0.177,-5.315,6.310,5.360,7.387,6.678,3.756,-5.026,-5.600,4.620,6.874,-5.527,6.122
10.1100,6,-0.006,-1.028,0.178,-5.313,6.310,5.359,7.390,6.678,3.756,-5.024,-5.601,4.620,6.875,-5.527,6.121
10.1200,6,-0.006,-1.025,0.179,-5.312,6.310,5.358,7.392,6.677,3.756,-5.022,-5.601,4.621,6.877,-5.527,6.120
10.1300,6,-0.006,-1.022,0.181,-5.311,6.310,5.357,7.395,6.677,3.755,-5.021,-5.601,4.621,6.878,-5.527,6.119
10.1400,6,-0.006,-1.019,0.182,-5.310,6.310,5.357,7.397,6.677,3.755,-5.019,-5.601,4.621,6.880,-5.527,6.119
10.1500,6,-0.006,-1.016,0.183,-5.308,6.310,5.356,7.400,6.676,3.754,-5.017,-5.602,4.621,6.881,-5.527,6.118
10.1600,6,-0.006,-1.013,0.184,-5.307,6.310,5.355,7.402,6.676,3.754,-5.015,-5.602,4.621,6.883,-5.527,6.117
10.1700,6,-0.006,-1.010,0.185,-5.306,6.310,5.354,7.405,6.676,3.753,-5.013,-5.602,4.622,6.885,-5.527,6.116
10.1800,6,-0.006,-1.007,0.187,-5.304,6.310,5.353,7.407,6.675,3.753,-5.012,-5.602,4.622,6.886,-5.527,6.116
10.1900,6,-0.006,-1.004,0.188,-5.303,6.309,5.352,7.410,6.675,3.752,-5.010,-5.603,4.622,6.888,-5.527,6.115
10.2000,6,-0.006,-1.000,0.189,-5.302,6.309,5.352,7.412,6.675,3.752,-5.008,-5.603,4.622,6.889,-5.527,6.114
10.2100,6,-0.006,-0.997,0.190,-5.301,6.309,5.351,7.415,6.674,3.751,-5.006,-5.603,4.622,6.891,-5.527,6.113
10.2200,6,-0.006,-0.994,0.191,-5.299,6.309,5.350,7.417,6.674,3.751,-5.004,-5.603,4.622,6.892,-5.528,6.113
10.2300,6,-0.006,-0.991,0.192,-5.298,6.309,5.349,7.420,6.674,3.750,-5.003,-5.604,4.623,6.894,-5.528,6.112
10.2400,6,-0.006,-0.987,0.193,-5.297,6.309,5.348,7.423,6.673,3.750,-5.001,-5.604,4.623,6.896,-5.528,6.111
10.2500,6,-0.005,-0.984,0.195,-5.296,6.309,5.347,7.425,6.673,3.750,-4.999,-5.604,4.623,6.897,-5.528,6.110
10.2600,6,-0.005,-0.980,0.196,-5.294,6.309,5.347,7.428,6.673,3.749,-4.997,-5.604,4.623,6.899,-5.528,6.110
10.2700,6,-0.005,-0.977,0.197,-5.293,6.309,5.346,7.430,6.672,3.749,-4.995,-5.605,4.623,6.900,-5.528,6.109
10.2800,6,-0.005,-0.973,0.198,-5.292,6.308,5.345,7.433,6.672,3.748,-4.994,-5.605,4.624,6.902,-5.528,6.108
10.2900,6,-0.005,-0.970,0.199,-5.291,6.308,5.344,7.435,6.672,3.748,-4.992,-5.605,4.624,6.903,-5.528,6.107
10.3000,6,-0.005,-0.966,0.200,-5.289,6.308,5.343,7.438,6.671,3.747,-4.990,-5.606,4.624,6.905,-5.528,6.107
10.3100,6,-0.004,-0.963,0.201,-5.288,6.308,5.343,7.440,6.671,3.747,-4.988,-5.606,4.624,6.906,-5.528,6.106
10.3200,6,-0.004,-0.959,0.202,-5.287,6.308,5.342,7.443,6.671,3.746,-4.986,-5.606,4.624,6.908,-5.528,6.105
10.3300,6,-0.004,-0.956,0.203,-5.286,6.308,5.341,7.445,6.670,3.746,-4.985,-5.606,4.624,6.910,-5.528,6.104
10.3400,6,-0.004,-0.952,0.204,-5.284,6.308,5.340,7.448,6.670,3.746,-4.983,-5.607,4.625,6.911,-5.528,6.104
10.3500,6,-0.003,-0.948,0.205,-5.283,6.308,5.339,7.450,6.670,3.745,-4.981,-5.607,4.625,6.913,-5.528,6.103
10.3600,6,-0.003,-0.944,0.206,-5.282,6.307,5.338,7.453,6.669,3.745,-4.979,-5.607,4.625,6.914,-5.529,6.102
10.3700,6,-0.003,-0.941,0.207,-5.281,6.307,5.338,7.455,6.669,3.744,-4.977,-5.607,4.625,6.916,-5.529,6.102
10.3800,6,-0.003,-0.937,0.208,-5.279,6.307,5.337,7.458,6.669,3.744,-4.976,-5.608,4.625,6.917,-5.529,6.101
10.3900,6,-0.002,-0.933,0.209,-5.278,6.307,5.336,7.460,6.668,3.743,-4.974,-5.608,4.626,6.919,-5.529,6.100
10.4000,6,-0.002,-0.929,0.210,-5.277,6.307,5.335,7.463,6.668,3.743,-4.972,-5.608,4.626,6.921,-5.529,6.099
10.4100,6,-0.002,-0.925,0.211,-5.276,6.307,5.334,7.465,6.668,3.743,-4.970,-5.609,4.626,6.922,-5.529,6.099
10.4200,6,-0.002,-0.921,0.212,-5.274,6.307,5.334,7.468,6.667,3.742,-4.968,-5.609,4.626,6.924,-5.529,6.098
10.4300,6,-0.001,-0.917,0.213,-5.273,6.307,5.333,7.470,6.667,3.742,-4.967,-5.609,4.626,6.925,-5.529,6.097
10.4400,6,-0.001,-0.913,0.214,-5.272,6.306,5.332,7.473,6.666,3.741,-4.965,-5.609,4.627,6.927,-5.529,6.096
10.4500,6,-0.001,-0.909,0.215,-5.271,6.306,5.331,7.475,6.666,3.741,-4.963,-5.610,4.627,6.928,-5.529,6.096
10.4600,6,-0.000,-0.905,0.215,-5.269,6.306,5.330,7.478,6.666,3.740,-4.961,-5.610,4.627,6.930,-5.529,6.095
10.4700,6,-0.000,-0.901,0.216,-5.268,6.306,5.329,7.480,6.665,3.740,-4.959,-5.610,4.627,6.932,-5.529,6.094
10.4800,6,0.000,-0.897,0.217,-5.267,6.306,5.329,7.483,6.665,3.740,-4.958,-5.611,4.627,6.933,-5.530,6.094
10.4900,6,0.001,-0.892,0.218,-5.266,6.306,5.328,7.485,6.665,3.739,-4.956,-5.611,4.628,6.935,-5.530,6.093
10.5000,6,0.001,-0.888,0.219,-5.264,6.306,5.327,7.488,6.664,3.739,-4.954,-5.611,4.628,6.936,-5.530,6.092
10.5100,6,0.001,-0.884,0.220,-5.263,6.305,5.326,7.490,6.664,3.738,-4.952,-5.611,4.628,6.938,-5.530,6.091
10.5200,6,0.001,-0.880,0.221,-5.262,6.305,5.325,7.493,6.663,3.738,-4.950,-5.612,4.628,6.939,-5.530,6.091
10.5300,6,0.002,-0.875,0.221,-5.261,6.305,5.325,7.495,6.663,3.738,-4.949,-5.612,4.628,6.941,-5.530,6.090
10.5400,6,0.002,-0.871,0.222,-5.259,6.305,5.324,7.498,6.663,3.737,-4.947,-5.612,4.629,6.942,-5.530,6.089
10.5500,6,0.002,-0.867,0.223,-5.258,6.305,5.323,7.500,6.662,3.737,-4.945,-5.613,4.629,6.944,-5.530,6.089
10.5600,6,0.003,-0.862,0.224,-5.257,6.305,5.322,7.503,6.662,3.736,-4.943,-5.613,4.629,6.946,-5.530,6.088
10.5700,6,0.003,-0.858,0.225,-5.255,6.305,5.322,7.505,6.662,3.736,-4.941,-5.613,4.629,6.947,-5.530,6.087
10.5800,6,0.003,-0.853,0.225,-5.254,6.304,5.321,7.508,6.661,3.736,-4.940,-5.614,4.629,6.949,-5.530,6.087
10.5900,6,0.003,-0.849,0.226,-5.253,6.304,5.320,7.510,6.661,3.735,-4.938,-5.614,4.630,6.950,-5.531,6.086
10.6000,6,0.004,-0.844,0.227,-5.252,6.304,5.319,7.513,6.660,3.735,-4.936,-5.614,4.630,6.952,-5.531,6.085
10.6100,6,0.004,-0.839,0.228,-5.250,6.304,5.318,7.515,6.660,3.734,-4.934,-5.614,4.630,6.953,-5.531,6.085
10.6200,6,0.004,-0.835,0.228,-5.249,6.304,5.318,7.518,6.660,3.734,-4.932,-5.615,4.630,6.955,-5.531,6.084
10.6300,6,0.004,-0.830,0.229,-5.248,6.304,5.317,7.520,6.659,3.734,-4.931,-5.615,4.630,6.956,-5.531,6.083
10.6400,6,0.005,-0.825,0.230,-5.247,6.304,5.316,7.523,6.659,3.733,-4.929,-5.615,4.631,6.958,-5.531,6.083
10.6500,6,0.005,-0.821,0.230,-5.245,6.303,5.315,7.525,6.658,3.733,-4.927,-5.616,4.631,6.960,-5.531,6.082
10.6600,6,0.005,-0.816,0.231,-5.244,6.303,5.315,7.528,6.658,3.732,-4.925,-5.616,4.631,6.961,-5.531,6.081
10.6700,6,0.005,-0.811,0.232,-5.243,6.303,5.314,7.530,6.658,3.732,-4.923,-5.616,4.631,6.963,-5.531,6.081
10.6800,6,0.005,-0.806,0.232,-5.242,6.303,5.313,7.533,6.657,3.732,-4.922,-5.617,4.631,6.964,-5.531,6.080
10.6900,6,0.005,-0.801,0.233,-5.240,6.303,5.312,7.535,6.657,3.731,-4.920,-5.617,4.632,6.966,-5.532,6.079
10.7000,6,0.006,-0.797,0.234,-5.239,6.303,5.312,7.538,6.656,3.731,-4.918,-5.617,4.632,6.967,-5.532,6.079
10.7100,6,0.006,-0.792,0.234,-5.238,6.303,5.311,7.540,6.656,3.731,-4.916,-5.618,4.632,6.969,-5.532,6.078
10.7200,6,0.006,-0.787,0.235,-5.237,6.302,5.310,7.543,6.656,3.730,-4.915,-5.618,4.632,6.971,-5.532,6.077
10.7300,6,0.006,-0.782,0.235,-5.235,6.302,5.309,7.545,6.655,3.730,-4.913,-5.618,4.633,6.972,-5.532,6.077
10.7400,6,0.006,-0.777,0.236,-5.234,6.302,5.309,7.548,6.655,3.730,-4.911,-5.618,4.633,6.974,-5.532,6.076
10.7500,6,0.006,-0.772,0.237,-5.233,6.302,5.308,7.550,6.654,3.729,-4.909,-5.619,4.633,6.975,-5.532,6.075
10.7600,6,0.006,-0.767,0.237,-5.232,6.302,5.307,7.553,6.654,3.729,-4.907,-5.619,4.633,6.977,-5.532,6.075
10.7700,6,0.006,-0.761,0.238,-5.230,6.302,5.306,7.555,6.654,3.729,-4.906,-5.619,4.633,6.978,-5.532,6.074
10.7800,6,0.006,-0.756,0.238,-5.229,6.302,5.306,7.558,6.653,3.728,-4.904,-5.620,4.634,6.980,-5.533,6.073
10.7900,6,0.006,-0.751,0.239,-5.228,6.301,5.305,7.560,6.653,3.728,-4.902,-5.620,4.634,6.981,-5.533,6.073
10.8000,6,0.006,-0.746,0.239,-5.227,6.301,5.304,7.563,6.652,3.727,-4.900,-5.620,4.634,6.983,-5.533,6.072
10.8100,6,0.006,-0.741,0.240,-5.225,6.301,5.303,7.565,6.652,3.727,-4.898,-5.621,4.634,6.985,-5.533,6.071
10.8200,6,0.006,-0.735,0.240,-5.224,6.301,5.303,7.568,6.651,3.727,-4.897,-5.621,4.635,6.986,-5.533,6.071
10.8300,6,0.006,-0.730,0.241,-5.223,6.301,5.302,7.570,6.651,3.726,-4.895,-5.621,4.635,6.988,-5.533,6.070
10.8400,6,0.006,-0.725,0.241,-5.222,6.301,5.301,7.573,6.651,3.726,-4.893,-5.622,4.635,6.989,-5.533,6.070
10.8500,6,0.006,-0.719,0.242,-5.220,6.300,5.301,7.575,6.650,3.726,-4.891,-5.622,4.635,6.991,-5.533,6.069
10.8600,6,0.005,-0.714,0.242,-5.219,6.300,5.300,7.578,6.650,3.725,-4.889,-5.622,4.636,6.992,-5.533,6.068
10.8700,6,0.005,-0.709,0.243,-5.218,6.300,5.299,7.580,6.649,3.725,-4.888,-5.623,4.636,6.994,-5.534,6.068
10.8800,6,0.005,-0.703,0.243,-5.217,6.300,5.298,7.583,6.649,3.725,-4.886,-5.623,4.636,6.995,-5.534,6.067
10.8900,6,0.005,-0.698,0.243,-5.215,6.300,5.298,7.585,6.648,3.725,-4.884,-5.623,4.636,6.997,-5.534,6.067
10.9000,6,0.004,-0.692,0.244,-5.214,6.300,5.297,7.588,6.648,3.724,-4.882,-5.624,4.637,6.999,-5.534,6.066
10.9100,6,0.004,-0.687,0.244,-5.213,6.299,5.296,7.590,6.648,3.724,-4.881,-5.624,4.637,7.000,-5.534,6.065
10.9200,6,0.004,-0.681,0.245,-5.212,6.299,5.296,7.593,6.647,3.724,-4.879,-5.624,4.637,7.002,-5.534,6.065
10.9300,6,0.003,-0.675,0.245,-5.210,6.299,5.295,7.595,6.647,3.723,-4.877,-5.625,4.637,7.003,-5.534,6.064
10.9400,6,0.003,-0.670,0.245,-5.209,6.299,5.294,7.598,6.646,3.723,-4.875,-5.625,4.638,7.005,-5.534,6.064
10.9500,6,0.003,-0.664,0.246,-5.208,6.299,5.294,7.600,6.646,3.723,-4.873,-5.625,4.638,7.006,-5.535,6.063
10.9600,6,0.002,-0.659,0.246,-5.207,6.299,5.293,7.603,6.645,3.722,-4.872,-5.626,4.638,7.008,-5.535,6.062
10.9700,6,0.002,-0.653,0.246,-5.205,6.299,5.292,7.605,6.645,3.722,-4.870,-5.626,4.638,7.009,-5.535,6.062
10.9800,6,0.001,-0.647,0.246,-5.204,6.298,5.292,7.608,6.645,3.722,-4.868,-5.626,4.639,7.011,-5.535,6.061
10.9900,6,0.001,-0.641,0.247,-5.203,6.298,5.291,7.610,6.644,3.722,-4.866,-5.626,4.639,7.013,-5.535,6.061
11.0000,6,0.000,-0.636,0.247,-5.202,6.298,5.290,7.612,6.644,3.721,-4.864,-5.627,4.639,7.014,-5.535,6.060
11.0100,6,-0.000,-0.630,0.247,-5.200,6.298,5.290,7.615,6.643,3.721,-4.863,-5.627,4.640,7.016,-5.535,6.060
11.0200,6,-0.001,-0.624,0.248,-5.199,6.298,5.289,7.617,6.643,3.721,-4.861,-5.627,4.640,7.017,-5.535,6.059
11.0300,6,-0.002,-0.618,0.248,-5.198,6.298,5.288,7.620,6.642,3.720,-4.859,-5.628,4.640,7.019,-5.536,6.058
11.0400,6,-0.002,-0.612,0.248,-5.197,6.297,5.288,7.622,6.642,3.720,-4.857,-5.628,4.640,7.020,-5.536,6.058
11.0500,6,-0.003,-0.606,0.248,-5.195,6.297,5.287,7.625,6.642,3.720,-4.856,-5.628,4.641,7.022,-5.536,6.057
11.0600,6,-0.004,-0.600,0.248,-5.194,6.297,5.286,7.627,6.641,3.720,-4.854,-5.629,4.641,7.023,-5.536,6.057
11.0700,6,-0.005,-0.594,0.249,-5.193,6.297,5.286,7.630,6.641,3.719,-4.852,-5.629,4.641,7.025,-5.536,6.056
11.0800,6,-0.005,-0.588,0.249,-5.192,6.297,5.285,7.632,6.640,3.719,-4.850,-5.629,4.642,7.027,-5.536,6.056
11.0900,6,-0.006,-0.582,0.249,-5.190,6.297,5.284,7.635,6.640,3.719,-4.848,-5.630,4.642,7.028,-5.536,6.055
11.1000,6,-0.007,-0.576,0.249,-5.189,6.296,5.284,7.637,6.639,3.719,-4.847,-5.630,4.642,7.030,-5.536,6.055
11.1100,6,-0.008,-0.570,0.249,-5.188,6.296,5.283,7.640,6.639,3.718,-4.845,-5.630,4.642,7.031,-5.537,6.054
11.1200,6,-0.009,-0.564,0.249,-5.187,6.296,5.283,7.642,6.638,3.718,-4.843,-5.631,4.643,7.033,-5.537,6.054
11.1300,6,-0.010,-0.558,0.250,-5.185,6.296,5.282,7.645,6.638,3.718,-4.841,-5.631,4.643,7.034,-5.537,6.053
11.1400,6,-0.011,-0.552,0.250,-5.184,6.296,5.281,7.647,6.638,3.718,-4.839,-5.631,4.643,7.036,-5.537,6.053
11.1500,6,-0.012,-0.546,0.250,-5.183,6.296,5.281,7.650,6.637,3.717,-4.838,-5.632,4.644,7.037,-5.537,6.052
11.1600,6,-0.013,-0.539,0.250,-5.182,6.295,5.280,7.652,6.637,3.717,-4.836,-5.632,4.644,7.039,-5.537,6.052
11.1700,6,-0.015,-0.533,0.250,-5.180,6.295,5.280,7.655,6.636,3.717,-4.834,-5.632,4.644,7.041,-5.537,6.051
11.1800,6,-0.016,-0.527,0.250,-5.179,6.295,5.279,7.657,6.636,3.717,-4.832,-5.633,4.645,7.042,-5.537,6.051
11.1900,6,-0.017,-0.521,0.250,-5.178,6.295,5.278,7.660,6.635,3.717,-4.831,-5.633,4.645,7.044,-5.538,6.050
11.2000,6,-0.018,-0.514,0.250,-5.177,6.295,5.278,7.662,6.635,3.716,-4.829,-5.634,4.645,7.045,-5.538,6.050
11.2100,6,-0.020,-0.508,0.250,-5.175,6.295,5.277,7.665,6.634,3.716,-4.827,-5.634,4.646,7.047,-5.538,6.049
11.2200,6,-0.021,-0.502,0.250,-5.174,6.294,5.277,7.667,6.634,3.716,-4.825,-5.634,4.646,7.048,-5.538,6.049
11.2300,6,-0.022,-0.495,0.250,-5.173,6.294,5.276,7.670,6.634,3.716,-4.823,-5.635,4.646,7.050,-5.538,6.048
11.2400,6,-0.024,-0.489,0.250,-5.172,6.294,5.275,7.672,6.633,3.715,-4.822,-5.635,4.647,7.051,-5.538,6.048
11.2500,6,-0.025,-0.482,0.250,-5.170,6.294,5.275,7.675,6.633,3.715,-4.820,-5.635,4.647,7.053,-5.538,6.047
11.2600,6,-0.027,-0.476,0.250,-5.169,6.294,5.274,7.677,6.632,3.715,-4.818,-5.636,4.647,7.055,-5.539,6.047
11.2700,6,-0.029,-0.469,0.250,-5.168,6.294,5.274,7.679,6.632,3.715,-4.816,-5.636,4.648,7.056,-5.539,6.046
11.2800,6,-0.030,-0.463,0.250,-5.167,6.293,5.273,7.682,6.631,3.715,-4.814,-5.636,4.648,7.058,-5.539,6.046
11.2900,6,-0.032,-0.456,0.250,-5.165,6.293,5.273,7.684,6.631,3.714,-4.813,-5.637,4.648,7.059,-5.539,6.045
11.3000,6,-0.034,-0.450,0.250,-5.164,6.293,5.272,7.687,6.630,3.714,-4.811,-5.637,4.649,7.061,-5.539,6.045
11.3100,6,-0.035,-0.443,0.250,-5.163,6.293,5.272,7.689,6.630,3.714,-4.809,-5.637,4.649,7.062,-5.539,6.045
11.3200,6,-0.037,-0.437,0.249,-5.162,6.293,5.271,7.692,6.629,3.714,-4.807,-5.638,4.649,7.064,-5.539,6.044
11.3300,6,-0.039,-0.430,0.249,-5.160,6.293,5.271,7.694,6.629,3.714,-4.806,-5.638,4.650,7.065,-5.539,6.044
11.3400,6,-0.041,-0.424,0.249,-5.159,6.292,5.270,7.697,6.629,3.714,-4.804,-5.638,4.650,7.067,-5.540,6.043
11.3500,6,-0.043,-0.417,0.249,-5.158,6.292,5.270,7.699,6.628,3.713,-4.802,-5.639,4.651,7.068,-5.540,6.043
11.3600,6,-0.045,-0.410,0.249,-5.157,6.292,5.269,7.702,6.628,3.713,-4.800,-5.639,4.651,7.070,-5.540,6.042
11.3700,6,-0.047,-0.404,0.249,-5.155,6.292,5.269,7.704,6.627,3.713,-4.798,-5.639,4.651,7.072,-5.540,6.042
11.3800,6,-0.049,-0.397,0.248,-5.154,6.292,5.268,7.707,6.627,3.713,-4.797,-5.640,4.652,7.073,-5.540,6.042
11.3900,6,-0.051,-0.390,0.248,-5.153,6.291,5.267,7.709,6.626,3.713,-4.795,-5.640,4.652,7.075,-5.540,6.041
11.4000,6,-0.053,-0.383,0.248,-5.152,6.291,5.267,7.712,6.626,3.713,-4.793,-5.640,4.652,7.076,-5.540,6.041
11.4100,6,-0.056,-0.377,0.248,-5.150,6.291,5.267,7.714,6.625,3.713,-4.791,-5.641,4.653,7.078,-5.541,6.040
11.4200,6,-0.058,-0.370,0.248,-5.149,6.291,5.266,7.717,6.625,3.712,-4.790,-5.641,4.653,7.079,-5.541,6.040
11.4300,6,-0.060,-0.363,0.247,-5.148,6.291,5.266,7.719,6.624,3.712,-4.788,-5.641,4.654,7.081,-5.541,6.040
11.4400,6,-0.063,-0.356,0.247,-5.147,6.291,5.265,7.722,6.624,3.712,-4.786,-5.642,4.654,7.082,-5.541,6.039
11.4500,6,-0.065,-0.349,0.247,-5.145,6.290,5.265,7.724,6.624,3.712,-4.784,-5.642,4.654,7.084,-5.541,6.039
11.4600,6,-0.067,-0.343,0.246,-5.144,6.290,5.264,7.726,6.623,3.712,-4.782,-5.642,4.655,7.086,-5.541,6.039
11.4700,6,-0.070,-0.336,0.246,-5.143,6.290,5.264,7.729,6.623,3.712,-4.781,-5.643,4.655,7.087,-5.541,6.038
11.4800,6,-0.073,-0.329,0.246,-5.142,6.290,5.263,7.731,6.622,3.712,-4.779,-5.643,4.656,7.089,-5.542,6.038
11.4900,6,-0.075,-0.322,0.246,-5.140,6.290,5.263,7.734,6.622,3.711,-4.777,-5.643,4.656,7.090,-5.542,6.037
11.5000,6,-0.078,-0.315,0.245,-5.139,6.290,5.262,7.736,6.621,3.711,-4.775,-5.644,4.656,7.092,-5.542,6.037
11.5100,6,-0.081,-0.308,0.245,-5.138,6.289,5.262,7.739,6.621,3.711,-4.774,-5.644,4.657,7.093,-5.542,6.037
11.5200,6,-0.083,-0.301,0.245,-5.137,6.289,5.261,7.741,6.620,3.711,-4.772,-5.644,4.657,7.095,-5.542,6.036
11.5300,6,-0.086,-0.294,0.244,-5.135,6.289,5.261,7.744,6.620,3.711,-4.770,-5.645,4.658,7.096,-5.542,6.036
11.5400,6,-0.089,-0.287,0.244,-5.134,6.289,5.261,7.746,6.619,3.711,-4.768,-5.645,4.658,7.098,-5.542,6.036
11.5500,6,-0.092,-0.280,0.243,-5.133,6.289,5.260,7.749,6.619,3.711,-4.766,-5.646,4.659,7.099,-5.543,6.035
11.5600,6,-0.095,-0.273,0.243,-5.132,6.289,5.260,7.751,6.618,3.711,-4.765,-5.646,4.659,7.101,-5.543,6.035
11.5700,6,-0.098,-0.266,0.243,-5.130,6.288,5.259,7.754,6.618,3.711,-4.763,-5.646,4.659,7.103,-5.543,6.035
11.5800,6,-0.101,-0.259,0.242,-5.129,6.288,5.259,7.756,6.618,3.711,-4.761,-5.647,4.660,7.104,-5.543,6.035
11.5900,6,-0.104,-0.252,0.242,-5.128,6.288,5.259,7.759,6.617,3.711,-4.759,-5.647,4.660,7.106,-5.543,6.034
11.6000,6,-0.107,-0.245,0.241,-5.127,6.288,5.258,7.761,6.617,3.710,-4.758,-5.647,4.661,7.107,-5.543,6.034
11.6100,6,-0.111,-0.238,0.241,-5.126,6.288,5.258,7.763,6.616,3.710,-4.756,-5.648,4.661,7.109,-5.543,6.034
11.6200,6,-0.114,-0.231,0.240,-5.124,6.287,5.257,7.766,6.616,3.710,-4.754,-5.648,4.662,7.110,-5.543,6.033
11.6300,6,-0.117,-0.224,0.240,-5.123,6.287,5.257,7.768,6.615,3.710,-4.752,-5.648,4.662,7.112,-5.544,6.033
11.6400,6,-0.121,-0.217,0.239,-5.122,6.287,5.257,7.771,6.615,3.710,-4.750,-5.649,4.663,7.113,-5.544,6.033
11.6500,6,-0.124,-0.209,0.239,-5.121,6.287,5.256,7.773,6.614,3.710,-4.749,-5.649,4.663,7.115,-5.544,6.032
11.6600,6,-0.128,-0.202,0.238,-5.119,6.287,5.256,7.776,6.614,3.710,-4.747,-5.649,4.663,7.117,-5.544,6.032
11.6700,6,-0.131,-0.195,0.238,-5.118,6.287,5.256,7.778,6.613,3.710,-4.745,-5.650,4.664,7.118,-5.544,6.032
11.6800,6,-0.135,-0.188,0.237,-5.117,6.286,5.255,7.781,6.613,3.710,-4.743,-5.650,4.664,7.120,-5.544,6.032
11.6900,6,-0.138,-0.181,0.237,-5.116,6.286,5.255,7.783,6.612,3.710,-4.742,-5.650,4.665,7.121,-5.544,6.031
11.7000,6,-0.142,-0.174,0.236,-5.114,6.286,5.255,7.786,6.612,3.710,-4.740,-5.651,4.665,7.123,-5.545,6.031
11.7100,6,-0.146,-0.166,0.235,-5.113,6.286,5.254,7.788,6.612,3.710,-4.738,-5.651,4.666,7.124,-5.545,6.031
11.7200,6,-0.150,-0.159,0.235,-5.112,6.286,5.254,7.791,6.611,3.710,-4.736,-5.651,4.666,7.126,-5.545,6.031
11.7300,6,-0.154,-0.152,0.234,-5.111,6.286,5.254,7.793,6.611,3.710,-4.734,-5.652,4.667,7.127,-5.545,6.030
11.7400,6,-0.157,-0.145,0.234,-5.109,6.285,5.253,7.796,6.610,3.710,-4.733,-5.652,4.667,7.129,-5.545,6.030
11.7500,6,-0.161,-0.137,0.233,-5.108,6.285,5.253,7.798,6.610,3.710,-4.731,-5.652,4.668,7.130,-5.545,6.030
11.7600,6,-0.165,-0.130,0.232,-5.107,6.285,5.253,7.800,6.609,3.710,-4.729,-5.653,4.668,7.132,-5.545,6.030
11.7700,6,-0.169,-0.123,0.232,-5.106,6.285,5.252,7.803,6.609,3.710,-4.727,-5.653,4.669,7.134,-5.546,6.030
11.7800,6,-0.174,-0.116,0.231,-5.104,6.285,5.252,7.805,6.608,3.710,-4.726,-5.653,4.669,7.135,-5.546,6.029
11.7900,6,-0.178,-0.108,0.230,-5.103,6.284,5.252,7.808,6.608,3.710,-4.724,-5.654,4.670,7.137,-5.546,6.029
11.8000,6,-0.182,-0.101,0.230,-5.102,6.284,5.251,7.810,6.607,3.710,-4.722,-5.654,4.670,7.138,-5.546,6.029
11.8100,6,-0.186,-0.094,0.229,-5.101,6.284,5.251,7.813,6.607,3.710,-4.720,-5.655,4.671,7.140,-5.546,6.029
11.8200,6,-0.191,-0.086,0.228,-5.099,6.284,5.251,7.815,6.606,3.710,-4.718,-5.655,4.672,7.141,-5.546,6.029
11.8300,6,-0.195,-0.079,0.228,-5.098,6.284,5.251,7.818,6.606,3.710,-4.717,-5.655,4.672,7.143,-5.546,6.028
11.8400,6,-0.199,-0.072,0.227,-5.097,6.284,5.250,7.820,6.605,3.710,-4.715,-5.656,4.673,7.144,-5.547,6.028
11.8500,6,-0.204,-0.064,0.226,-5.096,6.283,5.250,7.823,6.605,3.710,-4.713,-5.656,4.673,7.146,-5.547,6.028
11.8600,6,-0.209,-0.057,0.225,-5.094,6.283,5.250,7.825,6.605,3.710,-4.711,-5.656,4.674,7.147,-5.547,6.028
11.8700,6,-0.213,-0.050,0.225,-5.093,6.283,5.250,7.827,6.604,3.710,-4.710,-5.657,4.674,7.149,-5.547,6.028
11.8800,6,-0.218,-0.042,0.224,-5.092,6.283,5.249,7.830,6.604,3.710,-4.708,-5.657,4.675,7.151,-5.547,6.028
11.8900,6,-0.222,-0.035,0.223,-5.091,6.283,5.249,7.832,6.603,3.710,-4.706,-5.657,4.675,7.152,-5.547,6.027
11.9000,6,-0.227,-0.027,0.222,-5.089,6.283,5.249,7.835,6.603,3.710,-4.704,-5.658,4.676,7.154,-5.547,6.027
11.9100,6,-0.232,-0.020,0.221,-5.088,6.282,5.249,7.837,6.602,3.710,-4.703,-5.658,4.676,7.155,-5.548,6.027
11.9200,6,-0.237,-0.013,0.221,-5.087,6.282,5.249,7.840,6.602,3.710,-4.701,-5.658,4.677,7.157,-5.548,6.027
11.9300,6,-0.242,-0.005,0.220,-5.086,6.282,5.248,7.842,6.601,3.710,-4.699,-5.659,4.678,7.158,-5.548,6.027
11.9400,6,-0.247,0.002,0.219,-5.084,6.282,5.248,7.845,6.601,3.710,-4.697,-5.659,4.678,7.160,-5.548,6.027
11.9500,6,-0.252,0.010,0.218,-5.083,6.282,5.248,7.847,6.600,3.710,-4.695,-5.659,4.679,7.161,-5.548,6.027
11.9600,6,-0.257,0.017,0.217,-5.082,6.281,5.248,7.850,6.600,3.710,-4.694,-5.660,4.679,7.163,-5.548,6.027
11.9700,6,-0.262,0.024,0.216,-5.081,6.281,5.248,7.852,6.599,3.710,-4.692,-5.660,4.680,7.164,-5.548,6.026
11.9800,6,-0.267,0.032,0.215,-5.079,6.281,5.247,7.854,6.599,3.710,-4.690,-5.660,4.681,7.166,-5.549,6.026
11.9900,6,-0.272,0.039,0.215,-5.078,6.281,5.247,7.857,6.598,3.711,-4.688,-5.661,4.681,7.168,-5.549,6.026
12.0000,6,-0.278,0.047,0.214,-5.077,6.281,5.247,7.859,6.598,3.711,-4.687,-5.661,4.682,7.169,-5.549,6.026
12.0100,6,-0.283,0.054,0.213,-5.076,6.281,5.247,7.862,6.598,3.711,-4.685,-5.662,4.682,7.171,-5.549,6.026
12.0200,6,-0.288,0.062,0.212,-5.075,6.280,5.247,7.864,6.597,3.711,-4.683,-5.662,4.683,7.172,-5.549,6.026
12.0300,6,-0.294,0.069,0.211,-5.073,6.280,5.247,7.867,6.597,3.711,-4.681,-5.662,4.684,7.174,-5.549,6.026
12.0400,6,-0.299,0.076,0.210,-5.072,6.280,5.246,7.869,6.596,3.711,-4.680,-5.663,4.684,7.175,-5.549,6.026
12.0500,6,-0.305,0.084,0.209,-5.071,6.280,5.246,7.872,6.596,3.711,-4.678,-5.663,4.685,7.177,-5.550,6.026
12.0600,6,-0.310,0.091,0.208,-5.070,6.280,5.246,7.874,6.595,3.711,-4.676,-5.663,4.685,7.178,-5.550,6.026
12.0700,6,-0.316,0.099,0.207,-5.068,6.280,5.246,7.876,6.595,3.711,-4.674,-5.664,4.686,7.180,-5.550,6.026
12.0800,6,-0.321,0.106,0.206,-5.067,6.279,5.246,7.879,6.594,3.711,-4.672,-5.664,4.687,7.181,-5.550,6.026
12.0900,6,-0.327,0.114,0.205,-5.066,6.279,5.246,7.881,6.594,3.712,-4.671,-5.664,4.687,7.183,-5.550,6.026
12.1000,6,-0.333,0.121,0.204,-5.065,6.279,5.246,7.884,6.593,3.712,-4.669,-5.665,4.688,7.184,-5.550,6.026
12.1100,6,-0.339,0.129,0.203,-5.063,6.279,5.246,7.886,6.593,3.712,-4.667,-5.665,4.689,7.186,-5.550,6.026
12.1200,6,-0.344,0.136,0.202,-5.062,6.279,5.245,7.889,6.592,3.712,-4.665,-5.665,4.689,7.188,-5.551,6.026
12.1300,6,-0.350,0.143,0.201,-5.061,6.278,5.245,7.891,6.592,3.712,-4.664,-5.666,4.690,7.189,-5.551,6.026
12.1400,6,-0.356,0.151,0.200,-5.060,6.278,5.245,7.894,6.592,3.712,-4.662,-5.666,4.691,7.191,-5.551,6.026
12.1500,6,-0.362,0.158,0.199,-5.058,6.278,5.245,7.896,6.591,3.712,-4.660,-5.666,4.691,7.192,-5.551,6.026
12.1600,6,-0.368,0.166,0.198,-5.057,6.278,5.245,7.898,6.591,3.712,-4.658,-5.667,4.692,7.194,-5.551,6.026
12.1700,6,-0.374,0.173,0.197,-5.056,6.278,5.245,7.901,6.590,3.713,-4.657,-5.667,4.693,7.195,-5.551,6.026
12.1800,6,-0.380,0.181,0.196,-5.055,6.278,5.245,7.903,6.590,3.713,-4.655,-5.667,4.693,7.197,-5.551,6.026
12.1900,6,-0.387,0.188,0.195,-5.053,6.277,5.245,7.906,6.589,3.713,-4.653,-5.668,4.694,7.198,-5.552,6.026
12.2000,6,-0.393,0.196,0.193,-5.052,6.277,5.245,7.908,6.589,3.713,-4.651,-5.668,4.695,7.200,-5.552,6.026
12.2100,6,-0.399,0.203,0.192,-5.051,6.277,5.245,7.911,6.588,3.713,-4.650,-5.668,4.695,7.201,-5.552,6.026
12.2200,6,-0.405,0.210,0.191,-5.050,6.277,5.245,7.913,6.588,3.713,-4.648,-5.669,4.696,7.203,-5.552,6.026
12.2300,6,-0.412,0.218,0.190,-5.049,6.277,5.245,7.915,6.587,3.714,-4.646,-5.669,4.697,7.204,-5.552,6.026
12.2400,6,-0.418,0.225,0.189,-5.047,6.277,5.245,7.918,6.587,3.714,-4.644,-5.669,4.697,7.206,-5.552,6.026
12.2500,6,-0.424,0.233,0.188,-5.046,6.276,5.245,7.920,6.586,3.714,-4.642,-5.670,4.698,7.208,-5.552,6.026
12.2600,6,-0.431,0.240,0.187,-5.045,6.276,5.245,7.923,6.586,3.714,-4.641,-5.670,4.699,7.209,-5.552,6.026
12.2700,6,-0.437,0.247,0.185,-5.044,6.276,5.245,7.925,6.586,3.714,-4.639,-5.671,4.699,7.211,-5.553,6.026
12.2800,6,-0.444,0.255,0.184,-5.042,6.276,5.245,7.928,6.585,3.714,-4.637,-5.671,4.700,7.212,-5.553,6.026
12.2900,6,-0.450,0.262,0.183,-5.041,6.276,5.245,7.930,6.585,3.715,-4.635,-5.671,4.701,7.214,-5.553,6.026
12.3000,6,-0.457,0.270,0.182,-5.040,6.275,5.245,7.932,6.584,3.715,-4.634,-5.672,4.702,7.215,-5.553,6.026
12.3100,6,-0.464,0.277,0.181,-5.039,6.275,5.245,7.935,6.584,3.715,-4.632,-5.672,4.702,7.217,-5.553,6.026
12.3200,6,-0.470,0.284,0.179,-5.037,6.275,5.245,7.937,6.583,3.715,-4.630,-5.672,4.703,7.218,-5.553,6.026
12.3300,6,-0.477,0.292,0.178,-5.036,6.275,5.245,7.940,6.583,3.715,-4.628,-5.673,4.704,7.220,-5.553,6.026
12.3400,6,-0.484,0.299,0.177,-5.035,6.275,5.245,7.942,6.582,3.716,-4.627,-5.673,4.705,7.221,-5.554,6.026
12.3500,6,-0.491,0.307,0.176,-5.034,6.275,5.245,7.945,6.582,3.716,-4.625,-5.673,4.705,7.223,-5.554,6.027
12.3600,6,-0.498,0.314,0.175,-5.032,6.274,5.245,7.947,6.581,3.716,-4.623,-5.674,4.706,7.224,-5.554,6.027
12.3700,6,-0.505,0.321,0.173,-5.031,6.274,5.245,7.949,6.581,3.716,-4.621,-5.674,4.707,7.226,-5.554,6.027
12.3800,6,-0.511,0.329,0.172,-5.030,6.274,5.245,7.952,6.581,3.717,-4.620,-5.674,4.708,7.227,-5.554,6.027
12.3900,6,-0.518,0.336,0.171,-5.029,6.274,5.245,7.954,6.580,3.717,-4.618,-5.675,4.708,7.229,-5.554,6.027
12.4000,6,-0.525,0.343,0.169,-5.028,6.274,5.245,7.957,6.580,3.717,-4.616,-5.675,4.709,7.230,-5.554,6.027
12.4100,6,-0.532,0.351,0.168,-5.026,6.274,5.245,7.959,6.579,3.717,-4.614,-5.675,4.710,7.232,-5.555,6.027
12.4200,6,-0.540,0.358,0.167,-5.025,6.273,5.245,7.961,6.579,3.717,-4.613,-5.676,4.711,7.234,-5.555,6.027
12.4300,6,-0.547,0.365,0.166,-5.024,6.273,5.245,7.964,6.578,3.718,-4.611,-5.676,4.711,7.235,-5.555,6.028
12.4400,6,-0.554,0.372,0.164,-5.023,6.273,5.245,7.966,6.578,3.718,-4.609,-5.676,4.712,7.237,-5.555,6.028
12.4500,6,-0.561,0.380,0.163,-5.021,6.273,5.246,7.969,6.577,3.718,-4.607,-5.677,4.713,7.238,-5.555,6.028
12.4600,6,-0.568,0.387,0.162,-5.020,6.273,5.246,7.971,6.577,3.718,-4.606,-5.677,4.714,7.240,-5.555,6.028
12.4700,6,-0.575,0.394,0.160,-5.019,6.273,5.246,7.973,6.577,3.719,-4.604,-5.677,4.714,7.241,-5.555,6.028
12.4800,6,-0.583,0.401,0.159,-5.018,6.272,5.246,7.976,6.576,3.719,-4.602,-5.678,4.715,7.243,-5.555,6.028
12.4900,6,-0.590,0.409,0.158,-5.016,6.272,5.246,7.978,6.576,3.719,-4.600,-5.678,4.716,7.244,-5.556,6.029
12.5000,6,-0.597,0.416,0.156,-5.015,6.272,5.246,7.981,6.575,3.720,-4.599,-5.678,4.717,7.246,-5.556,6.029
12.5100,6,-0.605,0.423,0.155,-5.014,6.272,5.246,7.983,6.575,3.720,-4.597,-5.679,4.718,7.247,-5.556,6.029
12.5200,6,-0.612,0.430,0.153,-5.013,6.272,5.246,7.985,6.574,3.720,-4.595,-5.679,4.718,7.249,-5.556,6.029
12.5300,6,-0.619,0.437,0.152,-5.012,6.272,5.247,7.988,6.574,3.720,-4.593,-5.679,4.719,7.250,-5.556,6.029
12.5400,6,-0.627,0.445,0.151,-5.010,6.271,5.247,7.990,6.573,3.721,-4.592,-5.680,4.720,7.252,-5.556,6.030
12.5500,6,-0.634,0.452,0.149,-5.009,6.271,5.247,7.993,6.573,3.721,-4.590,-5.680,4.721,7.253,-5.556,6.030
12.5600,6,-0.642,0.459,0.148,-5.008,6.271,5.247,7.995,6.573,3.721,-4.588,-5.680,4.722,7.255,-5.557,6.030
12.5700,6,-0.649,0.466,0.146,-5.007,6.271,5.247,7.997,6.572,3.722,-4.587,-5.681,4.723,7.256,-5.557,6.030
12.5800,6,-0.657,0.473,0.145,-5.005,6.271,5.247,8.000,6.572,3.722,-4.585,-5.681,4.723,7.258,-5.557,6.031
12.5900,6,-0.664,0.480,0.144,-5.004,6.271,5.248,8.002,6.571,3.722,-4.583,-5.681,4.724,7.259,-5.557,6.031
12.6000,6,-0.672,0.487,0.142,-5.003,6.270,5.248,8.005,6.571,3.722,-4.581,-5.682,4.725,7.261,-5.557,6.031
12.6100,6,-0.680,0.495,0.141,-5.002,6.270,5.248,8.007,6.570,3.723,-4.580,-5.682,4.726,7.262,-5.557,6.031
12.6200,6,-0.687,0.502,0.139,-5.001,6.270,5.248,8.009,6.570,3.723,-4.578,-5.682,4.727,7.264,-5.557,6.032
12.6300,6,-0.695,0.509,0.138,-4.999,6.270,5.248,8.012,6.570,3.723,-4.576,-5.683,4.728,7.265,-5.557,6.032
12.6400,6,-0.703,0.516,0.136,-4.998,6.270,5.249,8.014,6.569,3.724,-4.574,-5.683,4.728,7.267,-5.558,6.032
12.6500,6,-0.710,0.523,0.135,-4.997,6.270,5.249,8.016,6.569,3.724,-4.573,-5.683,4.729,7.268,-5.558,6.032
12.6600,6,-0.718,0.530,0.133,-4.996,6.269,5.249,8.019,6.568,3.724,-4.571,-5.684,4.730,7.270,-5.558,6.033
12.6700,6,-0.726,0.537,0.132,-4.995,6.269,5.249,8.021,6.568,3.725,-4.569,-5.684,4.731,7.271,-5.558,6.033
12.6800,6,-0.734,0.544,0.130,-4.993,6.269,5.250,8.024,6.567,3.725,-4.568,-5.684,4.732,7.273,-5.558,6.033
12.6900,6,-0.741,0.551,0.129,-4.992,6.269,5.250,8.026,6.567,3.725,-4.566,-5.685,4.733,7.274,-5.558,6.033
12.7000,6,-0.749,0.558,0.127,-4.991,6.269,5.250,8.028,6.567,3.726,-4.564,-5.685,4.734,7.276,-5.558,6.034
12.7100,6,-0.757,0.564,0.126,-4.990,6.269,5.250,8.031,6.566,3.726,-4.562,-5.685,4.735,7.277,-5.558,6.034
12.7200,6,-0.765,0.571,0.124,-4.988,6.268,5.251,8.033,6.566,3.726,-4.561,-5.686,4.735,7.279,-5.559,6.034
12.7300,6,-0.773,0.578,0.123,-4.987,6.268,5.251,8.035,6.565,3.727,-4.559,-5.686,4.736,7.280,-5.559,6.035
12.7400,6,-0.781,0.585,0.121,-4.986,6.268,5.251,8.038,6.565,3.727,-4.557,-5.686,4.737,7.282,-5.559,6.035
12.7500,6,-0.788,0.592,0.120,-4.985,6.268,5.251,8.040,6.564,3.727,-4.556,-5.687,4.738,7.283,-5.559,6.035
12.7600,6,-0.796,0.599,0.118,-4.984,6.268,5.252,8.042,6.564,3.728,-4.554,-5.687,4.739,7.285,-5.559,6.036
12.7700,6,-0.804,0.606,0.117,-4.982,6.268,5.252,8.045,6.564,3.728,-4.552,-5.687,4.740,7.286,-5.559,6.036
12.7800,6,-0.812,0.612,0.115,-4.981,6.268,5.252,8.047,6.563,3.729,-4.550,-5.687,4.741,7.288,-5.559,6.036
12.7900,6,-0.820,0.619,0.114,-4.980,6.267,5.253,8.049,6.563,3.729,-4.549,-5.688,4.742,7.289,-5.559,6.037
12.8000,6,-0.828,0.626,0.112,-4.979,6.267,5.253,8.052,6.562,3.729,-4.547,-5.688,4.743,7.291,-5.559,6.037
12.8100,6,-0.836,0.633,0.110,-4.978,6.267,5.253,8.054,6.562,3.730,-4.545,-5.688,4.744,7.292,-5.560,6.037
12.8200,6,-0.844,0.639,0.109,-4.976,6.267,5.253,8.056,6.562,3.730,-4.544,-5.689,4.744,7.294,-5.560,6.038
12.8300,6,-0.852,0.646,0.107,-4.975,6.267,5.254,8.059,6.561,3.730,-4.542,-5.689,4.745,7.295,-5.560,6.038
12.8400,6,-0.860,0.653,0.106,-4.974,6.267,5.254,8.061,6.561,3.731,-4.540,-5.689,4.746,7.297,-5.560,6.038
12.8500,6,-0.868,0.659,0.104,-4.973,6.266,5.254,8.063,6.560,3.731,-4.538,-5.690,4.747,7.298,-5.560,6.039
12.8600,6,-0.876,0.666,0.103,-4.972,6.266,5.255,8.066,6.560,3.732,-4.537,-5.690,4.748,7.300,-5.560,6.039
12.8700,6,-0.884,0.673,0.101,-4.970,6.266,5.255,8.068,6.560,3.732,-4.535,-5.690,4.749,7.301,-5.560,6.040
12.8800,6,-0.892,0.679,0.099,-4.969,6.266,5.255,8.070,6.559,3.732,-4.533,-5.691,4.750,7.303,-5.560,6.040
12.8900,6,-0.900,0.686,0.098,-4.968,6.266,5.256,8.073,6.559,3.733,-4.532,-5.691,4.751,7.304,-5.560,6.040
12.9000,6,-0.908,0.692,0.096,-4.967,6.266,5.256,8.075,6.559,3.733,-4.530,-5.691,4.752,7.306,-5.561,6.041
12.9100,6,-0.916,0.699,0.095,-4.966,6.266,5.257,8.077,6.558,3.734,-4.528,-5.691,4.753,7.307,-5.561,6.041
12.9200,6,-0.924,0.705,0.093,-4.964,6.265,5.257,8.080,6.558,3.734,-4.527,-5.692,4.754,7.309,-5.561,6.042
12.9300,6,-0.932,0.712,0.091,-4.963,6.265,5.257,8.082,6.557,3.734,-4.525,-5.692,4.755,7.310,-5.561,6.042
12.9400,6,-0.940,0.718,0.090,-4.962,6.265,5.258,8.084,6.557,3.735,-4.523,-5.692,4.756,7.312,-5.561,6.042
12.9500,6,-0.948,0.725,0.088,-4.961,6.265,5.258,8.086,6.557,3.735,-4.522,-5.693,4.757,7.313,-5.561,6.043
12.9600,6,-0.956,0.731,0.086,-4.960,6.265,5.258,8.089,6.556,3.736,-4.520,-5.693,4.758,7.315,-5.561,6.043
12.9700,6,-0.964,0.737,0.085,-4.958,6.265,5.259,8.091,6.556,3.736,-4.518,-5.693,4.759,7.316,-5.561,6.044
12.9800,6,-0.972,0.744,0.083,-4.957,6.265,5.259,8.093,6.555,3.737,-4.517,-5.693,4.760,7.318,-5.561,6.044
12.9900,6,-0.981,0.750,0.081,-4.956,6.264,5.260,8.096,6.555,3.737,-4.515,-5.694,4.761,7.319,-5.561,6.044
13.0000,6,-0.989,0.756,0.080,-4.955,6.264,5.260,8.098,6.555,3.737,-4.513,-5.694,4.762,7.320,-5.562,6.045
13.0100,6,-0.997,0.763,0.078,-4.954,6.264,5.261,8.100,6.554,3.738,-4.512,-5.694,4.763,7.322,-5.562,6.045
13.0200,6,-1.005,0.769,0.076,-4.953,6.264,5.261,8.102,6.554,3.738,-4.510,-5.695,4.764,7.323,-5.562,6.046
13.0300,6,-1.013,0.775,0.075,-4.951,6.264,5.261,8.105,6.554,3.739,-4.508,-5.695,4.765,7.325,-5.562,6.046
13.0400,6,-1.021,0.781,0.073,-4.950,6.264,5.262,8.107,6.553,3.739,-4.507,-5.695,4.766,7.326,-5.562,6.047
13.0500,6,-1.029,0.788,0.071,-4.949,6.264,5.262,8.109,6.553,3.740,-4.505,-5.695,4.767,7.328,-5.562,6.047
13.0600,6,-1.037,0.794,0.070,-4.948,6.263,5.263,8.111,6.553,3.740,-4.503,-5.696,4.768,7.329,-5.562,6.048
13.0700,6,-1.045,0.800,0.068,-4.947,6.263,5.263,8.114,6.552,3.741,-4.502,-5.696,4.769,7.331,-5.562,6.048
13.0800,6,-1.053,0.806,0.066,-4.946,6.263,5.264,8.116,6.552,3.741,-4.500,-5.696,4.770,7.332,-5.562,6.049
13.0900,6,-1.061,0.812,0.065,-4.944,6.263,5.264,8.118,6.552,3.742,-4.498,-5.697,4.771,7.334,-5.562,6.049
13.1000,6,-1.069,0.818,0.063,-4.943,6.263,5.265,8.120,6.551,3.742,-4.497,-5.697,4.772,7.335,-5.562,6.050
13.1100,6,-1.077,0.824,0.061,-4.942,6.263,5.265,8.123,6.551,3.742,-4.495,-5.697,4.773,7.336,-5.563,6.050
13.1200,6,-1.085,0.830,0.060,-4.941,6.263,5.265,8.125,6.551,3.743,-4.493,-5.697,4.774,7.338,-5.563,6.051
13.1300,6,-1.093,0.836,0.058,-4.940,6.263,5.266,8.127,6.550,3.743,-4.492,-5.698,4.775,7.339,-5.563,6.051
13.1400,6,-1.100,0.842,0.056,-4.939,6.262,5.266,8.129,6.550,3.744,-4.490,-5.698,4.776,7.341,-5.563,6.052
13.1500,6,-1.108,0.848,0.055,-4.937,6.262,5.267,8.131,6.550,3.744,-4.489,-5.698,4.777,7.342,-5.563,6.052
13.1600,6,-1.116,0.854,0.053,-4.936,6.262,5.267,8.134,6.549,3.745,-4.487,-5.698,4.778,7.344,-5.563,6.053
13.1700,6,-1.124,0.860,0.051,-4.935,6.262,5.268,8.136,6.549,3.745,-4.485,-5.699,4.779,7.345,-5.563,6.053
13.1800,6,-1.132,0.866,0.049,-4.934,6.262,5.268,8.138,6.549,3.746,-4.484,-5.699,4.780,7.347,-5.563,6.054
13.1900,6,-1.140,0.871,0.048,-4.933,6.262,5.269,8.140,6.548,3.746,-4.482,-5.699,4.781,7.348,-5.563,6.054
13.2000,6,-1.148,0.877,0.046,-4.932,6.262,5.269,8.142,6.548,3.747,-4.480,-5.699,4.782,7.349,-5.563,6.055
13.2100,6,-1.156,0.883,0.044,-4.930,6.262,5.270,8.145,6.548,3.747,-4.479,-5.700,4.783,7.351,-5.563,6.055
13.2200,6,-1.163,0.889,0.042,-4.929,6.261,5.271,8.147,6.547,3.748,-4.477,-5.700,4.784,7.352,-5.563,6.056
13.2300,6,-1.171,0.894,0.041,-4.928,6.261,5.271,8.149,6.547,3.748,-4.476,-5.700,4.785,7.354,-5.563,6.056
13.2400,6,-1.179,0.900,0.039,-4.927,6.261,5.272,8.151,6.547,3.749,-4.474,-5.700,4.786,7.355,-5.563,6.057
13.2500,6,-1.187,0.906,0.037,-4.926,6.261,5.272,8.153,6.546,3.749,-4.472,-5.701,4.787,7.356,-5.564,6.058
13.2600,6,-1.194,0.911,0.036,-4.925,6.261,5.273,8.156,6.546,3.750,-4.471,-5.701,4.788,7.358,-5.564,6.058
13.2700,6,-1.202,0.917,0.034,-4.924,6.261,5.273,8.158,6.546,3.750,-4.469,-5.701,4.790,7.359,-5.564,6.059
13.2800,6,-1.210,0.922,0.032,-4.922,6.261,5.274,8.160,6.546,3.751,-4.468,-5.701,4.791,7.361,-5.564,6.059
13.2900,6,-1.217,0.928,0.030,-4.921,6.261,5.274,8.162,6.545,3.751,-4.466,-5.702,4.792,7.362,-5.564,6.060
13.3000,6,-1.225,0.933,0.029,-4.920,6.261,5.275,8.164,6.545,3.752,-4.464,-5.702,4.793,7.364,-5.564,6.060
13.3100,6,-1.233,0.939,0.027,-4.919,6.260,5.275,8.166,6.545,3.752,-4.463,-5.702,4.794,7.365,-5.564,6.061
13.3200,6,-1.240,0.944,0.025,-4.918,6.260,5.276,8.168,6.544,3.753,-4.461,-5.702,4.795,7.366,-5.564,6.062
13.3300,6,-1.248,0.950,0.023,-4.917,6.260,5.277,8.171,6.544,3.753,-4.460,-5.703,4.796,7.368,-5.564,6.062
13.3400,6,-1.255,0.955,0.022,-4.916,6.260,5.277,8.173,6.544,3.754,-4.458,-5.703,4.797,7.369,-5.564,6.063
13.3500,6,-1.263,0.960,0.020,-4.914,6.260,5.278,8.175,6.544,3.754,-4.456,-5.703,4.798,7.370,-5.564,6.063
13.3600,6,-1.270,0.965,0.018,-4.913,6.260,5.278,8.177,6.543,3.755,-4.455,-5.703,4.799,7.372,-5.564,6.064
13.3700,6,-1.278,0.971,0.016,-4.912,6.260,5.279,8.179,6.543,3.755,-4.453,-5.703,4.800,7.373,-5.564,6.064
13.3800,6,-1.285,0.976,0.015,-4.911,6.260,5.280,8.181,6.543,3.756,-4.452,-5.704,4.802,7.375,-5.564,6.065
13.3900,6,-1.293,0.981,0.013,-4.910,6.260,5.280,8.183,6.543,3.757,-4.450,-5.704,4.803,7.376,-5.564,6.066
13.4000,6,-1.300,0.986,0.011,-4.909,6.260,5.281,8.185,6.542,3.757,-4.449,-5.704,4.804,7.377,-5.564,6.066
13.4100,6,-1.307,0.991,0.009,-4.908,6.259,5.281,8.187,6.542,3.758,-4.447,-5.704,4.805,7.379,-5.564,6.067
13.4200,6,-1.315,0.997,0.008,-4.907,6.259,5.282,8.190,6.542,3.758,-4.446,-5.705,4.806,7.380,-5.564,6.068
13.4300,6,-1.322,1.002,0.006,-4.906,6.259,5.283,8.192,6.542,3.759,-4.444,-5.705,4.807,7.382,-5.564,6.068
13.4400,6,-1.329,1.007,0.004,-4.904,6.259,5.283,8.194,6.541,3.759,-4.442,-5.705,4.808,7.383,-5.564,6.069
13.4500,6,-1.336,1.012,0.002,-4.903,6.259,5.284,8.196,6.541,3.760,-4.441,-5.705,4.809,7.384,-5.564,6.069
13.4600,6,-1.343,1.017,0.001,-4.902,6.259,5.285,8.198,6.541,3.760,-4.439,-5.705,4.810,7.386,-5.564,6.070
13.4700,6,-1.351,1.021,-0.001,-4.901,6.259,5.285,8.200,6.541,3.761,-4.438,-5.706,4.812,7.387,-5.564,6.071
13.4800,6,-1.358,1.026,-0.003,-4.900,6.259,5.286,8.202,6.541,3.761,-4.436,-5.706,4.813,7.388,-5.564,6.071
13.4900,6,-1.365,1.031,-0.005,-4.899,6.259,5.286,8.204,6.540,3.762,-4.435,-5.706,4.814,7.390,-5.564,6.072
13.5000,6,-1.372,1.036,-0.006,-4.898,6.259,5.287,8.206,6.540,3.763,-4.433,-5.706,4.815,7.391,-5.565,6.073
13.5100,6,-1.379,1.041,-0.008,-4.897,6.259,5.288,8.208,6.540,3.763,-4.432,-5.706,4.816,7.392,-5.565,6.073
13.5200,6,-1.386,1.046,-0.010,-4.896,6.259,5.288,8.210,6.540,3.764,-4.430,-5.706,4.817,7.394,-5.565,6.074
13.5300,6,-1.393,1.050,-0.012,-4.895,6.258,5.289,8.212,6.540,3.764,-4.429,-5.707,4.818,7.395,-5.565,6.075
13.5400,6,-1.399,1.055,-0.013,-4.894,6.258,5.290,8.214,6.539,3.765,-4.427,-5.707,4.820,7.396,-5.565,6.075
13.5500,6,-1.406,1.060,-0.015,-4.892,6.258,5.290,8.216,6.539,3.765,-4.426,-5.707,4.821,7.398,-5.565,6.076
13.5600,6,-1.413,1.064,-0.017,-4.891,6.258,5.291,8.218,6.539,3.766,-4.424,-5.707,4.822,7.399,-5.565,6.077
13.5700,6,-1.420,1.069,-0.019,-4.890,6.258,5.292,8.220,6.539,3.767,-4.423,-5.707,4.823,7.400,-5.565,6.077
13.5800,6,-1.426,1.073,-0.020,-4.889,6.258,5.292,8.222,6.539,3.767,-4.421,-5.707,4.824,7.402,-5.565,6.078
13.5900,6,-1.433,1.078,-0.022,-4.888,6.258,5.293,8.224,6.538,3.768,-4.420,-5.708,4.825,7.403,-5.565,6.079
13.6000,6,-1.440,1.082,-0.024,-4.887,6.258,5.294,8.226,6.538,3.768,-4.418,-5.708,4.827,7.404,-5.565,6.079
13.6100,6,-1.446,1.087,-0.026,-4.886,6.258,5.295,8.228,6.538,3.769,-4.417,-5.708,4.828,7.406,-5.565,6.080
13.6200,6,-1.453,1.091,-0.027,-4.885,6.258,5.295,8.230,6.538,3.769,-4.415,-5.708,4.829,7.407,-5.565,6.081
13.6300,6,-1.459,1.095,-0.029,-4.884,6.258,5.296,8.232,6.538,3.770,-4.414,-5.708,4.830,7.408,-5.565,6.081
13.6400,6,-1.466,1.100,-0.031,-4.883,6.258,5.297,8.234,6.538,3.771,-4.412,-5.708,4.831,7.410,-5.565,6.082
13.6500,6,-1.472,1.104,-0.032,-4.882,6.258,5.297,8.236,6.537,3.771,-4.411,-5.709,4.832,7.411,-5.564,6.083
13.6600,6,-1.478,1.108,-0.034,-4.881,6.258,5.298,8.238,6.537,3.772,-4.409,-5.709,4.834,7.412,-5.564,6.084
13.6700,6,-1.485,1.113,-0.036,-4.880,6.258,5.299,8.240,6.537,3.772,-4.408,-5.709,4.835,7.413,-5.564,6.084
13.6800,6,-1.491,1.117,-0.038,-4.879,6.258,5.300,8.242,6.537,3.773,-4.407,-5.709,4.836,7.415,-5.564,6.085
13.6900,6,-1.497,1.121,-0.039,-4.878,6.258,5.300,8.244,6.537,3.773,-4.405,-5.709,4.837,7.416,-5.564,6.086
13.7000,6,-1.503,1.125,-0.041,-4.876,6.257,5.301,8.245,6.537,3.774,-4.404,-5.709,4.838,7.417,-5.564,6.086
13.7100,6,-1.509,1.129,-0.043,-4.875,6.257,5.302,8.247,6.537,3.775,-4.402,-5.709,4.839,7.419,-5.564,6.087
13.7200,6,-1.515,1.133,-0.045,-4.874,6.257,5.302,8.249,6.537,3.775,-4.401,-5.709,4.841,7.420,-5.564,6.088
13.7300,6,-1.521,1.137,-0.046,-4.873,6.257,5.303,8.251,6.536,3.776,-4.399,-5.710,4.842,7.421,-5.564,6.089
13.7400,6,-1.527,1.141,-0.048,-4.872,6.257,5.304,8.253,6.536,3.776,-4.398,-5.710,4.843,7.422,-5.564,6.089
13.7500,6,-1.533,1.145,-0.050,-4.871,6.257,5.305,8.255,6.536,3.777,-4.397,-5.710,4.844,7.424,-5.564,6.090
13.7600,6,-1.539,1.149,-0.051,-4.870,6.257,5.305,8.257,6.536,3.778,-4.395,-5.710,4.845,7.425,-5.564,6.091
13.7700,6,-1.545,1.153,-0.053,-4.869,6.257,5.306,8.259,6.536,3.778,-4.394,-5.710,4.847,7.426,-5.564,6.091
13.7800,6,-1.551,1.156,-0.055,-4.868,6.257,5.307,8.260,6.536,3.779,-4.392,-5.710,4.848,7.428,-5.564,6.092
13.7900,6,-1.556,1.160,-0.057,-4.867,6.257,5.308,8.262,6.536,3.779,-4.391,-5.710,4.849,7.429,-5.564,6.093
13.8000,6,-1.562,1.164,-0.058,-4.866,6.257,5.308,8.264,6.536,3.780,-4.390,-5.710,4.850,7.430,-5.564,6.094
13.8100,6,-1.568,1.168,-0.060,-4.865,6.257,5.309,8.266,6.536,3.781,-4.388,-5.710,4.851,7.431,-5.564,6.094
13.8200,6,-1.573,1.171,-0.062,-4.864,6.257,5.310,8.268,6.536,3.781,-4.387,-5.711,4.853,7.433,-5.564,6.095
13.8300,6,-1.579,1.175,-0.063,-4.863,6.257,5.311,8.270,6.536,3.782,-4.385,-5.711,4.854,7.434,-5.564,6.096
13.8400,6,-1.584,1.179,-0.065,-4.862,6.257,5.311,8.271,6.536,3.782,-4.384,-5.711,4.855,7.435,-5.564,6.097
13.8500,6,-1.589,1.182,-0.067,-4.861,6.257,5.312,8.273,6.536,3.783,-4.383,-5.711,4.856,7.436,-5.564,6.097
13.8600,6,-1.595,1.186,-0.068,-4.860,6.257,5.313,8.275,6.535,3.784,-4.381,-5.711,4.858,7.437,-5.564,6.098
13.8700,6,-1.600,1.189,-0.070,-4.859,6.257,5.314,8.277,6.535,3.784,-4.380,-5.711,4.859,7.439,-5.564,6.099
13.8800,6,-1.605,1.192,-0.072,-4.858,6.257,5.315,8.279,6.535,3.785,-4.379,-5.711,4.860,7.440,-5.563,6.100
13.8900,6,-1.610,1.196,-0.073,-4.857,6.257,5.315,8.280,6.535,3.785,-4.377,-5.711,4.861,7.441,-5.563,6.100
13.9000,6,-1.615,1.199,-0.075,-4.856,6.257,5.316,8.282,6.535,3.786,-4.376,-5.711,4.862,7.442,-5.563,6.101
13.9100,6,-1.620,1.202,-0.077,-4.855,6.257,5.317,8.284,6.535,3.787,-4.374,-5.711,4.864,7.444,-5.563,6.102
13.9200,6,-1.625,1.206,-0.078,-4.854,6.257,5.318,8.286,6.535,3.787,-4.373,-5.711,4.865,7.445,-5.563,6.103
13.9300,6,-1.630,1.209,-0.080,-4.853,6.257,5.318,8.287,6.535,3.788,-4.372,-5.711,4.866,7.446,-5.563,6.103
13.9400,6,-1.635,1.212,-0.082,-4.852,6.257,5.319,8.289,6.535,3.788,-4.370,-5.711,4.867,7.447,-5.563,6.104
13.9500,6,-1.640,1.215,-0.083,-4.851,6.257,5.320,8.291,6.535,3.789,-4.369,-5.711,4.869,7.448,-5.563,6.105
13.9600,6,-1.644,1.218,-0.085,-4.850,6.257,5.321,8.293,6.535,3.790,-4.368,-5.712,4.870,7.449,-5.563,6.106
13.9700,6,-1.649,1.222,-0.087,-4.849,6.257,5.322,8.294,6.535,3.790,-4.367,-5.712,4.871,7.451,-5.563,6.107
13.9800,6,-1.653,1.225,-0.088,-4.848,6.257,5.322,8.296,6.535,3.791,-4.365,-5.712,4.872,7.452,-5.563,6.107
13.9900,6,-1.658,1.228,-0.090,-4.847,6.257,5.323,8.298,6.535,3.792,-4.364,-5.712,4.874,7.453,-5.562,6.108
14.0000,6,-1.662,1.231,-0.092,-4.847,6.257,5.324,8.299,6.535,3.792,-4.363,-5.712,4.875,7.454,-5.562,6.109
14.0100,6,-1.667,1.233,-0.093,-4.846,6.257,5.325,8.301,6.535,3.793,-4.361,-5.712,4.876,7.455,-5.562,6.110
14.0200,6,-1.671,1.236,-0.095,-4.845,6.257,5.326,8.303,6.535,3.793,-4.360,-5.712,4.877,7.457,-5.562,6.110
14.0300,6,-1.675,1.239,-0.096,-4.844,6.257,5.327,8.304,6.535,3.794,-4.359,-5.712,4.879,7.458,-5.562,6.111
14.0400,6,-1.680,1.242,-0.098,-4.843,6.257,5.327,8.306,6.536,3.795,-4.357,-5.712,4.880,7.459,-5.562,6.112
14.0500,6,-1.684,1.245,-0.100,-4.842,6.257,5.328,8.308,6.536,3.795,-4.356,-5.712,4.881,7.460,-5.562,6.113
14.0600,6,-1.688,1.247,-0.101,-4.841,6.257,5.329,8.309,6.536,3.796,-4.355,-5.712,4.882,7.461,-5.562,6.114
14.0700,6,-1.692,1.250,-0.103,-4.840,6.257,5.330,8.311,6.536,3.796,-4.354,-5.712,4.884,7.462,-5.562,6.114
14.0800,6,-1.696,1.253,-0.104,-4.839,6.257,5.331,8.313,6.536,3.797,-4.352,-5.712,4.885,7.463,-5.561,6.115
14.0900,6,-1.700,1.255,-0.106,-4.838,6.257,5.331,8.314,6.536,3.798,-4.351,-5.712,4.886,7.465,-5.561,6.116
14.1000,6,-1.703,1.258,-0.108,-4.837,6.257,5.332,8.316,6.536,3.798,-4.350,-5.712,4.887,7.466,-5.561,6.117
14.1100,6,-1.707,1.260,-0.109,-4.836,6.258,5.333,8.317,6.536,3.799,-4.349,-5.712,4.889,7.467,-5.561,6.118
14.1200,6,-1.711,1.263,-0.111,-4.835,6.258,5.334,8.319,6.536,3.800,-4.347,-5.712,4.890,7.468,-5.561,6.118
14.1300,6,-1.714,1.265,-0.112,-4.834,6.258,5.335,8.321,6.536,3.800,-4.346,-5.712,4.891,7.469,-5.561,6.119
14.1400,6,-1.718,1.268,-0.114,-4.834,6.258,5.336,8.322,6.536,3.801,-4.345,-5.712,4.892,7.470,-5.561,6.120
14.1500,6,-1.721,1.270,-0.115,-4.833,6.258,5.336,8.324,6.536,3.801,-4.344,-5.712,4.894,7.471,-5.560,6.121
14.1600,6,-1.725,1.273,-0.117,-4.832,6.258,5.337,8.325,6.537,3.802,-4.343,-5.712,4.895,7.472,-5.560,6.122
14.1700,6,-1.728,1.275,-0.119,-4.831,6.258,5.338,8.327,6.537,3.803,-4.341,-5.712,4.896,7.473,-5.560,6.122
14.1800,6,-1.731,1.277,-0.120,-4.830,6.258,5.339,8.328,6.537,3.803,-4.340,-5.712,4.897,7.475,-5.560,6.123
14.1900,6,-1.735,1.279,-0.122,-4.829,6.258,5.340,8.330,6.537,3.804,-4.339,-5.712,4.899,7.476,-5.560,6.124
14.2000,6,-1.738,1.281,-0.123,-4.828,6.258,5.341,8.331,6.537,3.804,-4.338,-5.712,4.900,7.477,-5.560,6.125
14.2100,6,-1.741,1.284,-0.125,-4.827,6.258,5.342,8.333,6.537,3.805,-4.337,-5.711,4.901,7.478,-5.560,6.126
14.2200,6,-1.744,1.286,-0.126,-4.826,6.258,5.342,8.334,6.537,3.806,-4.335,-5.711,4.903,7.479,-5.559,6.126
14.2300,6,-1.747,1.288,-0.128,-4.825,6.258,5.343,8.336,6.538,3.806,-4.334,-5.711,4.904,7.480,-5.559,6.127
14.2400,6,-1.750,1.290,-0.129,-4.825,6.258,5.344,8.337,6.538,3.807,-4.333,-5.711,4.905,7.481,-5.559,6.128
14.2500,6,-1.752,1.292,-0.131,-4.824,6.258,5.345,8.339,6.538,3.808,-4.332,-5.711,4.906,7.482,-5.559,6.129
14.2600,6,-1.755,1.294,-0.132,-4.823,6.258,5.346,8.340,6.538,3.808,-4.331,-5.711,4.908,7.483,-5.559,6.130
14.2700,6,-1.758,1.296,-0.134,-4.822,6.259,5.347,8.342,6.538,3.809,-4.330,-5.711,4.909,7.484,-5.558,6.130
14.2800,6,-1.760,1.297,-0.135,-4.821,6.259,5.348,8.343,6.538,3.809,-4.328,-5.711,4.910,7.485,-5.558,6.131
14.2900,6,-1.763,1.299,-0.137,-4.820,6.259,5.348,8.345,6.539,3.810,-4.327,-5.711,4.912,7.486,-5.558,6.132
14.3000,6,-1.765,1.301,-0.138,-4.819,6.259,5.349,8.346,6.539,3.811,-4.326,-5.711,4.913,7.487,-5.558,6.133
14.3100,6,-1.768,1.303,-0.140,-4.819,6.259,5.350,8.348,6.539,3.811,-4.325,-5.711,4.914,7.488,-5.558,6.134
14.3200,6,-1.770,1.304,-0.141,-4.818,6.259,5.351,8.349,6.539,3.812,-4.324,-5.711,4.915,7.489,-5.557,6.134
14.3300,6,-1.772,1.306,-0.142,-4.817,6.259,5.352,8.350,6.539,3.812,-4.323,-5.711,4.917,7.490,-5.557,6.135
14.3400,6,-1.774,1.308,-0.144,-4.816,6.259,5.353,8.352,6.540,3.813,-4.322,-5.711,4.918,7.492,-5.557,6.136
14.3500,6,-1.777,1.309,-0.145,-4.815,6.259,5.354,8.353,6.540,3.814,-4.321,-5.710,4.919,7.493,-5.557,6.137
14.3600,6,-1.779,1.311,-0.147,-4.814,6.259,5.354,8.355,6.540,3.814,-4.320,-5.710,4.921,7.494,-5.557,6.138
14.3700,6,-1.781,1.312,-0.148,-4.814,6.260,5.355,8.356,6.540,3.815,-4.318,-5.710,4.922,7.495,-5.556,6.139
14.3800,6,-1.782,1.314,-0.150,-4.813,6.260,5.356,8.357,6.541,3.816,-4.317,-5.710,4.923,7.496,-5.556,6.139
14.3900,6,-1.784,1.315,-0.151,-4.812,6.260,5.357,8.359,6.541,3.816,-4.316,-5.710,4.924,7.497,-5.556,6.140
14.4000,6,-1.786,1.317,-0.152,-4.811,6.260,5.358,8.360,6.541,3.817,-4.315,-5.710,4.926,7.498,-5.556,6.141
14.4100,6,-1.788,1.318,-0.154,-4.810,6.260,5.359,8.361,6.541,3.817,-4.314,-5.710,4.927,7.499,-5.556,6.142
14.4200,6,-1.789,1.319,-0.155,-4.809,6.260,5.360,8.363,6.542,3.818,-4.313,-5.710,4.928,7.500,-5.555,6.143
14.4300,6,-1.791,1.320,-0.156,-4.809,6.260,5.360,8.364,6.542,3.819,-4.312,-5.709,4.930,7.501,-5.555,6.143
14.4400,6,-1.792,1.322,-0.158,-4.808,6.260,5.361,8.365,6.542,3.819,-4.311,-5.709,4.931,7.501,-5.555,6.144
14.4500,6,-1.794,1.323,-0.159,-4.807,6.261,5.362,8.367,6.542,3.820,-4.310,-5.709,4.932,7.502,-5.555,6.145
14.4600,6,-1.795,1.324,-0.161,-4.806,6.261,5.363,8.368,6.543,3.820,-4.309,-5.709,4.934,7.503,-5.554,6.146
14.4700,6,-1.796,1.325,-0.162,-4.805,6.261,5.364,8.369,6.543,3.821,-4.308,-5.709,4.935,7.504,-5.554,6.147
14.4800,6,-1.797,1.326,-0.163,-4.805,6.261,5.365,8.371,6.543,3.822,-4.307,-5.709,4.936,7.505,-5.554,6.148
14.4900,6,-1.799,1.327,-0.165,-4.804,6.261,5.366,8.372,6.544,3.822,-4.306,-5.709,4.937,7.506,-5.554,6.148
14.5000,6,-1.800,1.328,-0.166,-4.803,6.261,5.367,8.373,6.544,3.823,-4.305,-5.708,4.939,7.507,-5.553,6.149
14.5100,6,-1.801,1.329,-0.167,-4.802,6.261,5.367,8.374,6.544,3.823,-4.304,-5.708,4.940,7.508,-5.553,6.150
14.5200,6,-1.802,1.330,-0.168,-4.802,6.261,5.368,8.376,6.545,3.824,-4.303,-5.708,4.941,7.509,-5.553,6.151
14.5300,6,-1.802,1.331,-0.170,-4.801,6.262,5.369,8.377,6.545,3.825,-4.302,-5.708,4.943,7.510,-5.553,6.152
14.5400,6,-1.803,1.332,-0.171,-4.800,6.262,5.370,8.378,6.545,3.825,-4.301,-5.708,4.944,7.511,-5.552,6.152
14.5500,6,-1.804,1.333,-0.172,-4.799,6.262,5.371,8.379,6.546,3.826,-4.300,-5.708,4.945,7.512,-5.552,6.153
14.5600,6,-1.804,1.333,-0.174,-4.799,6.262,5.372,8.380,6.546,3.826,-4.299,-5.707,4.947,7.513,-5.552,6.154
14.5700,6,-1.805,1.334,-0.175,-4.798,6.262,5.373,8.382,6.546,3.827,-4.298,-5.707,4.948,7.514,-5.551,6.155
14.5800,6,-1.806,1.335,-0.176,-4.797,6.262,5.374,8.383,6.547,3.828,-4.297,-5.707,4.949,7.515,-5.551,6.156
14.5900,6,-1.806,1.335,-0.177,-4.796,6.263,5.374,8.384,6.547,3.828,-4.296,-5.707,4.951,7.516,-5.551,6.157
14.6000,6,-1.806,1.336,-0.179,-4.796,6.263,5.375,8.385,6.547,3.829,-4.295,-5.707,4.952,7.517,-5.551,6.157
14.6100,6,-1.807,1.337,-0.180,-4.795,6.263,5.376,8.386,6.548,3.829,-4.294,-5.706,4.953,7.517,-5.550,6.158
14.6200,6,-1.807,1.337,-0.181,-4.794,6.263,5.377,8.388,6.548,3.830,-4.293,-5.706,4.955,7.518,-5.550,6.159
14.6300,6,-1.807,1.338,-0.182,-4.793,6.263,5.378,8.389,6.549,3.831,-4.292,-5.706,4.956,7.519,-5.550,6.160
14.6400,6,-1.807,1.338,-0.183,-4.793,6.263,5.379,8.390,6.549,3.831,-4.291,-5.706,4.957,7.520,-5.549,6.161
14.6500,6,-1.807,1.339,-0.185,-4.792,6.264,5.380,8.391,6.549,3.832,-4.290,-5.706,4.958,7.521,-5.549,6.161
14.6600,6,-1.807,1.339,-0.186,-4.791,6.264,5.380,8.392,6.550,3.832,-4.289,-5.705,4.960,7.522,-5.549,6.162
14.6700,6,-1.807,1.339,-0.187,-4.790,6.264,5.381,8.393,6.550,3.833,-4.288,-5.705,4.961,7.523,-5.548,6.163
14.6800,6,-1.807,1.340,-0.188,-4.790,6.264,5.382,8.394,6.551,3.833,-4.287,-5.705,4.962,7.524,-5.548,6.164
14.6900,6,-1.806,1.340,-0.189,-4.789,6.264,5.383,8.395,6.551,3.834,-4.286,-5.705,4.964,7.524,-5.548,6.165
14.7000,6,-1.806,1.340,-0.190,-4.788,6.265,5.384,8.396,6.551,3.835,-4.286,-5.704,4.965,7.525,-5.548,6.165
14.7100,6,-1.806,1.340,-0.191,-4.788,6.265,5.385,8.397,6.552,3.835,-4.285,-5.704,4.966,7.526,-5.547,6.166
14.7200,6,-1.805,1.340,-0.193,-4.787,6.265,5.386,8.399,6.552,3.836,-4.284,-5.704,4.968,7.527,-5.547,6.167
14.7300,6,-1.805,1.341,-0.194,-4.786,6.265,5.387,8.400,6.553,3.836,-4.283,-5.704,4.969,7.528,-5.547,6.168
14.7400,6,-1.804,1.341,-0.195,-4.786,6.265,5.387,8.401,6.553,3.837,-4.282,-5.703,4.970,7.529,-5.546,6.169
14.7500,6,-1.804,1.341,-0.196,-4.785,6.266,5.388,8.402,6.554,3.837,-4.281,-5.703,4.972,7.529,-5.546,6.169
14.7600,6,-1.803,1.341,-0.197,-4.784,6.266,5.389,8.403,6.554,3.838,-4.280,-5.703,4.973,7.530,-5.546,6.170
14.7700,6,-1.802,1.341,-0.198,-4.783,6.266,5.390,8.404,6.555,3.839,-4.279,-5.703,4.974,7.531,-5.545,6.171
14.7800,6,-1.801,1.341,-0.199,-4.783,6.266,5.391,8.405,6.555,3.839,-4.279,-5.702,4.976,7.532,-5.545,6.172
14.7900,6,-1.800,1.341,-0.200,-4.782,6.266,5.392,8.406,6.556,3.840,-4.278,-5.702,4.977,7.533,-5.544,6.173
14.8000,6,-1.799,1.340,-0.201,-4.781,6.267,5.393,8.407,6.556,3.840,-4.277,-5.702,4.978,7.534,-5.544,6.173
14.8100,6,-1.798,1.340,-0.202,-4.781,6.267,5.393,8.408,6.557,3.841,-4.276,-5.701,4.980,7.534,-5.544,6.174
14.8200,6,-1.797,1.340,-0.203,-4.780,6.267,5.394,8.409,6.557,3.841,-4.275,-5.701,4.981,7.535,-5.543,6.175
14.8300,6,-1.796,1.340,-0.204,-4.779,6.267,5.395,8.410,6.558,3.842,-4.274,-5.701,4.982,7.536,-5.543,6.176
14.8400,6,-1.795,1.340,-0.205,-4.779,6.268,5.396,8.411,6.558,3.843,-4.274,-5.701,4.984,7.537,-5.543,6.177
14.8500,6,-1.793,1.339,-0.206,-4.778,6.268,5.397,8.412,6.559,3.843,-4.273,-5.700,4.985,7.538,-5.542,6.177
14.8600,6,-1.792,1.339,-0.207,-4.778,6.268,5.398,8.413,6.559,3.844,-4.272,-5.700,4.986,7.538,-5.542,6.178
14.8700,6,-1.791,1.339,-0.208,-4.777,6.268,5.399,8.414,6.560,3.844,-4.271,-5.700,4.988,7.539,-5.542,6.179
14.8800,6,-1.789,1.338,-0.209,-4.776,6.269,5.399,8.414,6.560,3.845,-4.270,-5.699,4.989,7.540,-5.541,6.180
14.8900,6,-1.788,1.338,-0.210,-4.776,6.269,5.400,8.415,6.561,3.845,-4.270,-5.699,4.990,7.541,-5.541,6.180
14.9000,6,-1.786,1.337,-0.211,-4.775,6.269,5.401,8.416,6.561,3.846,-4.269,-5.699,4.992,7.541,-5.540,6.181
14.9100,6,-1.784,1.337,-0.212,-4.774,6.269,5.402,8.417,6.562,3.846,-4.268,-5.698,4.993,7.542,-5.540,6.182
14.9200,6,-1.783,1.336,-0.213,-4.774,6.269,5.403,8.418,6.562,3.847,-4.267,-5.698,4.994,7.543,-5.540,6.183
14.9300,6,-1.781,1.336,-0.214,-4.773,6.270,5.404,8.419,6.563,3.847,-4.266,-5.698,4.996,7.544,-5.539,6.184
14.9400,6,-1.779,1.335,-0.215,-4.772,6.270,5.404,8.420,6.564,3.848,-4.266,-5.697,4.997,7.544,-5.539,6.184
14.9500,6,-1.777,1.334,-0.216,-4.772,6.270,5.405,8.421,6.564,3.848,-4.265,-5.697,4.998,7.545,-5.538,6.185
14.9600,6,-1.775,1.334,-0.217,-4.771,6.271,5.406,8.422,6.565,3.849,-4.264,-5.697,5.000,7.546,-5.538,6.186
14.9700,6,-1.773,1.333,-0.217,-4.771,6.271,5.407,8.422,6.565,3.850,-4.263,-5.696,5.001,7.547,-5.538,6.187
14.9800,6,-1.771,1.332,-0.218,-4.770,6.271,5.408,8.423,6.566,3.850,-4.263,-5.696,5.002,7.547,-5.537,6.187
14.9900,6,-1.769,1.331,-0.219,-4.769,6.271,5.409,8.424,6.567,3.851,-4.262,-5.696,5.004,7.548,-5.537,6.188
15.0000,6,-1.767,1.331,-0.220,-4.769,6.272,5.409,8.425,6.567,3.851,-4.261,-5.695,5.005,7.549,-5.536,6.189
15.0100,6,-1.764,1.330,-0.221,-4.768,6.272,5.410,8.426,6.568,3.852,-4.260,-5.695,5.006,7.550,-5.536,6.190
15.0200,6,-1.762,1.329,-0.222,-4.768,6.272,5.411,8.427,6.568,3.852,-4.260,-5.695,5.008,7.550,-5.536,6.190
15.0300,6,-1.760,1.328,-0.222,-4.767,6.272,5.412,8.427,6.569,3.853,-4.259,-5.694,5.009,7.551,-5.535,6.191
15.0400,6,-1.757,1.327,-0.223,-4.766,6.273,5.413,8.428,6.570,3.853,-4.258,-5.694,5.010,7.552,-5.535,6.192
15.0500,6,-1.755,1.326,-0.224,-4.766,6.273,5.414,8.429,6.570,3.854,-4.258,-5.693,5.011,7.552,-5.534,6.193
15.0600,6,-1.752,1.325,-0.225,-4.765,6.273,5.414,8.430,6.571,3.854,-4.257,-5.693,5.013,7.553,-5.534,6.193
15.0700,6,-1.750,1.324,-0.225,-4.765,6.274,5.415,8.430,6.572,3.855,-4.256,-5.693,5.014,7.554,-5.533,6.194
15.0800,6,-1.747,1.323,-0.226,-4.764,6.274,5.416,8.431,6.572,3.855,-4.256,-5.692,5.015,7.554,-5.533,6.195
15.0900,6,-1.744,1.322,-0.227,-4.764,6.274,5.417,8.432,6.573,3.856,-4.255,-5.692,5.017,7.555,-5.532,6.196
15.1000,6,-1.742,1.321,-0.228,-4.763,6.274,5.418,8.433,6.574,3.856,-4.254,-5.692,5.018,7.556,-5.532,6.196
15.1100,6,-1.739,1.320,-0.228,-4.762,6.275,5.418,8.433,6.574,3.857,-4.253,-5.691,5.019,7.556,-5.532,6.197
15.1200,6,-1.736,1.318,-0.229,-4.762,6.275,5.419,8.434,6.575,3.857,-4.253,-5.691,5.021,7.557,-5.531,6.198
15.1300,6,-1.733,1.317,-0.230,-4.761,6.275,5.420,8.435,6.576,3.858,-4.252,-5.690,5.022,7.558,-5.531,6.199
15.1400,6,-1.730,1.316,-0.231,-4.761,6.276,5.421,8.436,6.576,3.858,-4.251,-5.690,5.023,7.558,-5.530,6.199
15.1500,6,-1.727,1.315,-0.231,-4.760,6.276,5.422,8.436,6.577,3.859,-4.251,-5.689,5.025,7.559,-5.530,6.200
15.1600,6,-1.724,1.313,-0.232,-4.760,6.276,5.422,8.437,6.578,3.859,-4.250,-5.689,5.026,7.560,-5.529,6.201
15.1700,6,-1.721,1.312,-0.232,-4.759,6.277,5.423,8.438,6.578,3.860,-4.250,-5.689,5.027,7.560,-5.529,6.201
15.1800,6,-1.718,1.311,-0.233,-4.759,6.277,5.424,8.438,6.579,3.860,-4.249,-5.688,5.029,7.561,-5.528,6.202
15.1900,6,-1.715,1.309,-0.234,-4.758,6.277,5.425,8.439,6.580,3.861,-4.248,-5.688,5.030,7.562,-5.528,6.203
15.2000,6,-1.712,1.308,-0.234,-4.758,6.278,5.426,8.440,6.580,3.861,-4.248,-5.687,5.031,7.562,-5.527,6.204
15.2100,6,-1.708,1.306,-0.235,-4.757,6.278,5.426,8.440,6.581,3.861,-4.247,-5.687,5.033,7.563,-5.527,6.204
15.2200,6,-1.705,1.305,-0.236,-4.757,6.278,5.427,8.441,6.582,3.862,-4.246,-5.686,5.034,7.564,-5.526,6.205
15.2300,6,-1.702,1.303,-0.236,-4.756,6.278,5.428,8.442,6.583,3.862,-4.246,-5.686,5.035,7.564,-5.526,6.206
15.2400,6,-1.698,1.302,-0.237,-4.755,6.279,5.429,8.442,6.583,3.863,-4.245,-5.686,5.037,7.565,-5.525,6.206
15.2500,6,-1.695,1.300,-0.237,-4.755,6.279,5.429,8.443,6.584,3.863,-4.245,-5.685,5.038,7.565,-5.525,6.207
15.2600,6,-1.691,1.298,-0.238,-4.754,6.279,5.430,8.444,6.585,3.864,-4.244,-5.685,5.039,7.566,-5.524,6.208
15.2700,6,-1.688,1.297,-0.238,-4.754,6.280,5.431,8.444,6.586,3.864,-4.243,-5.684,5.041,7.567,-5.524,6.208
15.2800,6,-1.684,1.295,-0.239,-4.753,6.280,5.432,8.445,6.586,3.865,-4.243,-5.684,5.042,7.567,-5.523,6.209
15.2900,6,-1.681,1.293,-0.239,-4.753,6.280,5.432,8.445,6.587,3.865,-4.242,-5.683,5.043,7.568,-5.523,6.210
15.3000,6,-1.677,1.292,-0.240,-4.752,6.281,5.433,8.446,6.588,3.866,-4.242,-5.683,5.045,7.568,-5.522,6.210
15.3100,6,-1.673,1.290,-0.240,-4.752,6.281,5.434,8.447,6.589,3.866,-4.241,-5.682,5.046,7.569,-5.522,6.211
15.3200,6,-1.669,1.288,-0.241,-4.751,6.282,5.435,8.447,6.589,3.866,-4.241,-5.682,5.047,7.570,-5.521,6.212
15.3300,6,-1.666,1.286,-0.241,-4.751,6.282,5.435,8.448,6.590,3.867,-4.240,-5.681,5.049,7.570,-5.521,6.213
15.3400,6,-1.662,1.285,-0.242,-4.751,6.282,5.436,8.448,6.591,3.867,-4.239,-5.681,5.050,7.571,-5.520,6.213
15.3500,6,-1.658,1.283,-0.242,-4.750,6.283,5.437,8.449,6.592,3.868,-4.239,-5.680,5.051,7.571,-5.520,6.214
15.3600,6,-1.654,1.281,-0.243,-4.750,6.283,5.438,8.449,6.593,3.868,-4.238,-5.680,5.052,7.572,-5.519,6.214
15.3700,6,-1.650,1.279,-0.243,-4.749,6.283,5.438,8.450,6.593,3.869,-4.238,-5.679,5.054,7.573,-5.519,6.215
15.3800,6,-1.646,1.277,-0.243,-4.749,6.284,5.439,8.451,6.594,3.869,-4.237,-5.679,5.055,7.573,-5.518,6.216
15.3900,6,-1.642,1.275,-0.244,-4.748,6.284,5.440,8.451,6.595,3.869,-4.237,-5.678,5.056,7.574,-5.518,6.216
15.4000,6,-1.638,1.273,-0.244,-4.748,6.284,5.441,8.452,6.596,3.870,-4.236,-5.678,5.058,7.574,-5.517,6.217
15.4100,6,-1.634,1.271,-0.245,-4.747,6.285,5.441,8.452,6.597,3.870,-4.236,-5.677,5.059,7.575,-5.517,6.218
15.4200,6,-1.630,1.269,-0.245,-4.747,6.285,5.442,8.453,6.598,3.871,-4.235,-5.677,5.060,7.575,-5.516,6.218
15.4300,6,-1.626,1.267,-0.245,-4.746,6.285,5.443,8.453,6.598,3.871,-4.235,-5.676,5.062,7.576,-5.516,6.219
15.4400,6,-1.622,1.265,-0.246,-4.746,6.286,5.443,8.454,6.599,3.871,-4.234,-5.676,5.063,7.576,-5.515,6.220
15.4500,6,-1.617,1.263,-0.246,-4.745,6.286,5.444,8.454,6.600,3.872,-4.234,-5.675,5.064,7.577,-5.515,6.220
15.4600,6,-1.613,1.260,-0.246,-4.745,6.287,5.445,8.455,6.601,3.872,-4.233,-5.675,5.066,7.577,-5.514,6.221
15.4700,6,-1.609,1.258,-0.247,-4.744,6.287,5.446,8.455,6.602,3.873,-4.233,-5.674,5.067,7.578,-5.513,6.221
15.4800,6,-1.605,1.256,-0.247,-4.744,6.287,5.446,8.456,6.603,3.873,-4.232,-5.674,5.068,7.579,-5.513,6.222
15.4900,6,-1.600,1.254,-0.247,-4.744,6.288,5.447,8.456,6.603,3.873,-4.232,-5.673,5.069,7.579,-5.512,6.223
15.5000,6,-1.596,1.252,-0.247,-4.743,6.288,5.448,8.456,6.604,3.874,-4.231,-5.673,5.071,7.580,-5.512,6.223
15.5100,6,-1.591,1.249,-0.248,-4.743,6.289,5.448,8.457,6.605,3.874,-4.231,-5.672,5.072,7.580,-5.511,6.224
15.5200,6,-1.587,1.247,-0.248,-4.742,6.289,5.449,8.457,6.606,3.874,-4.230,-5.672,5.073,7.581,-5.511,6.225
15.5300,6,-1.583,1.245,-0.248,-4.742,6.289,5.450,8.458,6.607,3.875,-4.230,-5.671,5.075,7.581,-5.510,6.225
15.5400,6,-1.578,1.242,-0.248,-4.741,6.290,5.450,8.458,6.608,3.875,-4.229,-5.670,5.076,7.582,-5.510,6.226
15.5500,6,-1.574,1.240,-0.248,-4.741,6.290,5.451,8.459,6.609,3.876,-4.229,-5.670,5.077,7.582,-5.509,6.226
15.5600,6,-1.569,1.238,-0.249,-4.741,6.291,5.452,8.459,6.610,3.876,-4.228,-5.669,5.079,7.583,-5.508,6.227
15.5700,6,-1.565,1.235,-0.249,-4.740,6.291,5.452,8.459,6.611,3.876,-4.228,-5.669,5.080,7.583,-5.508,6.227
15.5800,6,-1.560,1.233,-0.249,-4.740,6.291,5.453,8.460,6.611,3.877,-4.227,-5.668,5.081,7.584,-5.507,6.228
15.5900,6,-1.555,1.230,-0.249,-4.739,6.292,5.454,8.460,6.612,3.877,-4.227,-5.668,5.082,7.584,-5.507,6.229
15.6000,6,-1.551,1.228,-0.249,-4.739,6.292,5.454,8.461,6.613,3.877,-4.227,-5.667,5.084,7.585,-5.506,6.229
15.6100,6,-1.546,1.225,-0.249,-4.739,6.293,5.455,8.461,6.614,3.878,-4.226,-5.667,5.085,7.585,-5.505,6.230
15.6200,6,-1.542,1.223,-0.250,-4.738,6.293,5.456,8.461,6.615,3.878,-4.226,-5.666,5.086,7.586,-5.505,6.230
15.6300,6,-1.537,1.220,-0.250,-4.738,6.293,5.456,8.462,6.616,3.878,-4.225,-5.665,5.088,7.586,-5.504,6.231
15.6400,6,-1.532,1.218,-0.250,-4.737,6.294,5.457,8.462,6.617,3.879,-4.225,-5.665,5.089,7.586,-5.504,6.231
15.6500,6,-1.528,1.215,-0.250,-4.737,6.294,5.457,8.463,6.618,3.879,-4.224,-5.664,5.090,7.587,-5.503,6.232
15.6600,6,-1.523,1.213,-0.250,-4.737,6.295,5.458,8.463,6.619,3.879,-4.224,-5.664,5.091,7.587,-5.502,6.233
15.6700,6,-1.518,1.210,-0.250,-4.736,6.295,5.459,8.463,6.620,3.880,-4.224,-5.663,5.093,7.588,-5.502,6.233
15.6800,6,-1.513,1.207,-0.250,-4.736,6.295,5.459,8.464,6.621,3.880,-4.223,-5.662,5.094,7.588,-5.501,6.234
15.6900,6,-1.509,1.205,-0.250,-4.735,6.296,5.460,8.464,6.622,3.880,-4.223,-5.662,5.095,7.589,-5.501,6.234
15.7000,6,-1.504,1.202,-0.250,-4.735,6.296,5.461,8.464,6.623,3.881,-4.222,-5.661,5.097,7.589,-5.500,6.235
15.7100,6,-1.499,1.199,-0.250,-4.735,6.297,5.461,8.465,6.624,3.881,-4.222,-5.661,5.098,7.590,-5.499,6.235
15.7200,6,-1.494,1.197,-0.250,-4.734,6.297,5.462,8.465,6.625,3.881,-4.222,-5.660,5.099,7.590,-5.499,6.236
15.7300,6,-1.489,1.194,-0.250,-4.734,6.298,5.462,8.465,6.625,3.881,-4.221,-5.659,5.100,7.591,-5.498,6.236
15.7400,6,-1.485,1.191,-0.250,-4.733,6.298,5.463,8.466,6.626,3.882,-4.221,-5.659,5.102,7.591,-5.498,6.237
15.7500,6,-1.480,1.188,-0.250,-4.733,6.298,5.463,8.466,6.627,3.882,-4.221,-5.658,5.103,7.591,-5.497,6.237
15.7600,6,-1.475,1.186,-0.250,-4.733,6.299,5.464,8.466,6.628,3.882,-4.220,-5.658,5.104,7.592,-5.496,6.238
15.7700,6,-1.470,1.183,-0.250,-4.732,6.299,5.465,8.466,6.629,3.883,-4.220,-5.657,5.106,7.592,-5.496,6.238
15.7800,6,-1.465,1.180,-0.250,-4.732,6.300,5.465,8.467,6.630,3.883,-4.219,-5.656,5.107,7.593,-5.495,6.239
15.7900,6,-1.460,1.177,-0.250,-4.732,6.300,5.466,8.467,6.631,3.883,-4.219,-5.656,5.108,7.593,-5.494,6.239
15.8000,6,-1.455,1.174,-0.249,-4.731,6.301,5.466,8.467,6.632,3.883,-4.219,-5.655,5.109,7.594,-5.494,6.240
15.8100,6,-1.450,1.171,-0.249,-4.731,6.301,5.467,8.468,6.633,3.884,-4.218,-5.654,5.111,7.594,-5.493,6.240
15.8200,6,-1.446,1.169,-0.249,-4.731,6.302,5.467,8.468,6.634,3.884,-4.218,-5.654,5.112,7.594,-5.493,6.241
15.8300,6,-1.441,1.166,-0.249,-4.730,6.302,5.468,8.468,6.635,3.884,-4.218,-5.653,5.113,7.595,-5.492,6.241
15.8400,6,-1.436,1.163,-0.249,-4.730,6.303,5.469,8.468,6.636,3.885,-4.217,-5.653,5.114,7.595,-5.491,6.242
15.8500,6,-1.431,1.160,-0.249,-4.730,6.303,5.469,8.469,6.637,3.885,-4.217,-5.652,5.116,7.596,-5.491,6.242
15.8600,6,-1.426,1.157,-0.249,-4.729,6.303,5.470,8.469,6.638,3.885,-4.217,-5.651,5.117,7.596,-5.490,6.242
15.8700,6,-1.421,1.154,-0.248,-4.729,6.304,5.470,8.469,6.639,3.885,-4.216,-5.651,5.118,7.596,-5.489,6.243
15.8800,6,-1.416,1.151,-0.248,-4.728,6.304,5.471,8.469,6.640,3.886,-4.216,-5.650,5.119,7.597,-5.489,6.243
15.8900,6,-1.411,1.148,-0.248,-4.728,6.305,5.471,8.469,6.642,3.886,-4.216,-5.649,5.121,7.597,-5.488,6.244
15.9000,6,-1.406,1.145,-0.248,-4.728,6.305,5.472,8.470,6.643,3.886,-4.215,-5.649,5.122,7.598,-5.487,6.244
15.9100,6,-1.401,1.142,-0.248,-4.727,6.306,5.472,8.470,6.644,3.886,-4.215,-5.648,5.123,7.598,-5.487,6.245
15.9200,6,-1.396,1.139,-0.247,-4.727,6.306,5.473,8.470,6.645,3.886,-4.215,-5.647,5.124,7.598,-5.486,6.245
15.9300,6,-1.391,1.136,-0.247,-4.727,6.307,5.473,8.470,6.646,3.887,-4.214,-5.647,5.126,7.599,-5.485,6.245
15.9400,6,-1.386,1.133,-0.247,-4.727,6.307,5.474,8.471,6.647,3.887,-4.214,-5.646,5.127,7.599,-5.485,6.246
15.9500,6,-1.381,1.130,-0.246,-4.726,6.308,5.474,8.471,6.648,3.887,-4.214,-5.645,5.128,7.600,-5.484,6.246
15.9600,6,-1.377,1.126,-0.246,-4.726,6.308,5.475,8.471,6.649,3.887,-4.213,-5.645,5.129,7.600,-5.483,6.247
15.9700,6,-1.372,1.123,-0.246,-4.726,6.309,5.475,8.471,6.650,3.888,-4.213,-5.644,5.131,7.600,-5.483,6.247
15.9800,6,-1.367,1.120,-0.245,-4.725,6.309,5.476,8.471,6.651,3.888,-4.213,-5.643,5.132,7.601,-5.482,6.247
15.9900,6,-1.362,1.117,-0.245,-4.725,6.310,5.476,8.472,6.652,3.888,-4.213,-5.643,5.133,7.601,-5.481,6.248
16.0000,6,-1.357,1.114,-0.245,-4.725,6.310,5.477,8.472,6.653,3.888,-4.212,-5.642,5.134,7.601,-5.481,6.248
16.0100,6,-1.352,1.111,-0.244,-4.724,6.310,5.477,8.472,6.654,3.888,-4.212,-5.641,5.136,7.602,-5.480,6.249
16.0200,6,-1.347,1.108,-0.244,-4.724,6.311,5.477,8.472,6.655,3.888,-4.212,-5.641,5.137,7.602,-5.479,6.249
16.0300,6,-1.342,1.104,-0.244,-4.724,6.311,5.478,8.472,6.656,3.889,-4.211,-5.640,5.138,7.602,-5.479,6.249
16.0400,6,-1.337,1.101,-0.243,-4.723,6.312,5.478,8.472,6.657,3.889,-4.211,-5.639,5.139,7.603,-5.478,6.250
16.0500,6,-1.333,1.098,-0.243,-4.723,6.312,5.479,8.473,6.658,3.889,-4.211,-5.638,5.140,7.603,-5.477,6.250
16.0600,6,-1.328,1.095,-0.242,-4.723,6.313,5.479,8.473,6.660,3.889,-4.211,-5.638,5.142,7.603,-5.477,6.250
16.0700,6,-1.323,1.091,-0.242,-4.722,6.313,5.480,8.473,6.661,3.889,-4.210,-5.637,5.143,7.604,-5.476,6.251
16.0800,6,-1.318,1.088,-0.242,-4.722,6.314,5.480,8.473,6.662,3.890,-4.210,-5.636,5.144,7.604,-5.475,6.251
16.0900,6,-1.313,1.085,-0.241,-4.722,6.314,5.480,8.473,6.663,3.890,-4.210,-5.636,5.145,7.605,-5.475,6.251
16.1000,6,-1.308,1.082,-0.241,-4.722,6.315,5.481,8.473,6.664,3.890,-4.210,-5.635,5.147,7.605,-5.474,6.252
16.1100,6,-1.304,1.078,-0.240,-4.721,6.315,5.481,8.473,6.665,3.890,-4.209,-5.634,5.148,7.605,-5.473,6.252
16.1200,6,-1.299,1.075,-0.240,-4.721,6.316,5.482,8.473,6.666,3.890,-4.209,-5.634,5.149,7.606,-5.472,6.252
16.1300,6,-1.294,1.072,-0.239,-4.721,6.316,5.482,8.474,6.667,3.890,-4.209,-5.633,5.150,7.606,-5.472,6.253
16.1400,6,-1.289,1.068,-0.239,-4.720,6.317,5.482,8.474,6.668,3.890,-4.209,-5.632,5.151,7.606,-5.471,6.253
16.1500,6,-1.284,1.065,-0.238,-4.720,6.317,5.483,8.474,6.669,3.891,-4.208,-5.631,5.153,7.607,-5.470,6.253
16.1600,6,-1.280,1.062,-0.238,-4.720,6.318,5.483,8.474,6.671,3.891,-4.208,-5.631,5.154,7.607,-5.470,6.254
16.1700,6,-1.275,1.058,-0.237,-4.720,6.318,5.484,8.474,6.672,3.891,-4.208,-5.630,5.155,7.607,-5.469,6.254
16.1800,6,-1.270,1.055,-0.236,-4.719,6.319,5.484,8.474,6.673,3.891,-4.208,-5.629,5.156,7.607,-5.468,6.254
16.1900,6,-1.266,1.052,-0.236,-4.719,6.319,5.484,8.474,6.674,3.891,-4.207,-5.629,5.157,7.608,-5.468,6.255
16.2000,6,-1.261,1.048,-0.235,-4.719,6.320,5.485,8.474,6.675,3.891,-4.207,-5.628,5.159,7.608,-5.467,6.255
16.2100,6,-1.256,1.045,-0.235,-4.718,6.320,5.485,8.474,6.676,3.891,-4.207,-5.627,5.160,7.608,-5.466,6.255
16.2200,6,-1.252,1.042,-0.234,-4.718,6.321,5.485,8.474,6.677,3.891,-4.207,-5.626,5.161,7.609,-5.465,6.255
16.2300,6,-1.247,1.038,-0.233,-4.718,6.321,5.486,8.475,6.679,3.891,-4.206,-5.626,5.162,7.609,-5.465,6.256
16.2400,6,-1.243,1.035,-0.233,-4.718,6.322,5.486,8.475,6.680,3.892,-4.206,-5.625,5.163,7.609,-5.464,6.256
16.2500,6,-1.238,1.031,-0.232,-4.717,6.322,5.486,8.475,6.681,3.892,-4.206,-5.624,5.165,7.610,-5.463,6.256
16.2600,6,-1.233,1.028,-0.232,-4.717,6.323,5.487,8.475,6.682,3.892,-4.206,-5.623,5.166,7.610,-5.463,6.256
16.2700,6,-1.229,1.024,-0.231,-4.717,6.324,5.487,8.475,6.683,3.892,-4.206,-5.623,5.167,7.610,-5.462,6.257
16.2800,6,-1.224,1.021,-0.230,-4.717,6.324,5.487,8.475,6.684,3.892,-4.205,-5.622,5.168,7.611,-5.461,6.257
16.2900,6,-1.220,1.018,-0.230,-4.716,6.325,5.488,8.475,6.685,3.892,-4.205,-5.621,5.169,7.611,-5.460,6.257
16.3000,6,-1.216,1.014,-0.229,-4.716,6.325,5.488,8.475,6.687,3.892,-4.205,-5.620,5.170,7.611,-5.460,6.257
16.3100,6,-1.211,1.011,-0.228,-4.716,6.326,5.488,8.475,6.688,3.892,-4.205,-5.620,5.172,7.611,-5.459,6.258
16.3200,6,-1.207,1.007,-0.227,-4.716,6.326,5.488,8.475,6.689,3.892,-4.205,-5.619,5.173,7.612,-5.458,6.258
16.3300,6,-1.202,1.004,-0.227,-4.715,6.327,5.489,8.475,6.690,3.892,-4.204,-5.618,5.174,7.612,-5.457,6.258
16.3400,6,-1.198,1.000,-0.226,-4.715,6.327,5.489,8.475,6.691,3.892,-4.204,-5.617,5.175,7.612,-5.457,6.258
16.3500,6,-1.194,0.997,-0.225,-4.715,6.328,5.489,8.475,6.692,3.892,-4.204,-5.617,5.176,7.613,-5.456,6.258
16.3600,6,-1.189,0.993,-0.224,-4.715,6.328,5.490,8.475,6.694,3.892,-4.204,-5.616,5.177,7.613,-5.455,6.259
16.3700,6,-1.185,0.990,-0.224,-4.714,6.329,5.490,8.475,6.695,3.892,-4.204,-5.615,5.179,7.613,-5.455,6.259
16.3800,6,-1.181,0.986,-0.223,-4.714,6.329,5.490,8.475,6.696,3.892,-4.203,-5.614,5.180,7.613,-5.454,6.259
16.3900,6,-1.177,0.983,-0.222,-4.714,6.330,5.490,8.475,6.697,3.892,-4.203,-5.614,5.181,7.614,-5.453,6.259
16.4000,6,-1.172,0.979,-0.221,-4.714,6.330,5.491,8.475,6.698,3.892,-4.203,-5.613,5.182,7.614,-5.452,6.259
16.4100,6,-1.168,0.976,-0.220,-4.713,6.331,5.491,8.475,6.700,3.893,-4.203,-5.612,5.183,7.614,-5.452,6.260
16.4200,6,-1.164,0.972,-0.220,-4.713,6.331,5.491,8.475,6.701,3.893,-4.203,-5.611,5.184,7.615,-5.451,6.260
16.4300,6,-1.160,0.969,-0.219,-4.713,6.332,5.491,8.475,6.702,3.893,-4.203,-5.611,5.186,7.615,-5.450,6.260
16.4400,6,-1.156,0.965,-0.218,-4.713,6.333,5.492,8.475,6.703,3.893,-4.202,-5.610,5.187,7.615,-5.449,6.260
16.4500,6,-1.152,0.962,-0.217,-4.712,6.333,5.492,8.475,6.704,3.893,-4.202,-5.609,5.188,7.615,-5.449,6.260
16.4600,6,-1.148,0.958,-0.216,-4.712,6.334,5.492,8.475,6.706,3.893,-4.202,-5.608,5.189,7.616,-5.448,6.260
16.4700,6,-1.144,0.955,-0.215,-4.712,6.334,5.492,8.475,6.707,3.893,-4.202,-5.607,5.190,7.616,-5.447,6.260
16.4800,6,-1.140,0.951,-0.214,-4.712,6.335,5.492,8.475,6.708,3.893,-4.202,-5.607,5.191,7.616,-5.446,6.261
16.4900,6,-1.136,0.948,-0.213,-4.711,6.335,5.493,8.475,6.709,3.893,-4.202,-5.606,5.192,7.616,-5.446,6.261
16.5000,6,-1.132,0.944,-0.213,-4.711,6.336,5.493,8.475,6.710,3.893,-4.201,-5.605,5.193,7.617,-5.445,6.261
16.5100,6,-1.129,0.941,-0.212,-4.711,6.336,5.493,8.475,6.712,3.893,-4.201,-5.604,5.195,7.617,-5.444,6.261
16.5200,6,-1.125,0.937,-0.211,-4.711,6.337,5.493,8.475,6.713,3.893,-4.201,-5.604,5.196,7.617,-5.443,6.261
16.5300,6,-1.121,0.933,-0.210,-4.711,6.337,5.493,8.475,6.714,3.892,-4.201,-5.603,5.197,7.617,-5.443,6.261
16.5400,6,-1.117,0.930,-0.209,-4.710,6.338,5.493,8.475,6.715,3.892,-4.201,-5.602,5.198,7.618,-5.442,6.261
16.5500,6,-1.114,0.926,-0.208,-4.710,6.339,5.494,8.475,6.716,3.892,-4.201,-5.601,5.199,7.618,-5.441,6.261
16.5600,6,-1.110,0.923,-0.207,-4.710,6.339,5.494,8.475,6.718,3.892,-4.201,-5.600,5.200,7.618,-5.440,6.261
16.5700,6,-1.106,0.919,-0.206,-4.710,6.340,5.494,8.475,6.719,3.892,-4.200,-5.600,5.201,7.618,-5.439,6.261
16.5800,6,-1.103,0.916,-0.205,-4.709,6.340,5.494,8.475,6.720,3.892,-4.200,-5.599,5.202,7.619,-5.439,6.261
16.5900,6,-1.099,0.912,-0.204,-4.709,6.341,5.494,8.475,6.721,3.892,-4.200,-5.598,5.204,7.619,-5.438,6.262
16.6000,6,-1.096,0.909,-0.203,-4.709,6.341,5.494,8.475,6.723,3.892,-4.200,-5.597,5.205,7.619,-5.437,6.262
16.6100,6,-1.092,0.905,-0.202,-4.709,6.342,5.494,8.475,6.724,3.892,-4.200,-5.596,5.206,7.619,-5.436,6.262
16.6200,6,-1.089,0.902,-0.201,-4.709,6.342,5.494,8.475,6.725,3.892,-4.200,-5.596,5.207,7.620,-5.436,6.262
16.6300,6,-1.085,0.898,-0.200,-4.708,6.343,5.495,8.475,6.726,3.892,-4.200,-5.595,5.208,7.620,-5.435,6.262
16.6400,6,-1.082,0.894,-0.199,-4.708,6.344,5.495,8.475,6.728,3.892,-4.199,-5.594,5.209,7.620,-5.434,6.262
16.6500,6,-1.079,0.891,-0.198,-4.708,6.344,5.495,8.475,6.729,3.892,-4.199,-5.593,5.210,7.620,-5.433,6.262
16.6600,6,-1.075,0.887,-0.197,-4.708,6.345,5.495,8.475,6.730,3.892,-4.199,-5.592,5.211,7.620,-5.433,6.262
16.6700,6,-1.072,0.884,-0.195,-4.708,6.345,5.495,8.475,6.731,3.892,-4.199,-5.592,5.212,7.621,-5.432,6.262
16.6800,6,-1.069,0.880,-0.194,-4.707,6.346,5.495,8.474,6.732,3.892,-4.199,-5.591,5.213,7.621,-5.431,6.262
16.6900,6,-1.066,0.877,-0.193,-4.707,6.346,5.495,8.474,6.734,3.892,-4.199,-5.590,5.214,7.621,-5.430,6.262
16.7000,6,-1.063,0.873,-0.192,-4.707,6.347,5.495,8.474,6.735,3.891,-4.199,-5.589,5.216,7.621,-5.429,6.262
16.7100,6,-1.060,0.870,-0.191,-4.707,6.348,5.495,8.474,6.736,3.891,-4.199,-5.588,5.217,7.622,-5.429,6.262
16.7200,6,-1.057,0.866,-0.190,-4.707,6.348,5.495,8.474,6.737,3.891,-4.199,-5.587,5.218,7.622,-5.428,6.262
16.7300,6,-1.054,0.862,-0.189,-4.706,6.349,5.495,8.474,6.739,3.891,-4.198,-5.587,5.219,7.622,-5.427,6.262
16.7400,6,-1.051,0.859,-0.188,-4.706,6.349,5.495,8.474,6.740,3.891,-4.198,-5.586,5.220,7.622,-5.426,6.262
16.7500,6,-1.048,0.855,-0.186,-4.706,6.350,5.495,8.474,6.741,3.891,-4.198,-5.585,5.221,7.622,-5.425,6.262
16.7600,6,-1.045,0.852,-0.185,-4.706,6.350,5.495,8.474,6.743,3.891,-4.198,-5.584,5.222,7.623,-5.425,6.262
16.7700,6,-1.042,0.848,-0.184,-4.706,6.351,5.495,8.474,6.744,3.891,-4.198,-5.583,5.223,7.623,-5.424,6.262
16.7800,6,-1.039,0.845,-0.183,-4.705,6.352,5.495,8.474,6.745,3.891,-4.198,-5.583,5.224,7.623,-5.423,6.262
16.7900,6,-1.036,0.841,-0.182,-4.705,6.352,5.495,8.474,6.746,3.890,-4.198,-5.582,5.225,7.623,-5.422,6.262
16.8000,6,-1.034,0.838,-0.180,-4.705,6.353,5.495,8.473,6.748,3.890,-4.198,-5.581,5.226,7.624,-5.422,6.262
16.8100,6,-1.031,0.834,-0.179,-4.705,6.353,5.495,8.473,6.749,3.890,-4.198,-5.580,5.227,7.624,-5.421,6.262
16.8200,6,-1.028,0.831,-0.178,-4.705,6.354,5.495,8.473,6.750,3.890,-4.198,-5.579,5.228,7.624,-5.420,6.261
16.8300,6,-1.026,0.827,-0.177,-4.705,6.354,5.495,8.473,6.751,3.890,-4.197,-5.578,5.229,7.624,-5.419,6.261
16.8400,6,-1.023,0.824,-0.176,-4.704,6.355,5.495,8.473,6.753,3.890,-4.197,-5.578,5.230,7.624,-5.418,6.261
16.8500,6,-1.021,0.820,-0.174,-4.704,6.356,5.495,8.473,6.754,3.889,-4.197,-5.577,5.232,7.625,-5.418,6.261
16.8600,6,-1.018,0.817,-0.173,-4.704,6.356,5.495,8.473,6.755,3.889,-4.197,-5.576,5.233,7.625,-5.417,6.261
16.8700,6,-1.016,0.813,-0.172,-4.704,6.357,5.495,8.473,6.757,3.889,-4.197,-5.575,5.234,7.625,-5.416,6.261
16.8800,6,-1.014,0.810,-0.170,-4.704,6.357,5.495,8.473,6.758,3.889,-4.197,-5.574,5.235,7.625,-5.415,6.261
16.8900,6,-1.011,0.806,-0.169,-4.703,6.358,5.495,8.472,6.759,3.889,-4.197,-5.573,5.236,7.625,-5.414,6.261
16.9000,6,-1.009,0.803,-0.168,-4.703,6.359,5.495,8.472,6.760,3.889,-4.197,-5.573,5.237,7.626,-5.414,6.261
16.9100,6,-1.007,0.799,-0.167,-4.703,6.359,5.495,8.472,6.762,3.888,-4.197,-5.572,5.238,7.626,-5.413,6.261
16.9200,6,-1.005,0.796,-0.165,-4.703,6.360,5.495,8.472,6.763,3.888,-4.197,-5.571,5.239,7.626,-5.412,6.261
16.9300,6,-1.002,0.792,-0.164,-4.703,6.360,5.495,8.472,6.764,3.888,-4.197,-5.570,5.240,7.626,-5.411,6.260
16.9400,6,-1.000,0.789,-0.163,-4.703,6.361,5.495,8.472,6.766,3.888,-4.197,-5.569,5.241,7.626,-5.410,6.260
16.9500,6,-0.998,0.785,-0.161,-4.702,6.361,5.495,8.472,6.767,3.888,-4.196,-5.568,5.242,7.626,-5.410,6.260
16.9600,6,-0.996,0.782,-0.160,-4.702,6.362,5.495,8.471,6.768,3.888,-4.196,-5.567,5.243,7.627,-5.409,6.260
16.9700,6,-0.994,0.778,-0.159,-4.702,6.363,5.495,8.471,6.769,3.887,-4.196,-5.567,5.244,7.627,-5.408,6.260
16.9800,6,-0.992,0.775,-0.157,-4.702,6.363,5.494,8.471,6.771,3.887,-4.196,-5.566,5.245,7.627,-5.407,6.260
16.9900,6,-0.991,0.771,-0.156,-4.702,6.364,5.494,8.471,6.772,3.887,-4.196,-5.565,5.246,7.627,-5.406,6.259
17.0000,6,-0.989,0.768,-0.155,-4.702,6.364,5.494,8.471,6.773,3.887,-4.196,-5.564,5.247,7.627,-5.405,6.259
17.0100,6,-0.987,0.764,-0.153,-4.701,6.365,5.494,8.471,6.775,3.886,-4.196,-5.563,5.248,7.628,-5.405,6.259
17.0200,6,-0.985,0.761,-0.152,-4.701,6.366,5.494,8.471,6.776,3.886,-4.196,-5.562,5.249,7.628,-5.404,6.259
17.0300,6,-0.984,0.758,-0.150,-4.701,6.366,5.494,8.470,6.777,3.886,-4.196,-5.562,5.250,7.628,-5.403,6.259
17.0400,6,-0.982,0.754,-0.149,-4.701,6.367,5.494,8.470,6.779,3.886,-4.196,-5.561,5.251,7.628,-5.402,6.259
17.0500,6,-0.980,0.751,-0.148,-4.701,6.367,5.494,8.470,6.780,3.886,-4.196,-5.560,5.252,7.628,-5.401,6.258
17.0600,6,-0.979,0.747,-0.146,-4.701,6.368,5.493,8.470,6.781,3.885,-4.196,-5.559,5.253,7.628,-5.401,6.258
17.0700,6,-0.977,0.744,-0.145,-4.700,6.369,5.493,8.470,6.783,3.885,-4.196,-5.558,5.254,7.629,-5.400,6.258
17.0800,6,-0.976,0.741,-0.143,-4.700,6.369,5.493,8.470,6.784,3.885,-4.196,-5.557,5.255,7.629,-5.399,6.258
17.0900,6,-0.974,0.737,-0.142,-4.700,6.370,5.493,8.469,6.785,3.885,-4.196,-5.556,5.256,7.629,-5.398,6.258
17.1000,6,-0.973,0.734,-0.140,-4.700,6.370,5.493,8.469,6.786,3.884,-4.196,-5.556,5.257,7.629,-5.397,6.257
17.1100,6,-0.972,0.730,-0.139,-4.700,6.371,5.492,8.469,6.788,3.884,-4.196,-5.555,5.258,7.629,-5.397,6.257
17.1200,6,-0.970,0.727,-0.138,-4.700,6.372,5.492,8.469,6.789,3.884,-4.196,-5.554,5.259,7.629,-5.396,6.257
17.1300,6,-0.969,0.724,-0.136,-4.699,6.372,5.492,8.469,6.790,3.884,-4.195,-5.553,5.260,7.630,-5.395,6.257
17.1400,6,-0.968,0.720,-0.135,-4.699,6.373,5.492,8.469,6.792,3.883,-4.195,-5.552,5.261,7.630,-5.394,6.256
17.1500,6,-0.967,0.717,-0.133,-4.699,6.373,5.492,8.468,6.793,3.883,-4.195,-5.551,5.262,7.630,-5.393,6.256
17.1600,6,-0.966,0.714,-0.132,-4.699,6.374,5.491,8.468,6.794,3.883,-4.195,-5.550,5.263,7.630,-5.392,6.256
17.1700,6,-0.965,0.710,-0.130,-4.699,6.375,5.491,8.468,6.796,3.882,-4.195,-5.549,5.264,7.630,-5.392,6.256
17.1800,6,-0.964,0.707,-0.129,-4.699,6.375,5.491,8.468,6.797,3.882,-4.195,-5.549,5.265,7.630,-5.391,6.255
17.1900,6,-0.963,0.704,-0.127,-4.699,6.376,5.491,8.468,6.798,3.882,-4.195,-5.548,5.266,7.631,-5.390,6.255
17.2000,6,-0.962,0.700,-0.126,-4.698,6.376,5.491,8.467,6.800,3.882,-4.195,-5.547,5.267,7.631,-5.389,6.255
17.2100,6,-0.961,0.697,-0.124,-4.698,6.377,5.490,8.467,6.801,3.881,-4.195,-5.546,5.268,7.631,-5.388,6.255
17.2200,6,-0.960,0.694,-0.123,-4.698,6.378,5.490,8.467,6.802,3.881,-4.195,-5.545,5.269,7.631,-5.387,6.254
17.2300,6,-0.959,0.690,-0.121,-4.698,6.378,5.490,8.467,6.804,3.881,-4.195,-5.544,5.270,7.631,-5.387,6.254
17.2400,6,-0.959,0.687,-0.119,-4.698,6.379,5.490,8.467,6.805,3.880,-4.195,-5.543,5.270,7.631,-5.386,6.254
17.2500,6,-0.958,0.684,-0.118,-4.698,6.379,5.489,8.466,6.806,3.880,-4.195,-5.542,5.271,7.631,-5.385,6.253
17.2600,6,-0.957,0.681,-0.116,-4.698,6.380,5.489,8.466,6.808,3.880,-4.195,-5.542,5.272,7.632,-5.384,6.253
17.2700,6,-0.957,0.677,-0.115,-4.697,6.381,5.489,8.466,6.809,3.879,-4.195,-5.541,5.273,7.632,-5.383,6.253
17.2800,6,-0.956,0.674,-0.113,-4.697,6.381,5.488,8.466,6.810,3.879,-4.195,-5.540,5.274,7.632,-5.382,6.252
17.2900,6,-0.955,0.671,-0.112,-4.697,6.382,5.488,8.466,6.812,3.879,-4.195,-5.539,5.275,7.632,-5.382,6.252
17.3000,6,-0.955,0.668,-0.110,-4.697,6.383,5.488,8.465,6.813,3.878,-4.195,-5.538,5.276,7.632,-5.381,6.252
17.3100,6,-0.955,0.664,-0.109,-4.697,6.383,5.488,8.465,6.814,3.878,-4.195,-5.537,5.277,7.632,-5.380,6.251
17.3200,6,-0.954,0.661,-0.107,-4.697,6.384,5.487,8.465,6.816,3.878,-4.195,-5.536,5.278,7.632,-5.379,6.251
17.3300,6,-0.954,0.658,-0.105,-4.697,6.384,5.487,8.465,6.817,3.877,-4.195,-5.535,5.279,7.633,-5.378,6.251
17.3400,6,-0.953,0.655,-0.104,-4.697,6.385,5.487,8.465,6.818,3.877,-4.195,-5.535,5.280,7.633,-5.377,6.250
17.3500,6,-0.953,0.652,-0.102,-4.696,6.386,5.486,8.464,6.820,3.877,-4.195,-5.534,5.281,7.633,-5.377,6.250
17.3600,6,-0.953,0.648,-0.101,-4.696,6.386,5.486,8.464,6.821,3.876,-4.195,-5.533,5.282,7.633,-5.376,6.250
17.3700,6,-0.953,0.645,-0.099,-4.696,6.387,5.486,8.464,6.822,3.876,-4.195,-5.532,5.283,7.633,-5.375,6.249
17.3800,6,-0.953,0.642,-0.097,-4.696,6.387,5.485,8.464,6.824,3.876,-4.195,-5.531,5.284,7.633,-5.374,6.249
17.3900,6,-0.952,0.639,-0.096,-4.696,6.388,5.485,8.463,6.825,3.875,-4.195,-5.530,5.285,7.633,-5.373,6.249
17.4000,6,-0.952,0.636,-0.094,-4.696,6.389,5.485,8.463,6.827,3.875,-4.195,-5.529,5.285,7.634,-5.372,6.248
17.4100,6,-0.952,0.633,-0.093,-4.696,6.389,5.484,8.463,6.828,3.875,-4.195,-5.528,5.286,7.634,-5.372,6.248
17.4200,6,-0.952,0.630,-0.091,-4.695,6.390,5.484,8.463,6.829,3.874,-4.195,-5.527,5.287,7.634,-5.371,6.247
17.4300,6,-0.952,0.626,-0.089,-4.695,6.391,5.484,8.463,6.831,3.874,-4.195,-5.527,5.288,7.634,-5.370,6.247
17.4400,6,-0.952,0.623,-0.088,-4.695,6.391,5.483,8.462,6.832,3.874,-4.195,-5.526,5.289,7.634,-5.369,6.247
17.4500,6,-0.953,0.620,-0.086,-4.695,6.392,5.483,8.462,6.833,3.873,-4.195,-5.525,5.290,7.634,-5.368,6.246
17.4600,6,-0.953,0.617,-0.084,-4.695,6.392,5.482,8.462,6.835,3.873,-4.195,-5.524,5.291,7.634,-5.367,6.246
17.4700,6,-0.953,0.614,-0.083,-4.695,6.393,5.482,8.462,6.836,3.872,-4.195,-5.523,5.292,7.634,-5.366,6.245
17.4800,6,-0.953,0.611,-0.081,-4.695,6.394,5.482,8.461,6.837,3.872,-4.195,-5.522,5.293,7.635,-5.366,6.245
17.4900,6,-0.953,0.608,-0.079,-4.695,6.394,5.481,8.461,6.839,3.872,-4.195,-5.521,5.294,7.635,-5.365,6.245
17.5000,6,-0.954,0.605,-0.078,-4.695,6.395,5.481,8.461,6.840,3.871,-4.195,-5.520,5.295,7.635,-5.364,6.244
17.5100,6,-0.954,0.602,-0.076,-4.694,6.396,5.480,8.461,6.841,3.871,-4.195,-5.519,5.295,7.635,-5.363,6.244
17.5200,6,-0.954,0.599,-0.074,-4.694,6.396,5.480,8.460,6.843,3.870,-4.195,-5.519,5.296,7.635,-5.362,6.243
17.5300,6,-0.955,0.596,-0.073,-4.694,6.397,5.480,8.460,6.844,3.870,-4.195,-5.518,5.297,7.635,-5.361,6.243
17.5400,6,-0.955,0.593,-0.071,-4.694,6.397,5.479,8.460,6.846,3.870,-4.195,-5.517,5.298,7.635,-5.361,6.242
17.5500,6,-0.956,0.590,-0.069,-4.694,6.398,5.479,8.460,6.847,3.869,-4.195,-5.516,5.299,7.635,-5.360,6.242
17.5600,6,-0.956,0.587,-0.068,-4.694,6.399,5.478,8.459,6.848,3.869,-4.195,-5.515,5.300,7.636,-5.359,6.242
17.5700,6,-0.957,0.584,-0.066,-4.694,6.399,5.478,8.459,6.850,3.868,-4.195,-5.514,5.301,7.636,-5.358,6.241
17.5800,6,-0.957,0.581,-0.064,-4.694,6.400,5.477,8.459,6.851,3.868,-4.195,-5.513,5.302,7.636,-5.357,6.241
17.5900,6,-0.958,0.578,-0.063,-4.694,6.401,5.477,8.458,6.852,3.868,-4.195,-5.512,5.303,7.636,-5.356,6.240
17.6000,6,-0.959,0.575,-0.061,-4.693,6.401,5.477,8.458,6.854,3.867,-4.195,-5.511,5.304,7.636,-5.355,6.240
17.6100,6,-0.959,0.572,-0.059,-4.693,6.402,5.476,8.458,6.855,3.867,-4.195,-5.510,5.304,7.636,-5.355,6.239
17.6200,6,-0.960,0.569,-0.058,-4.693,6.402,5.476,8.458,6.856,3.866,-4.195,-5.509,5.305,7.636,-5.354,6.239
17.6300,6,-0.961,0.566,-0.056,-4.693,6.403,5.475,8.457,6.858,3.866,-4.195,-5.509,5.306,7.636,-5.353,6.238
17.6400,6,-0.962,0.563,-0.054,-4.693,6.404,5.475,8.457,6.859,3.865,-4.195,-5.508,5.307,7.636,-5.352,6.238
17.6500,6,-0.963,0.560,-0.052,-4.693,6.404,5.474,8.457,6.861,3.865,-4.195,-5.507,5.308,7.636,-5.351,6.237
17.6600,6,-0.963,0.558,-0.051,-4.693,6.405,5.474,8.457,6.862,3.865,-4.195,-5.506,5.309,7.637,-5.350,6.237
17.6700,6,-0.964,0.555,-0.049,-4.693,6.406,5.473,8.456,6.863,3.864,-4.195,-5.505,5.310,7.637,-5.349,6.236
17.6800,6,-0.965,0.552,-0.047,-4.693,6.406,5.473,8.456,6.865,3.864,-4.195,-5.504,5.311,7.637,-5.349,6.236
17.6900,6,-0.966,0.549,-0.046,-4.692,6.407,5.472,8.456,6.866,3.863,-4.195,-5.503,5.311,7.637,-5.348,6.235
17.7000,6,-0.967,0.546,-0.044,-4.692,6.407,5.472,8.455,6.868,3.863,-4.195,-5.502,5.312,7.637,-5.347,6.235
17.7100,6,-0.968,0.543,-0.042,-4.692,6.408,5.471,8.455,6.869,3.862,-4.196,-5.501,5.313,7.637,-5.346,6.234
17.7200,6,-0.969,0.540,-0.040,-4.692,6.409,5.471,8.455,6.870,3.862,-4.196,-5.500,5.314,7.637,-5.345,6.234
17.7300,6,-0.970,0.538,-0.039,-4.692,6.409,5.470,8.455,6.872,3.861,-4.196,-5.500,5.315,7.637,-5.344,6.233
17.7400,6,-0.971,0.535,-0.037,-4.692,6.410,5.470,8.454,6.873,3.861,-4.196,-5.499,5.316,7.637,-5.343,6.233
17.7500,6,-0.972,0.532,-0.035,-4.692,6.411,5.469,8.454,6.874,3.861,-4.196,-5.498,5.317,7.637,-5.343,6.232
17.7600,6,-0.973,0.529,-0.033,-4.692,6.411,5.469,8.454,6.876,3.860,-4.196,-5.497,5.317,7.638,-5.342,6.231
17.7700,6,-0.975,0.527,-0.032,-4.692,6.412,5.468,8.453,6.877,3.860,-4.196,-5.496,5.318,7.638,-5.341,6.231
17.7800,6,-0.976,0.524,-0.030,-4.692,6.413,5.467,8.453,6.879,3.859,-4.196,-5.495,5.319,7.638,-5.340,6.230
17.7900,6,-0.977,0.521,-0.028,-4.692,6.413,5.467,8.453,6.880,3.859,-4.196,-5.494,5.320,7.638,-5.339,6.230
17.8000,6,-0.978,0.518,-0.027,-4.691,6.414,5.466,8.452,6.881,3.858,-4.196,-5.493,5.321,7.638,-5.338,6.229
17.8100,6,-0.979,0.516,-0.025,-4.691,6.414,5.466,8.452,6.883,3.858,-4.196,-5.492,5.322,7.638,-5.337,6.229
17.8200,6,-0.981,0.513,-0.023,-4.691,6.415,5.465,8.452,6.884,3.857,-4.196,-5.491,5.323,7.638,-5.336,6.228
17.8300,6,-0.982,0.510,-0.021,-4.691,6.416,5.465,8.451,6.886,3.857,-4.196,-5.490,5.323,7.638,-5.336,6.227
17.8400,6,-0.983,0.507,-0.020,-4.691,6.416,5.464,8.451,6.887,3.856,-4.196,-5.489,5.324,7.638,-5.335,6.227
17.8500,6,-0.985,0.505,-0.018,-4.691,6.417,5.463,8.451,6.888,3.856,-4.196,-5.489,5.325,7.638,-5.334,6.226
17.8600,6,-0.986,0.502,-0.016,-4.691,6.418,5.463,8.451,6.890,3.855,-4.196,-5.488,5.326,7.638,-5.333,6.226
17.8700,6,-0.987,0.499,-0.014,-4.691,6.418,5.462,8.450,6.891,3.855,-4.196,-5.487,5.327,7.638,-5.332,6.225
17.8800,6,-0.989,0.497,-0.013,-4.691,6.419,5.462,8.450,6.892,3.854,-4.196,-5.486,5.328,7.639,-5.331,6.225
17.8900,6,-0.990,0.494,-0.011,-4.691,6.420,5.461,8.450,6.894,3.854,-4.196,-5.485,5.329,7.639,-5.330,6.224
17.9000,6,-0.992,0.491,-0.009,-4.691,6.420,5.461,8.449,6.895,3.853,-4.197,-5.484,5.329,7.639,-5.330,6.223
17.9100,6,-0.993,0.489,-0.007,-4.690,6.421,5.460,8.449,6.897,3.853,-4.197,-5.483,5.330,7.639,-5.329,6.223
17.9200,6,-0.994,0.486,-0.006,-4.690,6.422,5.459,8.449,6.898,3.852,-4.197,-5.482,5.331,7.639,-5.328,6.222
17.9300,6,-0.996,0.484,-0.004,-4.690,6.422,5.459,8.448,6.899,3.852,-4.197,-5.481,5.332,7.639,-5.327,6.222
17.9400,6,-0.997,0.481,-0.002,-4.690,6.423,5.458,8.448,6.901,3.851,-4.197,-5.480,5.333,7.639,-5.326,6.221
17.9500,6,-0.999,0.478,-0.000,-4.690,6.423,5.457,8.448,6.902,3.851,-4.197,-5.479,5.334,7.639,-5.325,6.220
17.9600,6,-1.000,0.476,0.001,-4.690,6.424,5.457,8.447,6.904,3.850,-4.197,-5.478,5.334,7.639,-5.324,6.220
17.9700,6,-1.002,0.473,0.003,-4.690,6.425,5.456,8.447,6.905,3.850,-4.197,-5.477,5.335,7.639,-5.323,6.219
17.9800,6,-1.004,0.471,0.005,-4.690,6.425,5.456,8.447,6.906,3.849,-4.197,-5.477,5.336,7.639,-5.323,6.218
17.9900,6,-1.005,0.468,0.007,-4.690,6.426,5.455,8.446,6.908,3.849,-4.197,-5.476,5.337,7.639,-5.322,6.218
18.0000,6,-1.007,0.466,0.008,-4.690,6.427,5.454,8.446,6.909,3.848,-4.197,-5.475,5.338,7.639,-5.321,6.217
18.0100,6,-1.008,0.463,0.010,-4.690,6.427,5.454,8.446,6.911,3.848,-4.197,-5.474,5.339,7.639,-5.320,6.217
18.0200,6,-1.010,0.461,0.012,-4.690,6.428,5.453,8.445,6.912,3.847,-4.197,-5.473,5.339,7.639,-5.319,6.216
18.0300,6,-1.011,0.458,0.014,-4.690,6.429,5.452,8.445,6.913,3.847,-4.198,-5.472,5.340,7.640,-5.318,6.215
18.0400,6,-1.013,0.456,0.015,-4.690,6.429,5.452,8.444,6.915,3.846,-4.198,-5.471,5.341,7.640,-5.317,6.215
18.0500,6,-1.015,0.453,0.017,-4.689,6.430,5.451,8.444,6.916,3.846,-4.198,-5.470,5.342,7.640,-5.316,6.214
18.0600,6,-1.016,0.451,0.019,-4.689,6.431,5.450,8.444,6.918,3.845,-4.198,-5.469,5.343,7.640,-5.316,6.213
18.0700,6,-1.018,0.448,0.021,-4.689,6.431,5.450,8.443,6.919,3.845,-4.198,-5.468,5.344,7.640,-5.315,6.213
18.0800,6,-1.020,0.446,0.022,-4.689,6.432,5.449,8.443,6.920,3.844,-4.198,-5.467,5.344,7.640,-5.314,6.212
18.0900,6,-1.021,0.443,0.024,-4.689,6.432,5.448,8.443,6.922,3.843,-4.198,-5.466,5.345,7.640,-5.313,6.211
18.1000,6,-1.023,0.441,0.026,-4.689,6.433,5.448,8.442,6.923,3.843,-4.198,-5.465,5.346,7.640,-5.312,6.211
18.1100,6,-1.025,0.438,0.028,-4.689,6.434,5.447,8.442,6.925,3.842,-4.198,-5.464,5.347,7.640,-5.311,6.210
18.1200,6,-1.026,0.436,0.029,-4.689,6.434,5.446,8.442,6.926,3.842,-4.198,-5.463,5.348,7.640,-5.310,6.209
18.1300,6,-1.028,0.433,0.031,-4.689,6.435,5.446,8.441,6.928,3.841,-4.198,-5.463,5.349,7.640,-5.309,6.209
18.1400,6,-1.030,0.431,0.033,-4.689,6.436,5.445,8.441,6.929,3.841,-4.199,-5.462,5.349,7.640,-5.309,6.208
18.1500,6,-1.031,0.429,0.035,-4.689,6.436,5.444,8.440,6.930,3.840,-4.199,-5.461,5.350,7.640,-5.308,6.207
18.1600,6,-1.033,0.426,0.036,-4.689,6.437,5.444,8.440,6.932,3.840,-4.199,-5.460,5.351,7.640,-5.307,6.206
18.1700,6,-1.035,0.424,0.038,-4.689,6.438,5.443,8.440,6.933,3.839,-4.199,-5.459,5.352,7.640,-5.306,6.206
18.1800,6,-1.036,0.422,0.040,-4.689,6.438,5.442,8.439,6.935,3.839,-4.199,-5.458,5.353,7.640,-5.305,6.205
18.1900,6,-1.038,0.419,0.041,-4.689,6.439,5.441,8.439,6.936,3.838,-4.199,-5.457,5.354,7.640,-5.304,6.204
18.2000,6,-1.040,0.417,0.043,-4.689,6.440,5.441,8.439,6.937,3.837,-4.199,-5.456,5.354,7.640,-5.303,6.204
18.2100,6,-1.041,0.414,0.045,-4.689,6.440,5.440,8.438,6.939,3.837,-4.199,-5.455,5.355,7.640,-5.302,6.203
18.2200,6,-1.043,0.412,0.047,-4.688,6.441,5.439,8.438,6.940,3.836,-4.199,-5.454,5.356,7.640,-5.302,6.202
18.2300,6,-1.045,0.410,0.048,-4.688,6.442,5.439,8.437,6.942,3.836,-4.200,-5.453,5.357,7.641,-5.301,6.202
18.2400,6,-1.046,0.407,0.050,-4.688,6.442,5.438,8.437,6.943,3.835,-4.200,-5.452,5.358,7.641,-5.300,6.201
18.2500,6,-1.048,0.405,0.052,-4.688,6.443,5.437,8.437,6.944,3.835,-4.200,-5.451,5.359,7.641,-5.299,6.200
18.2600,6,-1.050,0.403,0.053,-4.688,6.444,5.436,8.436,6.946,3.834,-4.200,-5.450,5.359,7.641,-5.298,6.199
18.2700,6,-1.051,0.401,0.055,-4.688,6.444,5.436,8.436,6.947,3.834,-4.200,-5.449,5.360,7.641,-5.297,6.199
18.2800,6,-1.053,0.398,0.057,-4.688,6.445,5.435,8.435,6.949,3.833,-4.200,-5.448,5.361,7.641,-5.296,6.198
18.2900,6,-1.055,0.396,0.059,-4.688,6.446,5.434,8.435,6.950,3.832,-4.200,-5.448,5.362,7.641,-5.295,6.197
18.3000,6,-1.056,0.394,0.060,-4.688,6.446,5.433,8.435,6.952,3.832,-4.200,-5.447,5.363,7.641,-5.294,6.197
18.3100,6,-1.058,0.391,0.062,-4.688,6.447,5.433,8.434,6.953,3.831,-4.200,-5.446,5.364,7.641,-5.294,6.196
18.3200,6,-1.060,0.389,0.064,-4.688,6.448,5.432,8.434,6.954,3.831,-4.201,-5.445,5.364,7.641,-5.293,6.195
18.3300,6,-1.061,0.387,0.065,-4.688,6.448,5.431,8.433,6.956,3.830,-4.201,-5.444,5.365,7.641,-5.292,6.194
18.3400,6,-1.063,0.385,0.067,-4.688,6.449,5.430,8.433,6.957,3.830,-4.201,-5.443,5.366,7.641,-5.291,6.194
18.3500,6,-1.065,0.382,0.069,-4.688,6.449,5.430,8.433,6.959,3.829,-4.201,-5.442,5.367,7.641,-5.290,6.193
18.3600,6,-1.066,0.380,0.070,-4.688,6.450,5.429,8.432,6.960,3.829,-4.201,-5.441,5.368,7.641,-5.289,6.192
18.3700,6,-1.068,0.378,0.072,-4.688,6.451,5.428,8.432,6.962,3.828,-4.201,-5.440,5.369,7.641,-5.288,6.191
18.3800,6,-1.069,0.376,0.074,-4.688,6.451,5.427,8.431,6.963,3.827,-4.201,-5.439,5.369,7.641,-5.287,6.191
18.3900,6,-1.071,0.374,0.075,-4.688,6.452,5.426,8.431,6.964,3.827,-4.202,-5.438,5.370,7.641,-5.286,6.190
18.4000,6,-1.072,0.371,0.077,-4.688,6.453,5.426,8.430,6.966,3.826,-4.202,-5.437,5.371,7.641,-5.286,6.189
18.4100,6,-1.074,0.369,0.079,-4.688,6.453,5.425,8.430,6.967,3.826,-4.202,-5.436,5.372,7.641,-5.285,6.188
18.4200,6,-1.075,0.367,0.080,-4.688,6.454,5.424,8.430,6.969,3.825,-4.202,-5.435,5.373,7.641,-5.284,6.188
18.4300,6,-1.077,0.365,0.082,-4.688,6.455,5.423,8.429,6.970,3.825,-4.202,-5.434,5.374,7.641,-5.283,6.187
18.4400,6,-1.078,0.363,0.084,-4.688,6.455,5.423,8.429,6.971,3.824,-4.202,-5.433,5.374,7.641,-5.282,6.186
18.4500,6,-1.080,0.361,0.085,-4.688,6.456,5.422,8.428,6.973,3.823,-4.202,-5.432,5.375,7.641,-5.281,6.185
18.4600,6,-1.081,0.358,0.087,-4.688,6.457,5.421,8.428,6.974,3.823,-4.203,-5.431,5.376,7.641,-5.280,6.185
18.4700,6,-1.083,0.356,0.089,-4.688,6.457,5.420,8.427,6.976,3.822,-4.203,-5.431,5.377,7.641,-5.279,6.184
18.4800,6,-1.084,0.354,0.090,-4.688,6.458,5.419,8.427,6.977,3.822,-4.203,-5.430,5.378,7.641,-5.278,6.183
18.4900,6,-1.085,0.352,0.092,-4.687,6.459,5.419,8.426,6.979,3.821,-4.203,-5.429,5.379,7.641,-5.278,6.182
18.5000,6,-1.087,0.350,0.094,-4.687,6.459,5.418,8.426,6.980,3.820,-4.203,-5.428,5.379,7.641,-5.277,6.182
18.5100,6,-1.088,0.348,0.095,-4.687,6.460,5.417,8.426,6.981,3.820,-4.203,-5.427,5.380,7.641,-5.276,6.181
18.5200,6,-1.089,0.346,0.097,-4.687,6.461,5.416,8.425,6.983,3.819,-4.203,-5.426,5.381,7.641,-5.275,6.180
18.5300,6,-1.091,0.343,0.098,-4.687,6.461,5.415,8.425,6.984,3.819,-4.204,-5.425,5.382,7.641,-5.274,6.179
18.5400,6,-1.092,0.341,0.100,-4.687,6.462,5.415,8.424,6.986,3.818,-4.204,-5.424,5.383,7.641,-5.273,6.178
18.5500,6,-1.093,0.339,0.102,-4.687,6.463,5.414,8.424,6.987,3.818,-4.204,-5.423,5.384,7.641,-5.272,6.178
18.5600,6,-1.095,0.337,0.103,-4.687,6.463,5.413,8.423,6.989,3.817,-4.204,-5.422,5.384,7.641,-5.271,6.177
18.5700,6,-1.096,0.335,0.105,-4.687,6.464,5.412,8.423,6.990,3.816,-4.204,-5.421,5.385,7.641,-5.270,6.176
18.5800,6,-1.097,0.333,0.106,-4.687,6.465,5.411,8.422,6.991,3.816,-4.204,-5.420,5.386,7.641,-5.270,6.175
18.5900,6,-1.098,0.331,0.108,-4.687,6.465,5.411,8.422,6.993,3.815,-4.205,-5.419,5.387,7.641,-5.269,6.175
18.6000,6,-1.099,0.329,0.110,-4.687,6.466,5.410,8.421,6.994,3.815,-4.205,-5.418,5.388,7.641,-5.268,6.174
18.6100,6,-1.100,0.327,0.111,-4.687,6.467,5.409,8.421,6.996,3.814,-4.205,-5.417,5.389,7.641,-5.267,6.173
18.6200,6,-1.101,0.325,0.113,-4.687,6.467,5.408,8.420,6.997,3.813,-4.205,-5.416,5.390,7.641,-5.266,6.172
18.6300,6,-1.102,0.323,0.114,-4.687,6.468,5.407,8.420,6.999,3.813,-4.205,-5.415,5.390,7.641,-5.265,6.171
18.6400,6,-1.103,0.321,0.116,-4.687,6.469,5.406,8.419,7.000,3.812,-4.205,-5.414,5.391,7.641,-5.264,6.171
18.6500,6,-1.104,0.318,0.117,-4.687,6.469,5.406,8.419,7.002,3.812,-4.206,-5.413,5.392,7.641,-5.263,6.170
18.6600,6,-1.105,0.316,0.119,-4.687,6.470,5.405,8.418,7.003,3.811,-4.206,-5.412,5.393,7.641,-5.262,6.169
18.6700,6,-1.106,0.314,0.120,-4.687,6.471,5.404,8.418,7.004,3.811,-4.206,-5.411,5.394,7.641,-5.261,6.168
18.6800,6,-1.107,0.312,0.122,-4.687,6.471,5.403,8.418,7.006,3.810,-4.206,-5.411,5.395,7.641,-5.261,6.167
18.6900,6,-1.108,0.310,0.123,-4.687,6.472,5.402,8.417,7.007,3.809,-4.206,-5.410,5.396,7.641,-5.260,6.167
18.7000,6,-1.109,0.308,0.125,-4.687,6.473,5.401,8.417,7.009,3.809,-4.207,-5.409,5.397,7.641,-5.259,6.166
18.7100,6,-1.110,0.306,0.127,-4.687,6.473,5.401,8.416,7.010,3.808,-4.207,-5.408,5.397,7.641,-5.258,6.165
18.7200,6,-1.110,0.304,0.128,-4.687,6.474,5.400,8.416,7.012,3.808,-4.207,-5.407,5.398,7.641,-5.257,6.164
18.7300,6,-1.111,0.302,0.130,-4.687,6.475,5.399,8.415,7.013,3.807,-4.207,-5.406,5.399,7.641,-5.256,6.163
18.7400,6,-1.112,0.300,0.131,-4.687,6.475,5.398,8.415,7.014,3.806,-4.207,-5.405,5.400,7.641,-5.255,6.163
18.7500,6,-1.112,0.298,0.133,-4.687,6.476,5.397,8.414,7.016,3.806,-4.207,-5.404,5.401,7.641,-5.254,6.162
18.7600,6,-1.113,0.296,0.134,-4.687,6.477,5.396,8.414,7.017,3.805,-4.208,-5.403,5.402,7.641,-5.253,6.161
18.7700,6,-1.114,0.294,0.135,-4.687,6.477,5.396,8.413,7.019,3.805,-4.208,-5.402,5.403,7.641,-5.252,6.160
18.7800,6,-1.114,0.292,0.137,-4.687,6.478,5.395,8.412,7.020,3.804,-4.208,-5.401,5.404,7.641,-5.252,6.159
18.7900,6,-1.115,0.290,0.138,-4.687,6.479,5.394,8.412,7.022,3.804,-4.208,-5.400,5.404,7.640,-5.251,6.159
18.8000,6,-1.115,0.288,0.140,-4.687,6.479,5.393,8.411,7.023,3.803,-4.208,-5.399,5.405,7.640,-5.250,6.158
18.8100,6,-1.116,0.286,0.141,-4.687,6.480,5.392,8.411,7.025,3.802,-4.209,-5.398,5.406,7.640,-5.249,6.157
18.8200,6,-1.116,0.284,0.143,-4.687,6.481,5.391,8.410,7.026,3.802,-4.209,-5.397,5.407,7.640,-5.248,6.156
18.8300,6,-1.116,0.282,0.144,-4.687,6.481,5.390,8.410,7.027,3.801,-4.209,-5.396,5.408,7.640,-5.247,6.155
18.8400,6,-1.117,0.280,0.146,-4.687,6.482,5.390,8.409,7.029,3.801,-4.209,-5.395,5.409,7.640,-5.246,6.155
18.8500,6,-1.117,0.278,0.147,-4.687,6.483,5.389,8.409,7.030,3.800,-4.209,-5.394,5.410,7.640,-5.245,6.154
18.8600,6,-1.117,0.276,0.148,-4.687,6.483,5.388,8.408,7.032,3.800,-4.210,-5.393,5.411,7.640,-5.244,6.153
18.8700,6,-1.117,0.274,0.150,-4.687,6.484,5.387,8.408,7.033,3.799,-4.210,-5.392,5.412,7.640,-5.243,6.152
18.8800,6,-1.117,0.272,0.151,-4.687,6.485,5.386,8.407,7.035,3.798,-4.210,-5.391,5.412,7.640,-5.243,6.151
18.8900,6,-1.117,0.270,0.153,-4.687,6.485,5.385,8.407,7.036,3.798,-4.210,-5.390,5.413,7.640,-5.242,6.151
18.9000,6,-1.117,0.268,0.154,-4.687,6.486,5.384,8.406,7.037,3.797,-4.211,-5.389,5.414,7.640,-5.241,6.150
18.9100,6,-1.117,0.266,0.155,-4.687,6.487,5.384,8.406,7.039,3.797,-4.211,-5.388,5.415,7.640,-5.240,6.149
18.9200,6,-1.117,0.264,0.157,-4.688,6.487,5.383,8.405,7.040,3.796,-4.211,-5.388,5.416,7.640,-5.239,6.148
18.9300,6,-1.117,0.262,0.158,-4.688,6.488,5.382,8.405,7.042,3.795,-4.211,-5.387,5.417,7.640,-5.238,6.147
18.9400,6,-1.117,0.260,0.159,-4.688,6.489,5.381,8.404,7.043,3.795,-4.211,-5.386,5.418,7.640,-5.237,6.147
18.9500,6,-1.117,0.258,0.161,-4.688,6.489,5.380,8.403,7.045,3.794,-4.212,-5.385,5.419,7.640,-5.236,6.146
18.9600,6,-1.117,0.256,0.162,-4.688,6.490,5.379,8.403,7.046,3.794,-4.212,-5.384,5.420,7.640,-5.235,6.145
18.9700,6,-1.117,0.254,0.163,-4.688,6.491,5.378,8.402,7.048,3.793,-4.212,-5.383,5.421,7.640,-5.234,6.144
18.9800,6,-1.116,0.252,0.165,-4.688,6.491,5.378,8.402,7.049,3.793,-4.212,-5.382,5.422,7.640,-5.234,6.143
18.9900,6,-1.116,0.250,0.166,-4.688,6.492,5.377,8.401,7.050,3.792,-4.213,-5.381,5.423,7.639,-5.233,6.142
19.0000,6,-1.115,0.248,0.167,-4.688,6.493,5.376,8.401,7.052,3.791,-4.213,-5.380,5.424,7.639,-5.232,6.142
19.0100,6,-1.115,0.246,0.169,-4.688,6.493,5.375,8.400,7.053,3.791,-4.213,-5.379,5.424,7.639,-5.231,6.141
19.0200,6,-1.114,0.244,0.170,-4.688,6.494,5.374,8.399,7.055,3.790,-4.213,-5.378,5.425,7.639,-5.230,6.140
19.0300,6,-1.114,0.242,0.171,-4.688,6.495,5.373,8.399,7.056,3.790,-4.214,-5.377,5.426,7.639,-5.229,6.139
19.0400,6,-1.113,0.240,0.173,-4.688,6.495,5.372,8.398,7.058,3.789,-4.214,-5.376,5.427,7.639,-5.228,6.138
19.0500,6,-1.113,0.238,0.174,-4.688,6.496,5.372,8.398,7.059,3.789,-4.214,-5.375,5.428,7.639,-5.227,6.138
19.0600,6,-1.112,0.236,0.175,-4.688,6.497,5.371,8.397,7.061,3.788,-4.214,-5.374,5.429,7.639,-5.226,6.137
19.0700,6,-1.111,0.234,0.176,-4.688,6.497,5.370,8.397,7.062,3.788,-4.215,-5.373,5.430,7.639,-5.225,6.136
19.0800,6,-1.110,0.232,0.178,-4.688,6.498,5.369,8.396,7.064,3.787,-4.215,-5.372,5.431,7.639,-5.224,6.135
19.0900,6,-1.109,0.230,0.179,-4.688,6.499,5.368,8.395,7.065,3.786,-4.215,-5.371,5.432,7.639,-5.224,6.134
19.1000,6,-1.108,0.228,0.180,-4.688,6.499,5.367,8.395,7.066,3.786,-4.215,-5.370,5.433,7.639,-5.223,6.134
19.1100,6,-1.107,0.226,0.181,-4.688,6.500,5.366,8.394,7.068,3.785,-4.215,-5.369,5.434,7.639,-5.222,6.133
19.1200,6,-1.106,0.224,0.182,-4.688,6.501,5.365,8.394,7.069,3.785,-4.216,-5.368,5.435,7.639,-5.221,6.132
19.1300,6,-1.105,0.222,0.184,-4.688,6.502,5.365,8.393,7.071,3.784,-4.216,-5.367,5.436,7.638,-5.220,6.131
19.1400,6,-1.104,0.220,0.185,-4.688,6.502,5.364,8.393,7.072,3.784,-4.216,-5.366,5.437,7.638,-5.219,6.130
19.1500,6,-1.103,0.218,0.186,-4.688,6.503,5.363,8.392,7.074,3.783,-4.217,-5.365,5.438,7.638,-5.218,6.130
19.1600,6,-1.102,0.216,0.187,-4.688,6.504,5.362,8.391,7.075,3.782,-4.217,-5.364,5.439,7.638,-5.217,6.129
19.1700,6,-1.100,0.214,0.188,-4.688,6.504,5.361,8.391,7.077,3.782,-4.217,-5.363,5.440,7.638,-5.216,6.128
19.1800,6,-1.099,0.212,0.189,-4.689,6.505,5.360,8.390,7.078,3.781,-4.217,-5.362,5.441,7.638,-5.215,6.127
19.1900,6,-1.098,0.210,0.191,-4.689,6.506,5.359,8.389,7.079,3.781,-4.218,-5.361,5.442,7.638,-5.214,6.126
19.2000,6,-1.096,0.208,0.192,-4.689,6.506,5.359,8.389,7.081,3.780,-4.218,-5.360,5.443,7.638,-5.214,6.126
19.2100,6,-1.095,0.206,0.193,-4.689,6.507,5.358,8.388,7.082,3.780,-4.218,-5.360,5.444,7.638,-5.213,6.125
19.2200,6,-1.093,0.204,0.194,-4.689,6.508,5.357,8.388,7.084,3.779,-4.218,-5.359,5.445,7.638,-5.212,6.124
19.2300,6,-1.091,0.202,0.195,-4.689,6.508,5.356,8.387,7.085,3.779,-4.219,-5.358,5.446,7.638,-5.211,6.123
19.2400,6,-1.090,0.200,0.196,-4.689,6.509,5.355,8.386,7.087,3.778,-4.219,-5.357,5.447,7.637,-5.210,6.122
19.2500,6,-1.088,0.198,0.197,-4.689,6.510,5.354,8.386,7.088,3.778,-4.219,-5.356,5.448,7.637,-5.209,6.122
19.2600,6,-1.086,0.196,0.198,-4.689,6.510,5.354,8.385,7.090,3.777,-4.219,-5.355,5.449,7.637,-5.208,6.121
19.2700,6,-1.084,0.194,0.199,-4.689,6.511,5.353,8.385,7.091,3.777,-4.220,-5.354,5.450,7.637,-5.207,6.120
19.2800,6,-1.082,0.192,0.200,-4.689,6.512,5.352,8.384,7.092,3.776,-4.220,-5.353,5.451,7.637,-5.206,6.119
19.2900,6,-1.080,0.190,0.201,-4.689,6.512,5.351,8.383,7.094,3.775,-4.220,-5.352,5.452,7.637,-5.205,6.119
19.3000,6,-1.078,0.188,0.202,-4.689,6.513,5.350,8.383,7.095,3.775,-4.221,-5.351,5.453,7.637,-5.204,6.118
19.3100,6,-1.076,0.186,0.203,-4.689,6.514,5.349,8.382,7.097,3.774,-4.221,-5.350,5.454,7.637,-5.204,6.117
19.3200,6,-1.074,0.183,0.204,-4.689,6.514,5.348,8.381,7.098,3.774,-4.221,-5.349,5.455,7.637,-5.203,6.116
19.3300,6,-1.072,0.181,0.205,-4.689,6.515,5.348,8.381,7.100,3.773,-4.221,-5.348,5.456,7.637,-5.202,6.115
19.3400,6,-1.069,0.179,0.206,-4.689,6.516,5.347,8.380,7.101,3.773,-4.222,-5.347,5.457,7.636,-5.201,6.115
19.3500,6,-1.067,0.177,0.207,-4.690,6.516,5.346,8.380,7.103,3.772,-4.222,-5.346,5.458,7.636,-5.200,6.114
19.3600,6,-1.065,0.175,0.208,-4.690,6.517,5.345,8.379,7.104,3.772,-4.222,-5.345,5.460,7.636,-5.199,6.113
19.3700,6,-1.062,0.173,0.209,-4.690,6.518,5.344,8.378,7.106,3.771,-4.223,-5.344,5.461,7.636,-5.198,6.112
19.3800,6,-1.060,0.171,0.210,-4.690,6.518,5.343,8.378,7.107,3.771,-4.223,-5.343,5.462,7.636,-5.197,6.112
19.3900,6,-1.057,0.169,0.211,-4.690,6.519,5.343,8.377,7.108,3.770,-4.223,-5.342,5.463,7.636,-5.196,6.111
19.4000,6,-1.054,0.167,0.212,-4.690,6.520,5.342,8.376,7.110,3.770,-4.223,-5.341,5.464,7.636,-5.195,6.110
19.4100,6,-1.052,0.165,0.213,-4.690,6.520,5.341,8.376,7.111,3.769,-4.224,-5.340,5.465,7.636,-5.194,6.109
19.4200,6,-1.049,0.162,0.214,-4.690,6.521,5.340,8.375,7.113,3.769,-4.224,-5.339,5.466,7.635,-5.194,6.108
19.4300,6,-1.046,0.160,0.215,-4.690,6.522,5.339,8.374,7.114,3.768,-4.224,-5.338,5.467,7.635,-5.193,6.108
19.4400,6,-1.043,0.158,0.216,-4.690,6.522,5.338,8.374,7.116,3.768,-4.225,-5.337,5.468,7.635,-5.192,6.107
19.4500,6,-1.040,0.156,0.217,-4.690,6.523,5.338,8.373,7.117,3.767,-4.225,-5.336,5.469,7.635,-5.191,6.106
19.4600,6,-1.037,0.154,0.218,-4.690,6.524,5.337,8.372,7.119,3.767,-4.225,-5.335,5.470,7.635,-5.190,6.105
19.4700,6,-1.034,0.152,0.218,-4.690,6.525,5.336,8.372,7.120,3.766,-4.225,-5.334,5.472,7.635,-5.189,6.105
19.4800,6,-1.031,0.149,0.219,-4.691,6.525,5.335,8.371,7.121,3.766,-4.226,-5.333,5.473,7.635,-5.188,6.104
19.4900,6,-1.028,0.147,0.220,-4.691,6.526,5.334,8.370,7.123,3.765,-4.226,-5.332,5.474,7.635,-5.187,6.103
19.5000,6,-1.024,0.145,0.221,-4.691,6.527,5.333,8.370,7.124,3.765,-4.226,-5.331,5.475,7.634,-5.186,6.102
19.5100,6,-1.021,0.143,0.222,-4.691,6.527,5.333,8.369,7.126,3.764,-4.227,-5.330,5.476,7.634,-5.185,6.102
19.5200,6,-1.018,0.141,0.223,-4.691,6.528,5.332,8.368,7.127,3.764,-4.227,-5.329,5.477,7.634,-5.184,6.101
19.5300,6,-1.014,0.139,0.223,-4.691,6.529,5.331,8.368,7.129,3.763,-4.227,-5.328,5.478,7.634,-5.184,6.100
19.5400,6,-1.011,0.136,0.224,-4.691,6.529,5.330,8.367,7.130,3.763,-4.228,-5.327,5.480,7.634,-5.183,6.099
19.5500,6,-1.007,0.134,0.225,-4.691,6.530,5.329,8.366,7.132,3.762,-4.228,-5.327,5.481,7.634,-5.182,6.099
19.5600,6,-1.003,0.132,0.226,-4.691,6.531,5.329,8.366,7.133,3.762,-4.228,-5.326,5.482,7.634,-5.181,6.098
19.5700,6,-1.000,0.130,0.226,-4.691,6.531,5.328,8.365,7.135,3.761,-4.229,-5.325,5.483,7.634,-5.180,6.097
19.5800,6,-0.996,0.127,0.227,-4.691,6.532,5.327,8.364,7.136,3.761,-4.229,-5.324,5.484,7.633,-5.179,6.096
19.5900,6,-0.992,0.125,0.228,-4.691,6.533,5.326,8.364,7.137,3.760,-4.229,-5.323,5.485,7.633,-5.178,6.096
19.6000,6,-0.988,0.123,0.229,-4.692,6.533,5.325,8.363,7.139,3.760,-4.230,-5.322,5.487,7.633,-5.177,6.095
19.6100,6,-0.984,0.121,0.229,-4.692,6.534,5.325,8.362,7.140,3.760,-4.230,-5.321,5.488,7.633,-5.176,6.094
19.6200,6,-0.980,0.118,0.230,-4.692,6.535,5.324,8.362,7.142,3.759,-4.230,-5.320,5.489,7.633,-5.175,6.094
19.6300,6,-0.976,0.116,0.231,-4.692,6.535,5.323,8.361,7.143,3.759,-4.231,-5.319,5.490,7.633,-5.174,6.093
19.6400,6,-0.972,0.114,0.231,-4.692,6.536,5.322,8.360,7.145,3.758,-4.231,-5.318,5.491,7.633,-5.174,6.092
19.6500,6,-0.968,0.111,0.232,-4.692,6.537,5.321,8.359,7.146,3.758,-4.231,-5.317,5.493,7.632,-5.173,6.091
19.6600,6,-0.963,0.109,0.233,-4.692,6.537,5.321,8.359,7.148,3.757,-4.231,-5.316,5.494,7.632,-5.172,6.091
19.6700,6,-0.959,0.107,0.233,-4.692,6.538,5.320,8.358,7.149,3.757,-4.232,-5.315,5.495,7.632,-5.171,6.090
19.6800,6,-0.955,0.104,0.234,-4.692,6.539,5.319,8.357,7.150,3.756,-4.232,-5.314,5.496,7.632,-5.170,6.089
19.6900,6,-0.950,0.102,0.234,-4.692,6.539,5.318,8.357,7.152,3.756,-4.232,-5.313,5.497,7.632,-5.169,6.089
19.7000,6,-0.946,0.100,0.235,-4.693,6.540,5.318,8.356,7.153,3.755,-4.233,-5.312,5.499,7.632,-5.168,6.088
19.7100,6,-0.941,0.097,0.236,-4.693,6.541,5.317,8.355,7.155,3.755,-4.233,-5.311,5.500,7.632,-5.167,6.087
19.7200,6,-0.936,0.095,0.236,-4.693,6.542,5.316,8.355,7.156,3.755,-4.233,-5.310,5.501,7.631,-5.166,6.087
19.7300,6,-0.932,0.092,0.237,-4.693,6.542,5.315,8.354,7.158,3.754,-4.234,-5.309,5.502,7.631,-5.165,6.086
19.7400,6,-0.927,0.090,0.237,-4.693,6.543,5.314,8.353,7.159,3.754,-4.234,-5.308,5.504,7.631,-5.164,6.085
19.7500,6,-0.922,0.088,0.238,-4.693,6.544,5.314,8.352,7.161,3.753,-4.234,-5.307,5.505,7.631,-5.163,6.084
19.7600,6,-0.917,0.085,0.238,-4.693,6.544,5.313,8.352,7.162,3.753,-4.235,-5.306,5.506,7.631,-5.163,6.084
19.7700,6,-0.912,0.083,0.239,-4.693,6.545,5.312,8.351,7.164,3.752,-4.235,-5.305,5.507,7.631,-5.162,6.083
19.7800,6,-0.907,0.080,0.239,-4.693,6.546,5.311,8.350,7.165,3.752,-4.235,-5.304,5.509,7.630,-5.161,6.082
19.7900,6,-0.902,0.078,0.240,-4.693,6.546,5.311,8.350,7.166,3.752,-4.236,-5.303,5.510,7.630,-5.160,6.082
19.8000,6,-0.897,0.075,0.240,-4.694,6.547,5.310,8.349,7.168,3.751,-4.236,-5.302,5.511,7.630,-5.159,6.081
19.8100,6,-0.892,0.073,0.241,-4.694,6.548,5.309,8.348,7.169,3.751,-4.237,-5.301,5.513,7.630,-5.158,6.080
19.8200,6,-0.886,0.070,0.241,-4.694,6.548,5.309,8.347,7.171,3.750,-4.237,-5.300,5.514,7.630,-5.157,6.080
19.8300,6,-0.881,0.068,0.242,-4.694,6.549,5.308,8.347,7.172,3.750,-4.237,-5.299,5.515,7.630,-5.156,6.079
19.8400,6,-0.876,0.065,0.242,-4.694,6.550,5.307,8.346,7.174,3.750,-4.238,-5.298,5.516,7.629,-5.155,6.078
19.8500,6,-0.870,0.063,0.243,-4.694,6.550,5.306,8.345,7.175,3.749,-4.238,-5.297,5.518,7.629,-5.154,6.078
19.8600,6,-0.865,0.060,0.243,-4.694,6.551,5.306,8.344,7.177,3.749,-4.238,-5.296,5.519,7.629,-5.153,6.077
19.8700,6,-0.859,0.058,0.244,-4.694,6.552,5.305,8.344,7.178,3.748,-4.239,-5.295,5.520,7.629,-5.153,6.076
19.8800,6,-0.854,0.055,0.244,-4.694,6.552,5.304,8.343,7.179,3.748,-4.239,-5.294,5.522,7.629,-5.152,6.076
19.8900,6,-0.848,0.053,0.244,-4.695,6.553,5.303,8.342,7.181,3.748,-4.239,-5.293,5.523,7.629,-5.151,6.075
19.9000,6,-0.842,0.050,0.245,-4.695,6.554,5.303,8.342,7.182,3.747,-4.240,-5.293,5.524,7.629,-5.150,6.075
19.9100,6,-0.836,0.047,0.245,-4.695,6.554,5.302,8.341,7.184,3.747,-4.240,-5.292,5.526,7.628,-5.149,6.074
19.9200,6,-0.830,0.045,0.245,-4.695,6.555,5.301,8.340,7.185,3.747,-4.240,-5.291,5.527,7.628,-5.148,6.073
19.9300,6,-0.824,0.042,0.246,-4.695,6.556,5.301,8.339,7.187,3.746,-4.241,-5.290,5.529,7.628,-5.147,6.073
19.9400,6,-0.818,0.040,0.246,-4.695,6.556,5.300,8.339,7.188,3.746,-4.241,-5.289,5.530,7.628,-5.146,6.072
19.9500,6,-0.812,0.037,0.246,-4.695,6.557,5.299,8.338,7.190,3.745,-4.241,-5.288,5.531,7.628,-5.145,6.071
19.9600,6,-0.806,0.034,0.247,-4.695,6.558,5.299,8.337,7.191,3.745,-4.242,-5.287,5.533,7.627,-5.144,6.071
19.9700,6,-0.800,0.032,0.247,-4.696,6.559,5.298,8.336,7.192,3.745,-4.242,-5.286,5.534,7.627,-5.143,6.070
19.9800,6,-0.794,0.029,0.247,-4.696,6.559,5.297,8.336,7.194,3.744,-4.242,-5.285,5.536,7.627,-5.143,6.070
19.9900,6,-0.788,0.026,0.247,-4.696,6.560,5.296,8.335,7.195,3.744,-4.243,-5.284,5.537,7.627,-5.142,6.069
20.0000,6,-0.781,0.023,0.248,-4.696,6.561,5.296,8.334,7.197,3.744,-4.243,-5.283,5.538,7.627,-5.141,6.068
20.0100,6,-0.775,0.021,0.248,-4.696,6.561,5.295,8.333,7.198,3.743,-4.244,-5.282,5.540,7.627,-5.140,6.068
20.0200,6,-0.769,0.018,0.248,-4.696,6.562,5.294,8.333,7.200,3.743,-4.244,-5.281,5.541,7.626,-5.139,6.067
20.0300,6,-0.762,0.015,0.248,-4.696,6.563,5.294,8.332,7.201,3.743,-4.244,-5.280,5.543,7.626,-5.138,6.067
20.0400,6,-0.755,0.013,0.249,-4.696,6.563,5.293,8.331,7.203,3.742,-4.245,-5.279,5.544,7.626,-5.137,6.066
20.0500,6,-0.749,0.010,0.249,-4.696,6.564,5.292,8.330,7.204,3.742,-4.245,-5.278,5.545,7.626,-5.136,6.065
20.0600,6,-0.742,0.007,0.249,-4.697,6.565,5.292,8.330,7.205,3.742,-4.245,-5.277,5.547,7.626,-5.135,6.065
20.0700,6,-0.736,0.004,0.249,-4.697,6.565,5.291,8.329,7.207,3.741,-4.246,-5.276,5.548,7.626,-5.134,6.064
20.0800,6,-0.729,0.001,0.249,-4.697,6.566,5.291,8.328,7.208,3.741,-4.246,-5.275,5.550,7.625,-5.133,6.064
20.0900,6,-0.722,-0.002,0.249,-4.697,6.567,5.290,8.327,7.210,3.741,-4.246,-5.274,5.551,7.625,-5.133,6.063
20.1000,6,-0.715,-0.004,0.249,-4.697,6.567,5.289,8.327,7.211,3.740,-4.247,-5.273,5.553,7.625,-5.132,6.063
20.1100,6,-0.708,-0.007,0.250,-4.697,6.568,5.289,8.326,7.213,3.740,-4.247,-5.272,5.554,7.625,-5.131,6.062
20.1200,6,-0.701,-0.010,0.250,-4.697,6.569,5.288,8.325,7.214,3.740,-4.248,-5.271,5.556,7.625,-5.130,6.061
20.1300,6,-0.694,-0.013,0.250,-4.697,6.569,5.287,8.324,7.216,3.739,-4.248,-5.270,5.557,7.624,-5.129,6.061
20.1400,6,-0.687,-0.016,0.250,-4.698,6.570,5.287,8.324,7.217,3.739,-4.248,-5.269,5.559,7.624,-5.128,6.060
20.1500,6,-0.680,-0.019,0.250,-4.698,6.571,5.286,8.323,7.218,3.739,-4.249,-5.268,5.560,7.624,-5.127,6.060
20.1600,6,-0.673,-0.022,0.250,-4.698,6.571,5.286,8.322,7.220,3.739,-4.249,-5.267,5.562,7.624,-5.126,6.059
20.1700,6,-0.666,-0.025,0.250,-4.698,6.572,5.285,8.321,7.221,3.738,-4.249,-5.266,5.563,7.624,-5.125,6.059
20.1800,6,-0.658,-0.028,0.250,-4.698,6.573,5.284,8.321,7.223,3.738,-4.250,-5.265,5.565,7.624,-5.124,6.058
20.1900,6,-0.651,-0.031,0.250,-4.698,6.573,5.284,8.320,7.224,3.738,-4.250,-5.264,5.566,7.623,-5.123,6.058
20.2000,6,-0.644,-0.034,0.250,-4.698,6.574,5.283,8.319,7.226,3.737,-4.250,-5.263,5.568,7.623,-5.123,6.057
20.2100,6,-0.636,-0.037,0.250,-4.698,6.575,5.283,8.318,7.227,3.737,-4.251,-5.262,5.570,7.623,-5.122,6.057
20.2200,6,-0.629,-0.040,0.250,-4.699,6.575,5.282,8.318,7.229,3.737,-4.251,-5.261,5.571,7.623,-5.121,6.056
20.2300,6,-0.621,-0.043,0.250,-4.699,6.576,5.281,8.317,7.230,3.737,-4.252,-5.260,5.573,7.623,-5.120,6.056
20.2400,6,-0.614,-0.046,0.250,-4.699,6.577,5.281,8.316,7.231,3.736,-4.252,-5.260,5.574,7.622,-5.119,6.055
20.2500,6,-0.606,-0.049,0.250,-4.699,6.578,5.280,8.315,7.233,3.736,-4.252,-5.259,5.576,7.622,-5.118,6.055
20.2600,6,-0.598,-0.052,0.250,-4.699,6.578,5.280,8.315,7.234,3.736,-4.253,-5.258,5.577,7.622,-5.117,6.054
20.2700,6,-0.591,-0.055,0.250,-4.699,6.579,5.279,8.314,7.236,3.736,-4.253,-5.257,5.579,7.622,-5.116,6.054
20.2800,6,-0.583,-0.058,0.250,-4.699,6.580,5.279,8.313,7.237,3.735,-4.253,-5.256,5.581,7.622,-5.115,6.053
20.2900,6,-0.575,-0.061,0.249,-4.700,6.580,5.278,8.312,7.239,3.735,-4.254,-5.255,5.582,7.622,-5.114,6.053
20.3000,6,-0.567,-0.064,0.249,-4.700,6.581,5.277,8.311,7.240,3.735,-4.254,-5.254,5.584,7.621,-5.113,6.052
20.3100,6,-0.559,-0.068,0.249,-4.700,6.582,5.277,8.311,7.241,3.735,-4.255,-5.253,5.585,7.621,-5.113,6.052
20.3200,6,-0.551,-0.071,0.249,-4.700,6.582,5.276,8.310,7.243,3.734,-4.255,-5.252,5.587,7.621,-5.112,6.051
20.3300,6,-0.543,-0.074,0.249,-4.700,6.583,5.276,8.309,7.244,3.734,-4.255,-5.251,5.589,7.621,-5.111,6.051
20.3400,6,-0.535,-0.077,0.249,-4.700,6.584,5.275,8.308,7.246,3.734,-4.256,-5.250,5.590,7.621,-5.110,6.050
20.3500,6,-0.527,-0.080,0.249,-4.700,6.584,5.275,8.308,7.247,3.734,-4.256,-5.249,5.592,7.620,-5.109,6.050
20.3600,6,-0.519,-0.084,0.248,-4.700,6.585,5.274,8.307,7.249,3.734,-4.256,-5.248,5.594,7.620,-5.108,6.050
20.3700,6,-0.511,-0.087,0.248,-4.701,6.586,5.274,8.306,7.250,3.733,-4.257,-5.247,5.595,7.620,-5.107,6.049
20.3800,6,-0.503,-0.090,0.248,-4.701,6.586,5.273,8.305,7.252,3.733,-4.257,-5.246,5.597,7.620,-5.106,6.049
20.3900,6,-0.495,-0.093,0.248,-4.701,6.587,5.273,8.305,7.253,3.733,-4.258,-5.245,5.599,7.620,-5.105,6.048
20.4000,6,-0.487,-0.097,0.247,-4.701,6.588,5.272,8.304,7.254,3.733,-4.258,-5.244,5.600,7.619,-5.104,6.048
20.4100,6,-0.478,-0.100,0.247,-4.701,6.588,5.272,8.303,7.256,3.732,-4.258,-5.243,5.602,7.619,-5.103,6.047
20.4200,6,-0.470,-0.103,0.247,-4.701,6.589,5.271,8.302,7.257,3.732,-4.259,-5.242,5.604,7.619,-5.103,6.047
20.4300,6,-0.462,-0.107,0.247,-4.701,6.590,5.271,8.301,7.259,3.732,-4.259,-5.241,5.606,7.619,-5.102,6.047
20.4400,6,-0.453,-0.110,0.246,-4.702,6.590,5.270,8.301,7.260,3.732,-4.259,-5.240,5.607,7.619,-5.101,6.046
20.4500,6,-0.445,-0.113,0.246,-4.702,6.591,5.270,8.300,7.262,3.732,-4.260,-5.239,5.609,7.618,-5.100,6.046
20.4600,6,-0.436,-0.117,0.246,-4.702,6.592,5.269,8.299,7.263,3.732,-4.260,-5.238,5.611,7.618,-5.099,6.045
20.4700,6,-0.428,-0.120,0.245,-4.702,6.592,5.269,8.298,7.264,3.731,-4.261,-5.237,5.613,7.618,-5.098,6.045
20.4800,6,-0.419,-0.124,0.245,-4.702,6.593,5.268,8.298,7.266,3.731,-4.261,-5.236,5.614,7.618,-5.097,6.045
20.4900,6,-0.411,-0.127,0.245,-4.702,6.594,5.268,8.297,7.267,3.731,-4.261,-5.235,5.616,7.618,-5.096,6.044
20.5000,6,-0.402,-0.131,0.244,-4.702,6.594,5.267,8.296,7.269,3.731,-4.262,-5.234,5.618,7.617,-5.095,6.044
20.5100,6,-0.394,-0.134,0.244,-4.703,6.595,5.267,8.295,7.270,3.731,-4.262,-5.233,5.620,7.617,-5.094,6.043
20.5200,6,-0.385,-0.138,0.244,-4.703,6.596,5.267,8.294,7.272,3.731,-4.263,-5.232,5.621,7.617,-5.093,6.043
20.5300,6,-0.376,-0.141,0.243,-4.703,6.596,5.266,8.294,7.273,3.730,-4.263,-5.231,5.623,7.617,-5.093,6.043
20.5400,6,-0.368,-0.145,0.243,-4.703,6.597,5.266,8.293,7.275,3.730,-4.263,-5.231,5.625,7.617,-5.092,6.042
20.5500,6,-0.359,-0.148,0.242,-4.703,6.598,5.265,8.292,7.276,3.730,-4.264,-5.230,5.627,7.616,-5.091,6.042
20.5600,6,-0.350,-0.152,0.242,-4.703,6.599,5.265,8.291,7.277,3.730,-4.264,-5.229,5.629,7.616,-5.090,6.042
20.5700,6,-0.341,-0.155,0.241,-4.703,6.599,5.264,8.291,7.279,3.730,-4.264,-5.228,5.630,7.616,-5.089,6.041
20.5800,6,-0.333,-0.159,0.241,-4.703,6.600,5.264,8.290,7.280,3.730,-4.265,-5.227,5.632,7.616,-5.088,6.041
20.5900,6,-0.324,-0.162,0.241,-4.704,6.601,5.264,8.289,7.282,3.730,-4.265,-5.226,5.634,7.616,-5.087,6.041
20.6000,6,-0.315,-0.166,0.240,-4.704,6.601,5.263,8.288,7.283,3.729,-4.266,-5.225,5.636,7.616,-5.086,6.040
20.6100,6,-0.306,-0.170,0.240,-4.704,6.602,5.263,8.287,7.285,3.729,-4.266,-5.224,5.638,7.615,-5.085,6.040
20.6200,6,-0.297,-0.173,0.239,-4.704,6.603,5.263,8.287,7.286,3.729,-4.266,-5.223,5.640,7.615,-5.084,6.040
20.6300,6,-0.288,-0.177,0.239,-4.704,6.603,5.262,8.286,7.287,3.729,-4.267,-5.222,5.642,7.615,-5.084,6.039
20.6400,6,-0.279,-0.181,0.238,-4.704,6.604,5.262,8.285,7.289,3.729,-4.267,-5.221,5.643,7.615,-5.083,6.039
20.6500,6,-0.270,-0.184,0.237,-4.704,6.605,5.261,8.284,7.290,3.729,-4.267,-5.220,5.645,7.615,-5.082,6.039
20.6600,6,-0.261,-0.188,0.237,-4.705,6.605,5.261,8.284,7.292,3.729,-4.268,-5.219,5.647,7.614,-5.081,6.038
20.6700,6,-0.252,-0.192,0.236,-4.705,6.606,5.261,8.283,7.293,3.729,-4.268,-5.218,5.649,7.614,-5.080,6.038
20.6800,6,-0.243,-0.196,0.236,-4.705,6.607,5.260,8.282,7.295,3.729,-4.269,-5.217,5.651,7.614,-5.079,6.038
20.6900,6,-0.234,-0.199,0.235,-4.705,6.607,5.260,8.281,7.296,3.729,-4.269,-5.216,5.653,7.614,-5.078,6.038
20.7000,6,-0.225,-0.203,0.235,-4.705,6.608,5.260,8.280,7.297,3.728,-4.269,-5.215,5.655,7.614,-5.077,6.037
20.7100,6,-0.216,-0.207,0.234,-4.705,6.609,5.259,8.280,7.299,3.728,-4.270,-5.214,5.657,7.613,-5.076,6.037
20.7200,6,-0.207,-0.211,0.233,-4.705,6.609,5.259,8.279,7.300,3.728,-4.270,-5.213,5.659,7.613,-5.075,6.037
20.7300,6,-0.198,-0.215,0.233,-4.706,6.610,5.259,8.278,7.302,3.728,-4.271,-5.212,5.661,7.613,-5.074,6.036
20.7400,6,-0.189,-0.218,0.232,-4.706,6.611,5.258,8.277,7.303,3.728,-4.271,-5.211,5.663,7.613,-5.074,6.036
20.7500,6,-0.179,-0.222,0.231,-4.706,6.611,5.258,8.277,7.305,3.728,-4.271,-5.210,5.665,7.613,-5.073,6.036
20.7600,6,-0.170,-0.226,0.231,-4.706,6.612,5.258,8.276,7.306,3.728,-4.272,-5.209,5.667,7.612,-5.072,6.036
20.7700,6,-0.161,-0.230,0.230,-4.706,6.613,5.257,8.275,7.307,3.728,-4.272,-5.208,5.669,7.612,-5.071,6.035
20.7800,6,-0.152,-0.234,0.229,-4.706,6.613,5.257,8.274,7.309,3.728,-4.272,-5.207,5.671,7.612,-5.070,6.035
20.7900,6,-0.143,-0.238,0.229,-4.706,6.614,5.257,8.273,7.310,3.728,-4.273,-5.206,5.673,7.612,-5.069,6.035
20.8000,6,-0.134,-0.242,0.228,-4.707,6.615,5.256,8.273,7.312,3.728,-4.273,-5.205,5.675,7.612,-5.068,6.035
20.8100,6,-0.124,-0.246,0.227,-4.707,6.615,5.256,8.272,7.313,3.728,-4.274,-5.205,5.677,7.611,-5.067,6.035
20.8200,6,-0.115,-0.250,0.227,-4.707,6.616,5.256,8.271,7.314,3.728,-4.274,-5.204,5.679,7.611,-5.066,6.034
20.8300,6,-0.106,-0.254,0.226,-4.707,6.617,5.256,8.270,7.316,3.728,-4.274,-5.203,5.681,7.611,-5.065,6.034
20.8400,6,-0.097,-0.258,0.225,-4.707,6.617,5.255,8.270,7.317,3.728,-4.275,-5.202,5.683,7.611,-5.065,6.034
20.8500,6,-0.087,-0.262,0.224,-4.707,6.618,5.255,8.269,7.319,3.728,-4.275,-5.201,5.685,7.611,-5.064,6.034
20.8600,6,-0.078,-0.266,0.223,-4.707,6.619,5.255,8.268,7.320,3.728,-4.276,-5.200,5.687,7.610,-5.063,6.034
20.8700,6,-0.069,-0.270,0.223,-4.708,6.619,5.255,8.267,7.322,3.728,-4.276,-5.199,5.689,7.610,-5.062,6.033
20.8800,6,-0.059,-0.274,0.222,-4.708,6.620,5.254,8.266,7.323,3.728,-4.276,-5.198,5.691,7.610,-5.061,6.033
20.8900,6,-0.050,-0.278,0.221,-4.708,6.621,5.254,8.266,7.324,3.728,-4.277,-5.197,5.693,7.610,-5.060,6.033
20.9000,6,-0.041,-0.282,0.220,-4.708,6.621,5.254,8.265,7.326,3.728,-4.277,-5.196,5.695,7.610,-5.059,6.033
20.9100,6,-0.032,-0.286,0.219,-4.708,6.622,5.254,8.264,7.327,3.728,-4.277,-5.195,5.697,7.609,-5.058,6.033
20.9200,6,-0.022,-0.290,0.219,-4.708,6.623,5.253,8.263,7.329,3.728,-4.278,-5.194,5.699,7.609,-5.057,6.033
20.9300,6,-0.013,-0.294,0.218,-4.708,6.623,5.253,8.263,7.330,3.728,-4.278,-5.193,5.701,7.609,-5.056,6.032
20.9400,6,-0.004,-0.298,0.217,-4.709,6.624,5.253,8.262,7.332,3.728,-4.279,-5.192,5.704,7.609,-5.056,6.032
20.9500,6,0.006,-0.303,0.216,-4.709,6.625,5.253,8.261,7.333,3.728,-4.279,-5.191,5.706,7.609,-5.055,6.032
20.9600,6,0.015,-0.307,0.215,-4.709,6.625,5.253,8.260,7.334,3.728,-4.279,-5.190,5.708,7.608,-5.054,6.032
20.9700,6,0.024,-0.311,0.214,-4.709,6.626,5.252,8.259,7.336,3.728,-4.280,-5.189,5.710,7.608,-5.053,6.032
20.9800,6,0.034,-0.315,0.213,-4.709,6.627,5.252,8.259,7.337,3.728,-4.280,-5.188,5.712,7.608,-5.052,6.032
20.9900,6,0.043,-0.319,0.212,-4.709,6.627,5.252,8.258,7.339,3.728,-4.281,-5.187,5.714,7.608,-5.051,6.032
21.0000,6,0.052,-0.324,0.211,-4.709,6.628,5.252,8.257,7.340,3.728,-4.281,-5.186,5.717,7.608,-5.050,6.031
21.0100,6,0.061,-0.328,0.210,-4.710,6.629,5.252,8.256,7.341,3.728,-4.281,-5.185,5.719,7.607,-5.049,6.031
21.0200,6,0.071,-0.332,0.210,-4.710,6.630,5.252,8.255,7.343,3.728,-4.282,-5.184,5.721,7.607,-5.048,6.031
21.0300,6,0.080,-0.336,0.209,-4.710,6.630,5.251,8.255,7.344,3.728,-4.282,-5.183,5.723,7.607,-5.047,6.031
21.0400,6,0.089,-0.341,0.208,-4.710,6.631,5.251,8.254,7.346,3.728,-4.282,-5.182,5.725,7.607,-5.047,6.031
21.0500,6,0.098,-0.345,0.207,-4.710,6.632,5.251,8.253,7.347,3.728,-4.283,-5.182,5.728,7.607,-5.046,6.031
21.0600,6,0.108,-0.349,0.206,-4.710,6.632,5.251,8.252,7.349,3.728,-4.283,-5.181,5.730,7.606,-5.045,6.031
21.0700,6,0.117,-0.354,0.205,-4.710,6.633,5.251,8.252,7.350,3.728,-4.284,-5.180,5.732,7.606,-5.044,6.031
21.0800,6,0.126,-0.358,0.204,-4.710,6.634,5.251,8.251,7.351,3.728,-4.284,-5.179,5.734,7.606,-5.043,6.031
21.0900,6,0.135,-0.362,0.203,-4.711,6.634,5.251,8.250,7.353,3.729,-4.284,-5.178,5.736,7.606,-5.042,6.031
21.1000,6,0.145,-0.367,0.202,-4.711,6.635,5.251,8.249,7.354,3.729,-4.285,-5.177,5.739,7.606,-5.041,6.031
21.1100,6,0.154,-0.371,0.201,-4.711,6.636,5.250,8.248,7.356,3.729,-4.285,-5.176,5.741,7.605,-5.040,6.031
21.1200,6,0.163,-0.375,0.199,-4.711,6.636,5.250,8.248,7.357,3.729,-4.286,-5.175,5.743,7.605,-5.039,6.031
21.1300,6,0.172,-0.380,0.198,-4.711,6.637,5.250,8.247,7.358,3.729,-4.286,-5.174,5.746,7.605,-5.039,6.030
21.1400,6,0.181,-0.384,0.197,-4.711,6.638,5.250,8.246,7.360,3.729,-4.286,-5.173,5.748,7.605,-5.038,6.030
21.1500,6,0.191,-0.389,0.196,-4.711,6.638,5.250,8.245,7.361,3.729,-4.287,-5.172,5.750,7.605,-5.037,6.030
21.1600,6,0.200,-0.393,0.195,-4.712,6.639,5.250,8.245,7.363,3.729,-4.287,-5.171,5.752,7.604,-5.036,6.030
21.1700,6,0.209,-0.398,0.194,-4.712,6.640,5.250,8.244,7.364,3.729,-4.287,-5.170,5.755,7.604,-5.035,6.030
21.1800,6,0.218,-0.402,0.193,-4.712,6.640,5.250,8.243,7.365,3.729,-4.288,-5.169,5.757,7.604,-5.034,6.030
21.1900,6,0.227,-0.407,0.192,-4.712,6.641,5.250,8.242,7.367,3.730,-4.288,-5.168,5.759,7.604,-5.033,6.030
21.2000,6,0.236,-0.411,0.191,-4.712,6.642,5.250,8.241,7.368,3.730,-4.289,-5.167,5.762,7.604,-5.032,6.030
21.2100,6,0.245,-0.416,0.190,-4.712,6.642,5.250,8.241,7.370,3.730,-4.289,-5.166,5.764,7.603,-5.031,6.030
21.2200,6,0.254,-0.420,0.188,-4.712,6.643,5.250,8.240,7.371,3.730,-4.289,-5.165,5.767,7.603,-5.030,6.030
21.2300,6,0.263,-0.425,0.187,-4.713,6.644,5.250,8.239,7.372,3.730,-4.290,-5.164,5.769,7.603,-5.030,6.030
21.2400,6,0.272,-0.429,0.186,-4.713,6.644,5.250,8.238,7.374,3.730,-4.290,-5.163,5.771,7.603,-5.029,6.030
21.2500,6,0.281,-0.434,0.185,-4.713,6.645,5.250,8.238,7.375,3.730,-4.290,-5.162,5.774,7.603,-5.028,6.030
21.2600,6,0.290,-0.438,0.184,-4.713,6.646,5.250,8.237,7.377,3.731,-4.291,-5.162,5.776,7.602,-5.027,6.030
21.2700,6,0.299,-0.443,0.183,-4.713,6.646,5.250,8.236,7.378,3.731,-4.291,-5.161,5.778,7.602,-5.026,6.030
21.2800,6,0.308,-0.447,0.181,-4.713,6.647,5.250,8.235,7.379,3.731,-4.292,-5.160,5.781,7.602,-5.025,6.031
21.2900,6,0.317,-0.452,0.180,-4.713,6.648,5.250,8.235,7.381,3.731,-4.292,-5.159,5.783,7.602,-5.024,6.031
21.3000,6,0.326,-0.457,0.179,-4.714,6.648,5.250,8.234,7.382,3.731,-4.292,-5.158,5.786,7.602,-5.023,6.031
21.3100,6,0.334,-0.461,0.178,-4.714,6.649,5.250,8.233,7.384,3.731,-4.293,-5.157,5.788,7.601,-5.022,6.031
21.3200,6,0.343,-0.466,0.177,-4.714,6.650,5.250,8.232,7.385,3.732,-4.293,-5.156,5.791,7.601,-5.022,6.031
21.3300,6,0.352,-0.471,0.175,-4.714,6.650,5.250,8.231,7.386,3.732,-4.294,-5.155,5.793,7.601,-5.021,6.031
21.3400,6,0.361,-0.475,0.174,-4.714,6.651,5.250,8.231,7.388,3.732,-4.294,-5.154,5.796,7.601,-5.020,6.031
21.3500,6,0.370,-0.480,0.173,-4.714,6.652,5.250,8.230,7.389,3.732,-4.294,-5.153,5.798,7.601,-5.019,6.031
21.3600,6,0.378,-0.485,0.171,-4.714,6.652,5.250,8.229,7.391,3.732,-4.295,-5.152,5.801,7.600,-5.018,6.031
21.3700,6,0.387,-0.489,0.170,-4.714,6.653,5.250,8.228,7.392,3.733,-4.295,-5.151,5.803,7.600,-5.017,6.031
21.3800,6,0.396,-0.494,0.169,-4.715,6.654,5.250,8.228,7.393,3.733,-4.295,-5.150,5.805,7.600,-5.016,6.031
21.3900,6,0.404,-0.499,0.168,-4.715,6.654,5.250,8.227,7.395,3.733,-4.296,-5.149,5.808,7.600,-5.015,6.031
21.4000,6,0.413,-0.503,0.166,-4.715,6.655,5.250,8.226,7.396,3.733,-4.296,-5.148,5.811,7.600,-5.014,6.031
21.4100,6,0.421,-0.508,0.165,-4.715,6.655,5.250,8.225,7.398,3.733,-4.297,-5.147,5.813,7.600,-5.014,6.032
21.4200,6,0.430,-0.513,0.164,-4.715,6.656,5.250,8.225,7.399,3.734,-4.297,-5.146,5.816,7.599,-5.013,6.032
21.4300,6,0.438,-0.518,0.162,-4.715,6.657,5.250,8.224,7.400,3.734,-4.297,-5.145,5.818,7.599,-5.012,6.032
21.4400,6,0.447,-0.522,0.161,-4.715,6.657,5.250,8.223,7.402,3.734,-4.298,-5.145,5.821,7.599,-5.011,6.032
21.4500,6,0.455,-0.527,0.160,-4.716,6.658,5.251,8.222,7.403,3.734,-4.298,-5.144,5.823,7.599,-5.010,6.032
21.4600,6,0.463,-0.532,0.158,-4.716,6.659,5.251,8.222,7.404,3.734,-4.298,-5.143,5.826,7.599,-5.009,6.032
21.4700,6,0.472,-0.537,0.157,-4.716,6.659,5.251,8.221,7.406,3.735,-4.299,-5.142,5.828,7.598,-5.008,6.032
21.4800,6,0.480,-0.542,0.156,-4.716,6.660,5.251,8.220,7.407,3.735,-4.299,-5.141,5.831,7.598,-5.007,6.033
21.4900,6,0.488,-0.546,0.154,-4.716,6.661,5.251,8.219,7.409,3.735,-4.300,-5.140,5.834,7.598,-5.007,6.033
21.5000,6,0.497,-0.551,0.153,-4.716,6.661,5.251,8.219,7.410,3.735,-4.300,-5.139,5.836,7.598,-5.006,6.033
21.5100,6,0.505,-0.556,0.151,-4.716,6.662,5.251,8.218,7.411,3.736,-4.300,-5.138,5.839,7.598,-5.005,6.033
21.5200,6,0.513,-0.561,0.150,-4.717,6.663,5.251,8.217,7.413,3.736,-4.301,-5.137,5.841,7.597,-5.004,6.033
21.5300,6,0.521,-0.566,0.149,-4.717,6.663,5.252,8.216,7.414,3.736,-4.301,-5.136,5.844,7.597,-5.003,6.033
21.5400,6,0.529,-0.571,0.147,-4.717,6.664,5.252,8.216,7.415,3.736,-4.301,-5.135,5.847,7.597,-5.002,6.034
21.5500,6,0.537,-0.575,0.146,-4.717,6.665,5.252,8.215,7.417,3.737,-4.302,-5.134,5.849,7.597,-5.001,6.034
21.5600,6,0.545,-0.580,0.144,-4.717,6.665,5.252,8.214,7.418,3.737,-4.302,-5.133,5.852,7.597,-5.000,6.034
21.5700,6,0.553,-0.585,0.143,-4.717,6.666,5.252,8.213,7.420,3.737,-4.302,-5.132,5.855,7.597,-4.999,6.034
21.5800,6,0.561,-0.590,0.142,-4.717,6.667,5.252,8.213,7.421,3.738,-4.303,-5.131,5.857,7.596,-4.999,6.034
21.5900,6,0.569,-0.595,0.140,-4.717,6.667,5.253,8.212,7.422,3.738,-4.303,-5.131,5.860,7.596,-4.998,6.035
21.6000,6,0.577,-0.600,0.139,-4.718,6.668,5.253,8.211,7.424,3.738,-4.304,-5.130,5.863,7.596,-4.997,6.035
21.6100,6,0.584,-0.605,0.137,-4.718,6.669,5.253,8.210,7.425,3.738,-4.304,-5.129,5.865,7.596,-4.996,6.035
21.6200,6,0.592,-0.610,0.136,-4.718,6.669,5.253,8.210,7.426,3.739,-4.304,-5.128,5.868,7.596,-4.995,6.035
21.6300,6,0.600,-0.615,0.134,-4.718,6.670,5.253,8.209,7.428,3.739,-4.305,-5.127,5.871,7.595,-4.994,6.036
21.6400,6,0.608,-0.619,0.133,-4.718,6.671,5.254,8.208,7.429,3.739,-4.305,-5.126,5.873,7.595,-4.993,6.036
21.6500,6,0.615,-0.624,0.131,-4.718,6.671,5.254,8.207,7.430,3.740,-4.305,-5.125,5.876,7.595,-4.993,6.036
21.6600,6,0.623,-0.629,0.130,-4.718,6.672,5.254,8.207,7.432,3.740,-4.306,-5.124,5.879,7.595,-4.992,6.036
21.6700,6,0.630,-0.634,0.128,-4.718,6.673,5.254,8.206,7.433,3.740,-4.306,-5.123,5.882,7.595,-4.991,6.037
21.6800,6,0.638,-0.639,0.127,-4.719,6.673,5.254,8.205,7.435,3.741,-4.306,-5.122,5.884,7.595,-4.990,6.037
21.6900,6,0.645,-0.644,0.125,-4.719,6.674,5.255,8.204,7.436,3.741,-4.307,-5.121,5.887,7.594,-4.989,6.037
21.7000,6,0.652,-0.649,0.124,-4.719,6.674,5.255,8.204,7.437,3.741,-4.307,-5.120,5.890,7.594,-4.988,6.037
21.7100,6,0.660,-0.654,0.122,-4.719,6.675,5.255,8.203,7.439,3.742,-4.307,-5.119,5.893,7.594,-4.987,6.038
21.7200,6,0.667,-0.659,0.121,-4.719,6.676,5.255,8.202,7.440,3.742,-4.308,-5.119,5.895,7.594,-4.986,6.038
21.7300,6,0.674,-0.664,0.119,-4.719,6.676,5.256,8.202,7.441,3.742,-4.308,-5.118,5.898,7.594,-4.986,6.038
21.7400,6,0.681,-0.669,0.118,-4.719,6.677,5.256,8.201,7.443,3.743,-4.309,-5.117,5.901,7.593,-4.985,6.038
21.7500,6,0.689,-0.674,0.116,-4.719,6.678,5.256,8.200,7.444,3.743,-4.309,-5.116,5.904,7.593,-4.984,6.039
21.7600,6,0.696,-0.679,0.115,-4.720,6.678,5.257,8.199,7.445,3.743,-4.309,-5.115,5.907,7.593,-4.983,6.039
21.7700,6,0.703,-0.684,0.113,-4.720,6.679,5.257,8.199,7.447,3.744,-4.310,-5.114,5.909,7.593,-4.982,6.039
21.7800,6,0.710,-0.689,0.111,-4.720,6.680,5.257,8.198,7.448,3.744,-4.310,-5.113,5.912,7.593,-4.981,6.040
21.7900,6,0.716,-0.694,0.110,-4.720,6.680,5.257,8.197,7.449,3.744,-4.310,-5.112,5.915,7.593,-4.980,6.040
21.8000,6,0.723,-0.699,0.108,-4.720,6.681,5.258,8.197,7.451,3.745,-4.311,-5.111,5.918,7.592,-4.980,6.040
21.8100,6,0.730,-0.704,0.107,-4.720,6.682,5.258,8.196,7.452,3.745,-4.311,-5.110,5.921,7.592,-4.979,6.041
21.8200,6,0.737,-0.709,0.105,-4.720,6.682,5.258,8.195,7.453,3.745,-4.311,-5.109,5.924,7.592,-4.978,6.041
21.8300,6,0.744,-0.714,0.104,-4.720,6.683,5.259,8.194,7.455,3.746,-4.312,-5.109,5.926,7.592,-4.977,6.041
21.8400,6,0.750,-0.719,0.102,-4.720,6.683,5.259,8.194,7.456,3.746,-4.312,-5.108,5.929,7.592,-4.976,6.042
21.8500,6,0.757,-0.724,0.100,-4.721,6.684,5.259,8.193,7.457,3.746,-4.312,-5.107,5.932,7.592,-4.975,6.042
21.8600,6,0.763,-0.729,0.099,-4.721,6.685,5.260,8.192,7.459,3.747,-4.313,-5.106,5.935,7.591,-4.974,6.042
21.8700,6,0.770,-0.734,0.097,-4.721,6.685,5.260,8.192,7.460,3.747,-4.313,-5.105,5.938,7.591,-4.974,6.043
21.8800,6,0.776,-0.739,0.096,-4.721,6.686,5.260,8.191,7.461,3.748,-4.313,-5.104,5.941,7.591,-4.973,6.043
21.8900,6,0.783,-0.744,0.094,-4.721,6.687,5.261,8.190,7.462,3.748,-4.314,-5.103,5.944,7.591,-4.972,6.043
21.9000,6,0.789,-0.749,0.092,-4.721,6.687,5.261,8.189,7.464,3.748,-4.314,-5.102,5.947,7.591,-4.971,6.044
21.9100,6,0.795,-0.754,0.091,-4.721,6.688,5.262,8.189,7.465,3.749,-4.314,-5.101,5.950,7.591,-4.970,6.044
21.9200,6,0.801,-0.759,0.089,-4.721,6.689,5.262,8.188,7.466,3.749,-4.315,-5.100,5.952,7.591,-4.969,6.045
21.9300,6,0.808,-0.764,0.087,-4.721,6.689,5.262,8.187,7.468,3.750,-4.315,-5.100,5.955,7.590,-4.968,6.045
21.9400,6,0.814,-0.769,0.086,-4.722,6.690,5.263,8.187,7.469,3.750,-4.315,-5.099,5.958,7.590,-4.968,6.045
21.9500,6,0.820,-0.774,0.084,-4.722,6.690,5.263,8.186,7.470,3.750,-4.316,-5.098,5.961,7.590,-4.967,6.046
21.9600,6,0.826,-0.779,0.082,-4.722,6.691,5.263,8.185,7.472,3.751,-4.316,-5.097,5.964,7.590,-4.966,6.046
21.9700,6,0.832,-0.784,0.081,-4.722,6.692,5.264,8.185,7.473,3.751,-4.316,-5.096,5.967,7.590,-4.965,6.047
21.9800,6,0.837,-0.789,0.079,-4.722,6.692,5.264,8.184,7.474,3.752,-4.317,-5.095,5.970,7.590,-4.964,6.047
21.9900,6,0.843,-0.794,0.077,-4.722,6.693,5.265,8.183,7.475,3.752,-4.317,-5.094,5.973,7.589,-4.963,6.047
22.0000,6,0.849,-0.799,0.076,-4.722,6.694,5.265,8.183,7.477,3.752,-4.317,-5.093,5.976,7.589,-4.963,6.048
22.0100,6,0.855,-0.804,0.074,-4.722,6.694,5.266,8.182,7.478,3.753,-4.318,-5.093,5.979,7.589,-4.962,6.048
22.0200,6,0.860,-0.809,0.072,-4.722,6.695,5.266,8.181,7.479,3.753,-4.318,-5.092,5.982,7.589,-4.961,6.049
22.0300,6,0.866,-0.814,0.071,-4.722,6.695,5.266,8.181,7.481,3.754,-4.318,-5.091,5.985,7.589,-4.960,6.049
22.0400,6,0.871,-0.819,0.069,-4.723,6.696,5.267,8.180,7.482,3.754,-4.318,-5.090,5.988,7.589,-4.959,6.050
22.0500,6,0.877,-0.824,0.067,-4.723,6.697,5.267,8.179,7.483,3.755,-4.319,-5.089,5.991,7.589,-4.958,6.050
22.0600,6,0.882,-0.829,0.066,-4.723,6.697,5.268,8.179,7.484,3.755,-4.319,-5.088,5.994,7.588,-4.958,6.050
22.0700,6,0.888,-0.834,0.064,-4.723,6.698,5.268,8.178,7.486,3.756,-4.319,-5.087,5.997,7.588,-4.957,6.051
22.0800,6,0.893,-0.839,0.062,-4.723,6.699,5.269,8.177,7.487,3.756,-4.320,-5.086,6.000,7.588,-4.956,6.051
22.0900,6,0.898,-0.844,0.061,-4.723,6.699,5.269,8.177,7.488,3.756,-4.320,-5.086,6.003,7.588,-4.955,6.052
22.1000,6,0.903,-0.849,0.059,-4.723,6.700,5.270,8.176,7.489,3.757,-4.320,-5.085,6.006,7.588,-4.954,6.052
22.1100,6,0.908,-0.854,0.057,-4.723,6.700,5.270,8.175,7.491,3.757,-4.321,-5.084,6.009,7.588,-4.953,6.053
22.1200,6,0.913,-0.859,0.056,-4.723,6.701,5.270,8.175,7.492,3.758,-4.321,-5.083,6.012,7.588,-4.953,6.053
22.1300,6,0.918,-0.864,0.054,-4.723,6.702,5.271,8.174,7.493,3.758,-4.321,-5.082,6.016,7.587,-4.952,6.054
22.1400,6,0.923,-0.869,0.052,-4.723,6.702,5.271,8.174,7.494,3.759,-4.322,-5.081,6.019,7.587,-4.951,6.054
22.1500,6,0.928,-0.874,0.050,-4.724,6.703,5.272,8.173,7.496,3.759,-4.322,-5.080,6.022,7.587,-4.950,6.055
22.1600,6,0.933,-0.879,0.049,-4.724,6.703,5.272,8.172,7.497,3.760,-4.322,-5.080,6.025,7.587,-4.949,6.055
22.1700,6,0.937,-0.884,0.047,-4.724,6.704,5.273,8.172,7.498,3.760,-4.322,-5.079,6.028,7.587,-4.949,6.056
22.1800,6,0.942,-0.889,0.045,-4.724,6.705,5.273,8.171,7.499,3.761,-4.323,-5.078,6.031,7.587,-4.948,6.056
22.1900,6,0.947,-0.893,0.044,-4.724,6.705,5.274,8.170,7.501,3.761,-4.323,-5.077,6.034,7.587,-4.947,6.057
22.2000,6,0.951,-0.898,0.042,-4.724,6.706,5.274,8.170,7.502,3.762,-4.323,-5.076,6.037,7.587,-4.946,6.057
22.2100,6,0.956,-0.903,0.040,-4.724,6.706,5.275,8.169,7.503,3.762,-4.324,-5.075,6.040,7.586,-4.945,6.058
22.2200,6,0.960,-0.908,0.038,-4.724,6.707,5.276,8.169,7.504,3.763,-4.324,-5.074,6.043,7.586,-4.944,6.058
22.2300,6,0.964,-0.913,0.037,-4.724,6.708,5.276,8.168,7.506,3.763,-4.324,-5.074,6.047,7.586,-4.944,6.059
22.2400,6,0.969,-0.918,0.035,-4.724,6.708,5.277,8.167,7.507,3.763,-4.324,-5.073,6.050,7.586,-4.943,6.059
22.2500,6,0.973,-0.923,0.033,-4.724,6.709,5.277,8.167,7.508,3.764,-4.325,-5.072,6.053,7.586,-4.942,6.060
22.2600,6,0.977,-0.928,0.031,-4.724,6.709,5.278,8.166,7.509,3.764,-4.325,-5.071,6.056,7.586,-4.941,6.060
22.2700,6,0.981,-0.933,0.030,-4.725,6.710,5.278,8.166,7.510,3.765,-4.325,-5.070,6.059,7.586,-4.940,6.061
22.2800,6,0.985,-0.938,0.028,-4.725,6.711,5.279,8.165,7.512,3.765,-4.325,-5.069,6.062,7.586,-4.940,6.061
22.2900,6,0.989,-0.943,0.026,-4.725,6.711,5.279,8.164,7.513,3.766,-4.326,-5.069,6.065,7.586,-4.939,6.062
22.3000,6,0.993,-0.947,0.024,-4.725,6.712,5.280,8.164,7.514,3.766,-4.326,-5.068,6.069,7.585,-4.938,6.063
22.3100,6,0.997,-0.952,0.023,-4.725,6.712,5.280,8.163,7.515,3.767,-4.326,-5.067,6.072,7.585,-4.937,6.063
22.3200,6,1.000,-0.957,0.021,-4.725,6.713,5.281,8.163,7.516,3.767,-4.327,-5.066,6.075,7.585,-4.936,6.064
22.3300,6,1.004,-0.962,0.019,-4.725,6.714,5.282,8.162,7.518,3.768,-4.327,-5.065,6.078,7.585,-4.936,6.064
22.3400,6,1.008,-0.967,0.017,-4.725,6.714,5.282,8.162,7.519,3.769,-4.327,-5.064,6.081,7.585,-4.935,6.065
22.3500,6,1.011,-0.972,0.016,-4.725,6.715,5.283,8.161,7.520,3.769,-4.327,-5.064,6.085,7.585,-4.934,6.065
22.3600,6,1.015,-0.976,0.014,-4.725,6.715,5.283,8.160,7.521,3.770,-4.328,-5.063,6.088,7.585,-4.933,6.066
22.3700,6,1.018,-0.981,0.012,-4.725,6.716,5.284,8.160,7.522,3.770,-4.328,-5.062,6.091,7.585,-4.933,6.067
22.3800,6,1.022,-0.986,0.010,-4.725,6.717,5.285,8.159,7.524,3.771,-4.328,-5.061,6.094,7.585,-4.932,6.067
22.3900,6,1.025,-0.991,0.009,-4.725,6.717,5.285,8.159,7.525,3.771,-4.328,-5.060,6.097,7.585,-4.931,6.068
22.4000,6,1.028,-0.995,0.007,-4.725,6.718,5.286,8.158,7.526,3.772,-4.329,-5.060,6.101,7.584,-4.930,6.068
22.4100,6,1.032,-1.000,0.005,-4.725,6.718,5.286,8.158,7.527,3.772,-4.329,-5.059,6.104,7.584,-4.929,6.069
22.4200,6,1.035,-1.005,0.003,-4.725,6.719,5.287,8.157,7.528,3.773,-4.329,-5.058,6.107,7.584,-4.929,6.069
22.4300,6,1.038,-1.010,0.002,-4.726,6.719,5.288,8.156,7.529,3.773,-4.329,-5.057,6.110,7.584,-4.928,6.070
22.4400,6,1.041,-1.014,-0.000,-4.726,6.720,5.288,8.156,7.531,3.774,-4.330,-5.056,6.114,7.584,-4.927,6.071
22.4500,6,1.044,-1.019,-0.002,-4.726,6.721,5.289,8.155,7.532,3.774,-4.330,-5.056,6.117,7.584,-4.926,6.071
22.4600,6,1.047,-1.024,-0.004,-4.726,6.721,5.290,8.155,7.533,3.775,-4.330,-5.055,6.120,7.584,-4.926,6.072
22.4700,6,1.049,-1.029,-0.005,-4.726,6.722,5.290,8.154,7.534,3.775,-4.330,-5.054,6.123,7.584,-4.925,6.073
22.4800,6,1.052,-1.033,-0.007,-4.726,6.722,5.291,8.154,7.535,3.776,-4.330,-5.053,6.127,7.584,-4.924,6.073
22.4900,6,1.055,-1.038,-0.009,-4.726,6.723,5.291,8.153,7.536,3.776,-4.331,-5.052,6.130,7.584,-4.923,6.074
22.5000,6,1.058,-1.042,-0.011,-4.726,6.723,5.292,8.153,7.537,3.777,-4.331,-5.052,6.133,7.584,-4.922,6.074
22.5100,6,1.060,-1.047,-0.012,-4.726,6.724,5.293,8.152,7.539,3.778,-4.331,-5.051,6.136,7.584,-4.922,6.075
22.5200,6,1.063,-1.052,-0.014,-4.726,6.725,5.293,8.152,7.540,3.778,-4.331,-5.050,6.140,7.583,-4.921,6.076
22.5300,6,1.065,-1.056,-0.016,-4.726,6.725,5.294,8.151,7.541,3.779,-4.332,-5.049,6.143,7.583,-4.920,6.076
22.5400,6,1.068,-1.061,-0.017,-4.726,6.726,5.295,8.151,7.542,3.779,-4.332,-5.049,6.146,7.583,-4.919,6.077
22.5500,6,1.070,-1.066,-0.019,-4.726,6.726,5.295,8.150,7.543,3.780,-4.332,-5.048,6.150,7.583,-4.919,6.078
22.5600,6,1.072,-1.070,-0.021,-4.726,6.727,5.296,8.150,7.544,3.780,-4.332,-5.047,6.153,7.583,-4.918,6.078
22.5700,6,1.074,-1.075,-0.023,-4.726,6.727,5.297,8.149,7.545,3.781,-4.332,-5.046,6.156,7.583,-4.917,6.079
22.5800,6,1.077,-1.079,-0.024,-4.726,6.728,5.297,8.149,7.546,3.781,-4.333,-5.045,6.160,7.583,-4.916,6.080
22.5900,6,1.079,-1.084,-0.026,-4.726,6.728,5.298,8.148,7.547,3.782,-4.333,-5.045,6.163,7.583,-4.916,6.080
22.6000,6,1.081,-1.088,-0.028,-4.726,6.729,5.299,8.148,7.549,3.783,-4.333,-5.044,6.166,7.583,-4.915,6.081
22.6100,6,1.083,-1.093,-0.030,-4.726,6.730,5.300,8.147,7.550,3.783,-4.333,-5.043,6.169,7.583,-4.914,6.081
22.6200,6,1.085,-1.097,-0.031,-4.726,6.730,5.300,8.147,7.551,3.784,-4.333,-5.042,6.173,7.583,-4.913,6.082
22.6300,6,1.087,-1.102,-0.033,-4.726,6.731,5.301,8.146,7.552,3.784,-4.334,-5.042,6.176,7.583,-4.913,6.083
22.6400,6,1.088,-1.106,-0.035,-4.726,6.731,5.302,8.146,7.553,3.785,-4.334,-5.041,6.179,7.583,-4.912,6.083
22.6500,6,1.090,-1.110,-0.037,-4.726,6.732,5.302,8.145,7.554,3.785,-4.334,-5.040,6.183,7.583,-4.911,6.084
22.6600,6,1.092,-1.115,-0.038,-4.726,6.732,5.303,8.145,7.555,3.786,-4.334,-5.039,6.186,7.583,-4.911,6.085
22.6700,6,1.093,-1.119,-0.040,-4.726,6.733,5.304,8.144,7.556,3.787,-4.334,-5.039,6.189,7.583,-4.910,6.086
22.6800,6,1.095,-1.124,-0.042,-4.726,6.733,5.304,8.144,7.557,3.787,-4.335,-5.038,6.193,7.583,-4.909,6.086
22.6900,6,1.097,-1.128,-0.044,-4.726,6.734,5.305,8.144,7.558,3.788,-4.335,-5.037,6.196,7.583,-4.908,6.087
22.7000,6,1.098,-1.132,-0.045,-4.726,6.734,5.306,8.143,7.559,3.788,-4.335,-5.036,6.199,7.582,-4.908,6.088
22.7100,6,1.099,-1.137,-0.047,-4.726,6.735,5.307,8.143,7.560,3.789,-4.335,-5.036,6.203,7.582,-4.907,6.088
22.7200,6,1.101,-1.141,-0.049,-4.726,6.736,5.307,8.142,7.561,3.789,-4.335,-5.035,6.206,7.582,-4.906,6.089
22.7300,6,1.102,-1.145,-0.050,-4.726,6.736,5.308,8.142,7.562,3.790,-4.335,-5.034,6.210,7.582,-4.905,6.090
22.7400,6,1.103,-1.149,-0.052,-4.726,6.737,5.309,8.141,7.563,3.791,-4.336,-5.034,6.213,7.582,-4.905,6.090
22.7500,6,1.104,-1.154,-0.054,-4.726,6.737,5.310,8.141,7.565,3.791,-4.336,-5.033,6.216,7.582,-4.904,6.091
22.7600,6,1.106,-1.158,-0.056,-4.726,6.738,5.310,8.141,7.566,3.792,-4.336,-5.032,6.220,7.582,-4.903,6.092
22.7700,6,1.107,-1.162,-0.057,-4.726,6.738,5.311,8.140,7.567,3.792,-4.336,-5.031,6.223,7.582,-4.903,6.092
22.7800,6,1.108,-1.166,-0.059,-4.726,6.739,5.312,8.140,7.568,3.793,-4.336,-5.031,6.226,7.582,-4.902,6.093
22.7900,6,1.109,-1.170,-0.061,-4.726,6.739,5.313,8.139,7.569,3.794,-4.336,-5.030,6.230,7.582,-4.901,6.094
22.8000,6,1.110,-1.175,-0.062,-4.726,6.740,5.313,8.139,7.570,3.794,-4.337,-5.029,6.233,7.582,-4.901,6.095
22.8100,6,1.110,-1.179,-0.064,-4.726,6.740,5.314,8.138,7.571,3.795,-4.337,-5.029,6.236,7.582,-4.900,6.095
22.8200,6,1.111,-1.183,-0.066,-4.726,6.741,5.315,8.138,7.572,3.795,-4.337,-5.028,6.239,7.582,-4.899,6.096
22.8300,6,1.112,-1.187,-0.067,-4.726,6.741,5.316,8.138,7.573,3.796,-4.337,-5.027,6.243,7.582,-4.898,6.097
22.8400,6,1.113,-1.191,-0.069,-4.726,6.742,5.316,8.137,7.574,3.797,-4.337,-5.026,6.246,7.582,-4.898,6.097
22.8500,6,1.113,-1.195,-0.071,-4.726,6.742,5.317,8.137,7.575,3.797,-4.337,-5.026,6.249,7.582,-4.897,6.098
22.8600,6,1.114,-1.199,-0.072,-4.726,6.743,5.318,8.137,7.576,3.798,-4.337,-5.025,6.252,7.582,-4.896,6.099
22.8700,6,1.115,-1.203,-0.074,-4.726,6.743,5.319,8.136,7.577,3.798,-4.337,-5.024,6.255,7.582,-4.896,6.100
22.8800,6,1.115,-1.207,-0.076,-4.726,6.744,5.319,8.136,7.578,3.799,-4.338,-5.024,6.259,7.582,-4.895,6.100
22.8900,6,1.116,-1.211,-0.077,-4.726,6.744,5.320,8.135,7.579,3.800,-4.338,-5.023,6.262,7.582,-4.894,6.101
22.9000,6,1.116,-1.215,-0.079,-4.726,6.745,5.321,8.135,7.580,3.800,-4.338,-5.022,6.265,7.582,-4.894,6.102
22.9100,6,1.116,-1.219,-0.081,-4.726,6.745,5.322,8.135,7.581,3.801,-4.338,-5.022,6.268,7.582,-4.893,6.103
22.9200,6,1.117,-1.223,-0.082,-4.726,6.746,5.323,8.134,7.581,3.801,-4.338,-5.021,6.271,7.582,-4.892,6.103
22.9300,6,1.117,-1.226,-0.084,-4.726,6.746,5.323,8.134,7.582,3.802,-4.338,-5.020,6.274,7.582,-4.892,6.104
22.9400,6,1.117,-1.230,-0.086,-4.726,6.747,5.324,8.134,7.583,3.803,-4.338,-5.020,6.277,7.582,-4.891,6.105
22.9500,6,1.117,-1.234,-0.087,-4.726,6.747,5.325,8.133,7.584,3.803,-4.338,-5.019,6.280,7.582,-4.890,6.106
22.9600,6,1.117,-1.238,-0.089,-4.726,6.748,5.326,8.133,7.585,3.804,-4.339,-5.018,6.283,7.582,-4.890,6.106
22.9700,6,1.117,-1.242,-0.091,-4.726,6.748,5.327,8.133,7.586,3.804,-4.339,-5.018,6.286,7.582,-4.889,6.107
22.9800,6,1.117,-1.245,-0.092,-4.726,6.749,5.327,8.132,7.587,3.805,-4.339,-5.017,6.289,7.582,-4.888,6.108
22.9900,6,1.117,-1.249,-0.094,-4.726,6.749,5.328,8.132,7.588,3.806,-4.339,-5.016,6.292,7.582,-4.888,6.108
23.0000,6,1.117,-1.253,-0.096,-4.726,6.750,5.329,8.132,7.589,3.806,-4.339,-5.016,6.295,7.582,-4.887,6.109
23.0100,6,1.117,-1.256,-0.097,-4.726,6.750,5.330,8.131,7.590,3.807,-4.339,-5.015,6.298,7.582,-4.886,6.110
23.0200,6,1.117,-1.260,-0.099,-4.726,6.751,5.331,8.131,7.591,3.807,-4.339,-5.014,6.301,7.582,-4.886,6.111
23.0300,6,1.117,-1.263,-0.100,-4.726,6.751,5.331,8.131,7.592,3.808,-4.339,-5.014,6.304,7.582,-4.885,6.112
23.0400,6,1.117,-1.267,-0.102,-4.726,6.752,5.332,8.130,7.593,3.809,-4.339,-5.013,6.307,7.582,-4.884,6.112
23.0500,6,1.116,-1.271,-0.104,-4.726,6.752,5.333,8.130,7.594,3.809,-4.339,-5.013,6.310,7.582,-4.884,6.113
23.0600,6,1.116,-1.274,-0.105,-4.726,6.753,5.334,8.130,7.594,3.810,-4.340,-5.012,6.313,7.582,-4.883,6.114
23.0700,6,1.116,-1.278,-0.107,-4.726,6.753,5.335,8.129,7.595,3.810,-4.340,-5.011,6.316,7.582,-4.882,6.115
23.0800,6,1.115,-1.281,-0.108,-4.726,6.754,5.336,8.129,7.596,3.811,-4.340,-5.011,6.319,7.583,-4.882,6.115
23.0900,6,1.115,-1.285,-0.110,-4.726,6.754,5.336,8.129,7.597,3.812,-4.340,-5.010,6.322,7.583,-4.881,6.116
23.1000,6,1.115,-1.288,-0.111,-4.726,6.754,5.337,8.128,7.598,3.812,-4.340,-5.009,6.325,7.583,-4.881,6.117
23.1100,6,1.114,-1.291,-0.113,-4.726,6.755,5.338,8.128,7.599,3.813,-4.340,-5.009,6.327,7.583,-4.880,6.118
23.1200,6,1.113,-1.295,-0.115,-4.726,6.755,5.339,8.128,7.600,3.814,-4.340,-5.008,6.330,7.583,-4.879,6.118
23.1300,6,1.113,-1.298,-0.116,-4.726,6.756,5.340,8.128,7.601,3.814,-4.340,-5.008,6.333,7.583,-4.879,6.119
23.1400,6,1.112,-1.301,-0.118,-4.725,6.756,5.340,8.127,7.601,3.815,-4.340,-5.007,6.336,7.583,-4.878,6.120
23.1500,6,1.112,-1.305,-0.119,-4.725,6.757,5.341,8.127,7.602,3.815,-4.340,-5.006,6.339,7.583,-4.877,6.121
23.1600,6,1.111,-1.308,-0.121,-4.725,6.757,5.342,8.127,7.603,3.816,-4.340,-5.006,6.341,7.583,-4.877,6.121
23.1700,6,1.110,-1.311,-0.122,-4.725,6.758,5.343,8.127,7.604,3.817,-4.340,-5.005,6.344,7.583,-4.876,6.122
23.1800,6,1.109,-1.314,-0.124,-4.725,6.758,5.344,8.126,7.605,3.817,-4.340,-5.005,6.347,7.583,-4.876,6.123
23.1900,6,1.109,-1.317,-0.125,-4.725,6.759,5.345,8.126,7.606,3.818,-4.340,-5.004,6.350,7.583,-4.875,6.124
23.2000,6,1.108,-1.321,-0.127,-4.725,6.759,5.346,8.126,7.606,3.818,-4.340,-5.003,6.352,7.583,-4.874,6.125
23.2100,6,1.107,-1.324,-0.128,-4.725,6.759,5.346,8.126,7.607,3.819,-4.340,-5.003,6.355,7.583,-4.874,6.125
23.2200,6,1.106,-1.327,-0.130,-4.725,6.760,5.347,8.125,7.608,3.820,-4.340,-5.002,6.358,7.583,-4.873,6.126
23.2300,6,1.105,-1.330,-0.131,-4.725,6.760,5.348,8.125,7.609,3.820,-4.341,-5.002,6.361,7.583,-4.873,6.127
23.2400,6,1.104,-1.333,-0.133,-4.725,6.761,5.349,8.125,7.610,3.821,-4.341,-5.001,6.363,7.583,-4.872,6.128
23.2500,6,1.103,-1.336,-0.134,-4.725,6.761,5.350,8.125,7.610,3.821,-4.341,-5.001,6.366,7.583,-4.871,6.128
23.2600,6,1.102,-1.339,-0.136,-4.725,6.762,5.351,8.124,7.611,3.822,-4.341,-5.000,6.369,7.584,-4.871,6.129
23.2700,6,1.101,-1.342,-0.137,-4.725,6.762,5.351,8.124,7.612,3.823,-4.341,-4.999,6.371,7.584,-4.870,6.130
23.2800,6,1.100,-1.344,-0.139,-4.725,6.762,5.352,8.124,7.613,3.823,-4.341,-4.999,6.374,7.584,-4.870,6.131
23.2900,6,1.099,-1.347,-0.140,-4.724,6.763,5.353,8.124,7.614,3.824,-4.341,-4.998,6.376,7.584,-4.869,6.132
23.3000,6,1.098,-1.350,-0.142,-4.724,6.763,5.354,8.124,7.614,3.825,-4.341,-4.998,6.379,7.584,-4.869,6.132
23.3100,6,1.097,-1.353,-0.143,-4.724,6.764,5.355,8.123,7.615,3.825,-4.341,-4.997,6.382,7.584,-4.868,6.133
23.3200,6,1.095,-1.356,-0.144,-4.724,6.764,5.356,8.123,7.616,3.826,-4.341,-4.997,6.384,7.584,-4.867,6.134
23.3300,6,1.094,-1.358,-0.146,-4.724,6.765,5.357,8.123,7.617,3.826,-4.341,-4.996,6.387,7.584,-4.867,6.135
23.3400,6,1.093,-1.361,-0.147,-4.724,6.765,5.357,8.123,7.617,3.827,-4.341,-4.996,6.389,7.584,-4.866,6.136
23.3500,6,1.092,-1.364,-0.149,-4.724,6.765,5.358,8.123,7.618,3.828,-4.341,-4.995,6.392,7.584,-4.866,6.136
23.3600,6,1.090,-1.366,-0.150,-4.724,6.766,5.359,8.122,7.619,3.828,-4.341,-4.995,6.394,7.584,-4.865,6.137
23.3700,6,1.089,-1.369,-0.152,-4.724,6.766,5.360,8.122,7.620,3.829,-4.341,-4.994,6.397,7.585,-4.865,6.138
23.3800,6,1.088,-1.372,-0.153,-4.724,6.767,5.361,8.122,7.620,3.829,-4.341,-4.994,6.399,7.585,-4.864,6.139
23.3900,6,1.087,-1.374,-0.154,-4.724,6.767,5.362,8.122,7.621,3.830,-4.341,-4.993,6.402,7.585,-4.863,6.139
23.4000,6,1.085,-1.377,-0.156,-4.723,6.767,5.363,8.122,7.622,3.831,-4.341,-4.993,6.404,7.585,-4.863,6.140
23.4100,6,1.084,-1.379,-0.157,-4.723,6.768,5.363,8.122,7.623,3.831,-4.341,-4.992,6.407,7.585,-4.862,6.141
23.4200,6,1.082,-1.381,-0.158,-4.723,6.768,5.364,8.121,7.623,3.832,-4.341,-4.991,6.409,7.585,-4.862,6.142
23.4300,6,1.081,-1.384,-0.160,-4.723,6.769,5.365,8.121,7.624,3.832,-4.341,-4.991,6.412,7.585,-4.861,6.143
23.4400,6,1.079,-1.386,-0.161,-4.723,6.769,5.366,8.121,7.625,3.833,-4.341,-4.990,6.414,7.585,-4.861,6.143
23.4500,6,1.078,-1.389,-0.162,-4.723,6.769,5.367,8.121,7.625,3.834,-4.341,-4.990,6.417,7.585,-4.860,6.144
23.4600,6,1.077,-1.391,-0.164,-4.723,6.770,5.368,8.121,7.626,3.834,-4.341,-4.989,6.419,7.585,-4.860,6.145
23.4700,6,1.075,-1.393,-0.165,-4.723,6.770,5.369,8.121,7.627,3.835,-4.341,-4.989,6.422,7.586,-4.859,6.146
23.4800,6,1.074,-1.395,-0.166,-4.723,6.771,5.369,8.120,7.627,3.835,-4.341,-4.989,6.424,7.586,-4.859,6.147
23.4900,6,1.072,-1.397,-0.168,-4.723,6.771,5.370,8.120,7.628,3.836,-4.341,-4.988,6.426,7.586,-4.858,6.147
23.5000,6,1.070,-1.400,-0.169,-4.722,6.771,5.371,8.120,7.629,3.837,-4.341,-4.988,6.429,7.586,-4.858,6.148
23.5100,6,1.069,-1.402,-0.170,-4.722,6.772,5.372,8.120,7.629,3.837,-4.341,-4.987,6.431,7.586,-4.857,6.149
23.5200,6,1.067,-1.404,-0.172,-4.722,6.772,5.373,8.120,7.630,3.838,-4.340,-4.987,6.433,7.586,-4.856,6.150
23.5300,6,1.066,-1.406,-0.173,-4.722,6.772,5.374,8.120,7.631,3.838,-4.340,-4.986,6.436,7.586,-4.856,6.151
23.5400,6,1.064,-1.408,-0.174,-4.722,6.773,5.375,8.120,7.631,3.839,-4.340,-4.986,6.438,7.586,-4.855,6.151
23.5500,6,1.063,-1.410,-0.175,-4.722,6.773,5.376,8.120,7.632,3.840,-4.340,-4.985,6.440,7.587,-4.855,6.152
23.5600,6,1.061,-1.412,-0.177,-4.722,6.774,5.376,8.120,7.633,3.840,-4.340,-4.985,6.443,7.587,-4.854,6.153
23.5700,6,1.059,-1.414,-0.178,-4.722,6.774,5.377,8.119,7.633,3.841,-4.340,-4.984,6.445,7.587,-4.854,6.154
23.5800,6,1.058,-1.416,-0.179,-4.721,6.774,5.378,8.119,7.634,3.841,-4.340,-4.984,6.447,7.587,-4.853,6.154
23.5900,6,1.056,-1.417,-0.180,-4.721,6.775,5.379,8.119,7.635,3.842,-4.340,-4.983,6.450,7.587,-4.853,6.155
23.6000,6,1.054,-1.419,-0.181,-4.721,6.775,5.380,8.119,7.635,3.842,-4.340,-4.983,6.452,7.587,-4.852,6.156
23.6100,6,1.053,-1.421,-0.183,-4.721,6.775,5.381,8.119,7.636,3.843,-4.340,-4.982,6.454,7.587,-4.852,6.157
23.6200,6,1.051,-1.423,-0.184,-4.721,6.776,5.382,8.119,7.636,3.844,-4.340,-4.982,6.456,7.588,-4.851,6.158
23.6300,6,1.049,-1.424,-0.185,-4.721,6.776,5.382,8.119,7.637,3.844,-4.340,-4.982,6.459,7.588,-4.851,6.158
23.6400,6,1.048,-1.426,-0.186,-4.721,6.776,5.383,8.119,7.638,3.845,-4.340,-4.981,6.461,7.588,-4.851,6.159
23.6500,6,1.046,-1.428,-0.187,-4.720,6.777,5.384,8.119,7.638,3.845,-4.340,-4.981,6.463,7.588,-4.850,6.160
23.6600,6,1.044,-1.429,-0.188,-4.720,6.777,5.385,8.119,7.639,3.846,-4.340,-4.980,6.465,7.588,-4.850,6.161
23.6700,6,1.043,-1.431,-0.190,-4.720,6.777,5.386,8.119,7.639,3.846,-4.340,-4.980,6.467,7.588,-4.849,6.161
23.6800,6,1.041,-1.432,-0.191,-4.720,6.778,5.387,8.119,7.640,3.847,-4.340,-4.979,6.470,7.589,-4.849,6.162
23.6900,6,1.039,-1.434,-0.192,-4.720,6.778,5.388,8.119,7.641,3.848,-4.339,-4.979,6.472,7.589,-4.848,6.163
23.7000,6,1.038,-1.435,-0.193,-4.720,6.778,5.388,8.118,7.641,3.848,-4.339,-4.979,6.474,7.589,-4.848,6.164
23.7100,6,1.036,-1.436,-0.194,-4.720,6.779,5.389,8.118,7.642,3.849,-4.339,-4.978,6.476,7.589,-4.847,6.165
23.7200,6,1.034,-1.438,-0.195,-4.719,6.779,5.390,8.118,7.642,3.849,-4.339,-4.978,6.478,7.589,-4.847,6.165
23.7300,6,1.033,-1.439,-0.196,-4.719,6.779,5.391,8.118,7.643,3.850,-4.339,-4.977,6.480,7.589,-4.846,6.166
23.7400,6,1.031,-1.440,-0.197,-4.719,6.780,5.392,8.118,7.643,3.850,-4.339,-4.977,6.482,7.590,-4.846,6.167
23.7500,6,1.029,-1.441,-0.198,-4.719,6.780,5.393,8.118,7.644,3.851,-4.339,-4.977,6.485,7.590,-4.845,6.168
23.7600,6,1.028,-1.443,-0.200,-4.719,6.780,5.394,8.118,7.644,3.852,-4.339,-4.976,6.487,7.590,-4.845,6.168
23.7700,6,1.026,-1.444,-0.201,-4.719,6.781,5.394,8.118,7.645,3.852,-4.339,-4.976,6.489,7.590,-4.844,6.169
23.7800,6,1.024,-1.445,-0.202,-4.719,6.781,5.395,8.118,7.645,3.853,-4.339,-4.976,6.491,7.590,-4.844,6.170
23.7900,6,1.023,-1.446,-0.203,-4.718,6.781,5.396,8.118,7.646,3.853,-4.339,-4.975,6.493,7.590,-4.844,6.171
23.8000,6,1.021,-1.447,-0.204,-4.718,6.782,5.397,8.118,7.646,3.854,-4.338,-4.975,6.495,7.591,-4.843,6.171
23.8100,6,1.019,-1.448,-0.205,-4.718,6.782,5.398,8.118,7.647,3.854,-4.338,-4.974,6.497,7.591,-4.843,6.172
23.8200,6,1.018,-1.449,-0.206,-4.718,6.782,5.399,8.118,7.647,3.855,-4.338,-4.974,6.499,7.591,-4.842,6.173
23.8300,6,1.016,-1.450,-0.207,-4.718,6.783,5.400,8.118,7.648,3.855,-4.338,-4.974,6.501,7.591,-4.842,6.174
23.8400,6,1.014,-1.451,-0.208,-4.718,6.783,5.400,8.118,7.648,3.856,-4.338,-4.973,6.503,7.591,-4.841,6.174
23.8500,6,1.013,-1.451,-0.209,-4.717,6.783,5.401,8.118,7.649,3.857,-4.338,-4.973,6.505,7.592,-4.841,6.175
23.8600,6,1.011,-1.452,-0.210,-4.717,6.783,5.402,8.118,7.649,3.857,-4.338,-4.973,6.507,7.592,-4.841,6.176
23.8700,6,1.009,-1.453,-0.211,-4.717,6.784,5.403,8.118,7.650,3.858,-4.338,-4.972,6.509,7.592,-4.840,6.177
23.8800,6,1.008,-1.454,-0.211,-4.717,6.784,5.404,8.118,7.650,3.858,-4.337,-4.972,6.511,7.592,-4.840,6.177
23.8900,6,1.006,-1.454,-0.212,-4.717,6.784,5.405,8.118,7.651,3.859,-4.337,-4.972,6.513,7.592,-4.839,6.178
23.9000,6,1.005,-1.455,-0.213,-4.716,6.785,5.405,8.118,7.651,3.859,-4.337,-4.971,6.515,7.593,-4.839,6.179
23.9100,6,1.003,-1.456,-0.214,-4.716,6.785,5.406,8.118,7.652,3.860,-4.337,-4.971,6.517,7.593,-4.839,6.180
23.9200,6,1.002,-1.456,-0.215,-4.716,6.785,5.407,8.118,7.652,3.860,-4.337,-4.971,6.519,7.593,-4.838,6.180
23.9300,6,1.000,-1.457,-0.216,-4.716,6.785,5.408,8.118,7.653,3.861,-4.337,-4.970,6.521,7.593,-4.838,6.181
23.9400,6,0.999,-1.457,-0.217,-4.716,6.786,5.409,8.118,7.653,3.861,-4.337,-4.970,6.523,7.593,-4.837,6.182
23.9500,6,0.997,-1.457,-0.218,-4.716,6.786,5.410,8.118,7.653,3.862,-4.336,-4.970,6.525,7.594,-4.837,6.183
23.9600,6,0.996,-1.458,-0.219,-4.715,6.786,5.410,8.118,7.654,3.862,-4.336,-4.969,6.527,7.594,-4.837,6.183
23.9700,6,0.994,-1.458,-0.219,-4.715,6.787,5.411,8.118,7.654,3.863,-4.336,-4.969,6.528,7.594,-4.836,6.184
23.9800,6,0.993,-1.458,-0.220,-4.715,6.787,5.412,8.119,7.655,3.863,-4.336,-4.969,6.530,7.594,-4.836,6.185
23.9900,6,0.991,-1.459,-0.221,-4.715,6.787,5.413,8.119,7.655,3.864,-4.336,-4.968,6.532,7.595,-4.835,6.186
24.0000,6,0.990,-1.459,-0.222,-4.715,6.787,5.414,8.119,7.655,3.864,-4.336,-4.968,6.534,7.595,-4.835,6.186
24.0100,6,0.988,-1.459,-0.223,-4.714,6.788,5.414,8.119,7.656,3.865,-4.336,-4.968,6.536,7.595,-4.835,6.187
24.0200,6,0.987,-1.459,-0.223,-4.714,6.788,5.415,8.119,7.656,3.865,-4.335,-4.967,6.538,7.595,-4.834,6.188
24.0300,6,0.986,-1.459,-0.224,-4.714,6.788,5.416,8.119,7.657,3.866,-4.335,-4.967,6.540,7.595,-4.834,6.189
24.0400,6,0.984,-1.459,-0.225,-4.714,6.788,5.417,8.119,7.657,3.866,-4.335,-4.967,6.541,7.596,-4.834,6.189
24.0500,6,0.983,-1.459,-0.226,-4.714,6.789,5.418,8.119,7.657,3.867,-4.335,-4.967,6.543,7.596,-4.833,6.190
24.0600,6,0.982,-1.459,-0.227,-4.713,6.789,5.419,8.119,7.658,3.867,-4.335,-4.966,6.545,7.596,-4.833,6.191
24.0700,6,0.980,-1.459,-0.227,-4.713,6.789,5.419,8.119,7.658,3.868,-4.335,-4.966,6.547,7.596,-4.832,6.191
24.0800,6,0.979,-1.459,-0.228,-4.713,6.789,5.420,8.119,7.658,3.868,-4.334,-4.966,6.549,7.597,-4.832,6.192
24.0900,6,0.978,-1.459,-0.229,-4.713,6.790,5.421,8.119,7.659,3.869,-4.334,-4.965,6.550,7.597,-4.832,6.193
24.1000,6,0.977,-1.459,-0.229,-4.713,6.790,5.422,8.119,7.659,3.869,-4.334,-4.965,6.552,7.597,-4.831,6.193
24.1100,6,0.975,-1.459,-0.230,-4.712,6.790,5.423,8.120,7.660,3.870,-4.334,-4.965,6.554,7.597,-4.831,6.194
24.1200,6,0.974,-1.458,-0.231,-4.712,6.790,5.423,8.120,7.660,3.870,-4.334,-4.965,6.556,7.598,-4.831,6.195
24.1300,6,0.973,-1.458,-0.231,-4.712,6.791,5.424,8.120,7.660,3.871,-4.333,-4.964,6.557,7.598,-4.830,6.196
24.1400,6,0.972,-1.458,-0.232,-4.712,6.791,5.425,8.120,7.661,3.871,-4.333,-4.964,6.559,7.598,-4.830,6.196
24.1500,6,0.971,-1.457,-0.233,-4.712,6.791,5.426,8.120,7.661,3.872,-4.333,-4.964,6.561,7.598,-4.830,6.197
24.1600,6,0.970,-1.457,-0.233,-4.711,6.791,5.426,8.120,7.661,3.872,-4.333,-4.964,6.563,7.599,-4.829,6.198
24.1700,6,0.969,-1.456,-0.234,-4.711,6.792,5.427,8.120,7.661,3.873,-4.333,-4.963,6.564,7.599,-4.829,6.198
24.1800,6,0.968,-1.456,-0.235,-4.711,6.792,5.428,8.120,7.662,3.873,-4.333,-4.963,6.566,7.599,-4.829,6.199
24.1900,6,0.967,-1.455,-0.235,-4.711,6.792,5.429,8.120,7.662,3.874,-4.332,-4.963,6.568,7.599,-4.828,6.200
24.2000,6,0.966,-1.454,-0.236,-4.710,6.792,5.430,8.121,7.662,3.874,-4.332,-4.963,6.569,7.600,-4.828,6.200
24.2100,6,0.965,-1.454,-0.236,-4.710,6.792,5.430,8.121,7.663,3.875,-4.332,-4.962,6.571,7.600,-4.828,6.201
24.2200,6,0.964,-1.453,-0.237,-4.710,6.793,5.431,8.121,7.663,3.875,-4.332,-4.962,6.573,7.600,-4.827,6.202
24.2300,6,0.963,-1.452,-0.237,-4.710,6.793,5.432,8.121,7.663,3.875,-4.332,-4.962,6.574,7.600,-4.827,6.202
24.2400,6,0.962,-1.452,-0.238,-4.710,6.793,5.433,8.121,7.664,3.876,-4.331,-4.962,6.576,7.601,-4.827,6.203
24.2500,6,0.962,-1.451,-0.239,-4.709,6.793,5.433,8.121,7.664,3.876,-4.331,-4.962,6.577,7.601,-4.826,6.204
24.2600,6,0.961,-1.450,-0.239,-4.709,6.794,5.434,8.121,7.664,3.877,-4.331,-4.961,6.579,7.601,-4.826,6.204
24.2700,6,0.960,-1.449,-0.240,-4.709,6.794,5.435,8.122,7.664,3.877,-4.331,-4.961,6.581,7.601,-4.826,6.205
24.2800,6,0.959,-1.448,-0.240,-4.709,6.794,5.436,8.122,7.665,3.878,-4.330,-4.961,6.582,7.602,-4.826,6.206
24.2900,6,0.959,-1.447,-0.241,-4.708,6.794,5.436,8.122,7.665,3.878,-4.330,-4.961,6.584,7.602,-4.825,6.206
24.3000,6,0.958,-1.446,-0.241,-4.708,6.794,5.437,8.122,7.665,3.879,-4.330,-4.961,6.585,7.602,-4.825,6.207
24.3100,6,0.957,-1.445,-0.241,-4.708,6.795,5.438,8.122,7.665,3.879,-4.330,-4.960,6.587,7.603,-4.825,6.208
24.3200,6,0.957,-1.444,-0.242,-4.708,6.795,5.439,8.122,7.666,3.879,-4.330,-4.960,6.589,7.603,-4.824,6.208
24.3300,6,0.956,-1.442,-0.242,-4.707,6.795,5.439,8.122,7.666,3.880,-4.329,-4.960,6.590,7.603,-4.824,6.209
24.3400,6,0.956,-1.441,-0.243,-4.707,6.795,5.440,8.123,7.666,3.880,-4.329,-4.960,6.592,7.603,-4.824,6.210
24.3500,6,0.955,-1.440,-0.243,-4.707,6.795,5.441,8.123,7.666,3.881,-4.329,-4.960,6.593,7.604,-4.823,6.210
24.3600,6,0.955,-1.439,-0.244,-4.707,6.795,5.441,8.123,7.666,3.881,-4.329,-4.959,6.595,7.604,-4.823,6.211
24.3700,6,0.954,-1.437,-0.244,-4.706,6.796,5.442,8.123,7.667,3.881,-4.328,-4.959,6.596,7.604,-4.823,6.211
24.3800,6,0.954,-1.436,-0.244,-4.706,6.796,5.443,8.123,7.667,3.882,-4.328,-4.959,6.598,7.605,-4.823,6.212
24.3900,6,0.954,-1.435,-0.245,-4.706,6.796,5.444,8.124,7.667,3.882,-4.328,-4.959,6.599,7.605,-4.822,6.213
24.4000,6,0.953,-1.433,-0.245,-4.706,6.796,5.444,8.124,7.667,3.883,-4.328,-4.959,6.601,7.605,-4.822,6.213
24.4100,6,0.953,-1.432,-0.245,-4.705,6.796,5.445,8.124,7.667,3.883,-4.327,-4.959,6.602,7.605,-4.822,6.214
24.4200,6,0.953,-1.430,-0.246,-4.705,6.797,5.446,8.124,7.668,3.883,-4.327,-4.958,6.604,7.606,-4.822,6.214
24.4300,6,0.953,-1.428,-0.246,-4.705,6.797,5.446,8.124,7.668,3.884,-4.327,-4.958,6.605,7.606,-4.821,6.215
24.4400,6,0.953,-1.427,-0.246,-4.705,6.797,5.447,8.125,7.668,3.884,-4.327,-4.958,6.607,7.606,-4.821,6.216
24.4500,6,0.952,-1.425,-0.247,-4.704,6.797,5.448,8.125,7.668,3.885,-4.326,-4.958,6.608,7.607,-4.821,6.216
24.4600,6,0.952,-1.423,-0.247,-4.704,6.797,5.449,8.125,7.668,3.885,-4.326,-4.958,6.609,7.607,-4.821,6.217
24.4700,6,0.952,-1.422,-0.247,-4.704,6.797,5.449,8.125,7.668,3.885,-4.326,-4.958,6.611,7.607,-4.820,6.217
24.4800,6,0.952,-1.420,-0.247,-4.704,6.798,5.450,8.125,7.669,3.886,-4.326,-4.958,6.612,7.608,-4.820,6.218
24.4900,6,0.952,-1.418,-0.248,-4.703,6.798,5.451,8.126,7.669,3.886,-4.325,-4.957,6.614,7.608,-4.820,6.219
24.5000,6,0.952,-1.416,-0.248,-4.703,6.798,5.451,8.126,7.669,3.886,-4.325,-4.957,6.615,7.608,-4.820,6.219
24.5100,6,0.953,-1.414,-0.248,-4.703,6.798,5.452,8.126,7.669,3.887,-4.325,-4.957,6.617,7.608,-4.819,6.220
24.5200,6,0.953,-1.412,-0.248,-4.703,6.798,5.453,8.126,7.669,3.887,-4.325,-4.957,6.618,7.609,-4.819,6.220
24.5300,6,0.953,-1.410,-0.249,-4.702,6.798,5.453,8.127,7.669,3.888,-4.324,-4.957,6.619,7.609,-4.819,6.221
24.5400,6,0.953,-1.408,-0.249,-4.702,6.798,5.454,8.127,7.669,3.888,-4.324,-4.957,6.621,7.609,-4.819,6.221
24.5500,6,0.954,-1.406,-0.249,-4.702,6.799,5.455,8.127,7.670,3.888,-4.324,-4.957,6.622,7.610,-4.818,6.222
24.5600,6,0.954,-1.404,-0.249,-4.702,6.799,5.455,8.127,7.670,3.889,-4.323,-4.957,6.623,7.610,-4.818,6.223
24.5700,6,0.954,-1.402,-0.249,-4.701,6.799,5.456,8.128,7.670,3.889,-4.323,-4.957,6.625,7.610,-4.818,6.223
24.5800,6,0.955,-1.399,-0.249,-4.701,6.799,5.456,8.128,7.670,3.889,-4.323,-4.956,6.626,7.611,-4.818,6.224
24.5900,6,0.955,-1.397,-0.249,-4.701,6.799,5.457,8.128,7.670,3.890,-4.323,-4.956,6.627,7.611,-4.818,6.224
24.6000,6,0.956,-1.395,-0.250,-4.700,6.799,5.458,8.128,7.670,3.890,-4.322,-4.956,6.629,7.611,-4.817,6.225
24.6100,6,0.956,-1.392,-0.250,-4.700,6.799,5.458,8.129,7.670,3.890,-4.322,-4.956,6.630,7.612,-4.817,6.225
24.6200,6,0.957,-1.390,-0.250,-4.700,6.800,5.459,8.129,7.670,3.891,-4.322,-4.956,6.631,7.612,-4.817,6.226
24.6300,6,0.957,-1.388,-0.250,-4.700,6.800,5.460,8.129,7.670,3.891,-4.321,-4.956,6.632,7.612,-4.817,6.226
24.6400,6,0.958,-1.385,-0.250,-4.699,6.800,5.460,8.129,7.670,3.891,-4.321,-4.956,6.634,7.613,-4.816,6.227
24.6500,6,0.959,-1.383,-0.250,-4.699,6.800,5.461,8.130,7.670,3.892,-4.321,-4.956,6.635,7.613,-4.816,6.227
24.6600,6,0.959,-1.380,-0.250,-4.699,6.800,5.461,8.130,7.671,3.892,-4.321,-4.956,6.636,7.613,-4.816,6.228
24.6700,6,0.960,-1.377,-0.250,-4.698,6.800,5.462,8.130,7.671,3.892,-4.320,-4.956,6.637,7.614,-4.816,6.228
24.6800,6,0.961,-1.375,-0.250,-4.698,6.800,5.463,8.130,7.671,3.892,-4.320,-4.956,6.639,7.614,-4.816,6.229
24.6900,6,0.962,-1.372,-0.250,-4.698,6.800,5.463,8.131,7.671,3.893,-4.320,-4.955,6.640,7.614,-4.815,6.229
24.7000,6,0.963,-1.369,-0.250,-4.698,6.801,5.464,8.131,7.671,3.893,-4.319,-4.955,6.641,7.615,-4.815,6.230
24.7100,6,0.964,-1.367,-0.250,-4.697,6.801,5.464,8.131,7.671,3.893,-4.319,-4.955,6.642,7.615,-4.815,6.230
24.7200,6,0.965,-1.364,-0.250,-4.697,6.801,5.465,8.132,7.671,3.894,-4.319,-4.955,6.644,7.615,-4.815,6.231
24.7300,6,0.966,-1.361,-0.250,-4.697,6.801,5.466,8.132,7.671,3.894,-4.318,-4.955,6.645,7.616,-4.815,6.231
24.7400,6,0.967,-1.358,-0.250,-4.696,6.801,5.466,8.132,7.671,3.894,-4.318,-4.955,6.646,7.616,-4.815,6.232
24.7500,6,0.968,-1.355,-0.250,-4.696,6.801,5.467,8.132,7.671,3.894,-4.318,-4.955,6.647,7.616,-4.814,6.232
24.7600,6,0.969,-1.352,-0.250,-4.696,6.801,5.467,8.133,7.671,3.895,-4.317,-4.955,6.648,7.617,-4.814,6.233
24.7700,6,0.971,-1.349,-0.250,-4.696,6.801,5.468,8.133,7.671,3.895,-4.317,-4.955,6.649,7.617,-4.814,6.233
24.7800,6,0.972,-1.346,-0.249,-4.695,6.801,5.468,8.133,7.671,3.895,-4.317,-4.955,6.651,7.618,-4.814,6.234
24.7900,6,0.973,-1.343,-0.249,-4.695,6.802,5.469,8.134,7.671,3.896,-4.316,-4.955,6.652,7.618,-4.814,6.234
24.8000,6,0.975,-1.340,-0.249,-4.695,6.802,5.470,8.134,7.671,3.896,-4.316,-4.955,6.653,7.618,-4.814,6.235
24.8100,6,0.976,-1.337,-0.249,-4.694,6.802,5.470,8.134,7.671,3.896,-4.316,-4.955,6.654,7.619,-4.813,6.235
24.8200,6,0.978,-1.333,-0.249,-4.694,6.802,5.471,8.135,7.671,3.896,-4.315,-4.955,6.655,7.619,-4.813,6.236
24.8300,6,0.979,-1.330,-0.249,-4.694,6.802,5.471,8.135,7.671,3.897,-4.315,-4.955,6.656,7.619,-4.813,6.236
24.8400,6,0.981,-1.327,-0.249,-4.693,6.802,5.472,8.135,7.671,3.897,-4.315,-4.955,6.657,7.620,-4.813,6.236
24.8500,6,0.982,-1.323,-0.248,-4.693,6.802,5.472,8.136,7.671,3.897,-4.314,-4.955,6.658,7.620,-4.813,6.237
24.8600,6,0.984,-1.320,-0.248,-4.693,6.802,5.473,8.136,7.671,3.897,-4.314,-4.955,6.659,7.620,-4.813,6.237
24.8700,6,0.986,-1.317,-0.248,-4.692,6.802,5.473,8.136,7.671,3.897,-4.314,-4.955,6.660,7.621,-4.812,6.238
24.8800,6,0.987,-1.313,-0.248,-4.692,6.802,5.474,8.137,7.671,3.898,-4.313,-4.955,6.661,7.621,-4.812,6.238
24.8900,6,0.989,-1.310,-0.247,-4.692,6.802,5.474,8.137,7.671,3.898,-4.313,-4.955,6.663,7.622,-4.812,6.239
24.9000,6,0.991,-1.306,-0.247,-4.692,6.802,5.475,8.137,7.671,3.898,-4.313,-4.955,6.664,7.622,-4.812,6.239
24.9100,6,0.993,-1.303,-0.247,-4.691,6.803,5.475,8.138,7.671,3.898,-4.312,-4.955,6.665,7.622,-4.812,6.239
24.9200,6,0.995,-1.299,-0.247,-4.691,6.803,5.476,8.138,7.671,3.899,-4.312,-4.955,6.666,7.623,-4.812,6.240
24.9300,6,0.997,-1.295,-0.246,-4.691,6.803,5.476,8.138,7.671,3.899,-4.312,-4.955,6.667,7.623,-4.812,6.240
24.9400,6,0.999,-1.292,-0.246,-4.690,6.803,5.477,8.139,7.671,3.899,-4.311,-4.955,6.668,7.623,-4.811,6.241
24.9500,6,1.001,-1.288,-0.246,-4.690,6.803,5.477,8.139,7.671,3.899,-4.311,-4.955,6.669,7.624,-4.811,6.241
24.9600,6,1.003,-1.284,-0.245,-4.690,6.803,5.478,8.140,7.670,3.899,-4.311,-4.955,6.670,7.624,-4.811,6.241
24.9700,6,1.005,-1.280,-0.245,-4.689,6.803,5.478,8.140,7.670,3.900,-4.310,-4.955,6.671,7.625,-4.811,6.242
24.9800,6,1.007,-1.277,-0.245,-4.689,6.803,5.479,8.140,7.670,3.900,-4.310,-4.955,6.672,7.625,-4.811,6.242
24.9900,6,1.010,-1.273,-0.244,-4.689,6.803,5.479,8.141,7.670,3.900,-4.309,-4.955,6.672,7.625,-4.811,6.242
25.0000,6,1.012,-1.269,-0.244,-4.688,6.803,5.479,8.141,7.670,3.900,-4.309,-4.955,6.673,7.626,-4.811,6.243
25.0100,6,1.014,-1.265,-0.244,-4.688,6.803,5.480,8.141,7.670,3.900,-4.309,-4.955,6.674,7.626,-4.811,6.243
25.0200,6,1.016,-1.261,-0.243,-4.688,6.803,5.480,8.142,7.670,3.900,-4.308,-4.955,6.675,7.627,-4.810,6.243
25.0300,6,1.019,-1.257,-0.243,-4.687,6.803,5.481,8.142,7.670,3.901,-4.308,-4.955,6.676,7.627,-4.810,6.244
25.0400,6,1.021,-1.253,-0.242,-4.687,6.803,5.481,8.143,7.670,3.901,-4.308,-4.955,6.677,7.627,-4.810,6.244
25.0500,6,1.024,-1.249,-0.242,-4.687,6.803,5.482,8.143,7.670,3.901,-4.307,-4.955,6.678,7.628,-4.810,6.244
25.0600,6,1.026,-1.245,-0.241,-4.686,6.803,5.482,8.143,7.670,3.901,-4.307,-4.955,6.679,7.628,-4.810,6.245
25.0700,6,1.029,-1.240,-0.241,-4.686,6.803,5.482,8.144,7.670,3.901,-4.306,-4.955,6.680,7.629,-4.810,6.245
25.0800,6,1.032,-1.236,-0.240,-4.686,6.804,5.483,8.144,7.669,3.901,-4.306,-4.955,6.681,7.629,-4.810,6.245
25.0900,6,1.034,-1.232,-0.240,-4.685,6.804,5.483,8.145,7.669,3.902,-4.306,-4.955,6.682,7.629,-4.810,6.246
25.1000,6,1.037,-1.228,-0.239,-4.685,6.804,5.484,8.145,7.669,3.902,-4.305,-4.955,6.682,7.630,-4.810,6.246
25.1100,6,1.040,-1.223,-0.239,-4.685,6.804,5.484,8.145,7.669,3.902,-4.305,-4.955,6.683,7.630,-4.810,6.246
25.1200,6,1.043,-1.219,-0.238,-4.684,6.804,5.484,8.146,7.669,3.902,-4.304,-4.955,6.684,7.631,-4.809,6.247
25.1300,6,1.045,-1.215,-0.238,-4.684,6.804,5.485,8.146,7.669,3.902,-4.304,-4.955,6.685,7.631,-4.809,6.247
25.1400,6,1.048,-1.210,-0.237,-4.684,6.804,5.485,8.147,7.669,3.902,-4.304,-4.955,6.686,7.631,-4.809,6.247
25.1500,6,1.051,-1.206,-0.237,-4.683,6.804,5.485,8.147,7.669,3.902,-4.303,-4.955,6.687,7.632,-4.809,6.248
25.1600,6,1.054,-1.201,-0.236,-4.683,6.804,5.486,8.148,7.668,3.902,-4.303,-4.955,6.687,7.632,-4.809,6.248
25.1700,6,1.057,-1.197,-0.236,-4.682,6.804,5.486,8.148,7.668,3.902,-4.302,-4.956,6.688,7.633,-4.809,6.248
25.1800,6,1.060,-1.192,-0.235,-4.682,6.804,5.487,8.148,7.668,3.903,-4.302,-4.956,6.689,7.633,-4.809,6.248
25.1900,6,1.063,-1.188,-0.234,-4.682,6.804,5.487,8.149,7.668,3.903,-4.302,-4.956,6.690,7.634,-4.809,6.249
25.2000,6,1.066,-1.183,-0.234,-4.681,6.804,5.487,8.149,7.668,3.903,-4.301,-4.956,6.691,7.634,-4.809,6.249
25.2100,6,1.070,-1.178,-0.233,-4.681,6.804,5.488,8.150,7.668,3.903,-4.301,-4.956,6.691,7.634,-4.809,6.249
25.2200,6,1.073,-1.174,-0.233,-4.681,6.804,5.488,8.150,7.667,3.903,-4.300,-4.956,6.692,7.635,-4.809,6.249
25.2300,6,1.076,-1.169,-0.232,-4.680,6.804,5.488,8.151,7.667,3.903,-4.300,-4.956,6.693,7.635,-4.809,6.250
25.2400,6,1.079,-1.164,-0.231,-4.680,6.804,5.489,8.151,7.667,3.903,-4.300,-4.956,6.694,7.636,-4.809,6.250
25.2500,6,1.083,-1.159,-0.231,-4.680,6.804,5.489,8.152,7.667,3.903,-4.299,-4.956,6.694,7.636,-4.808,6.250
25.2600,6,1.086,-1.155,-0.230,-4.679,6.804,5.489,8.152,7.667,3.903,-4.299,-4.956,6.695,7.637,-4.808,6.250
25.2700,6,1.089,-1.150,-0.229,-4.679,6.804,5.489,8.152,7.667,3.903,-4.298,-4.956,6.696,7.637,-4.808,6.251
25.2800,6,1.093,-1.145,-0.229,-4.678,6.804,5.490,8.153,7.666,3.903,-4.298,-4.956,6.696,7.638,-4.808,6.251
25.2900,6,1.096,-1.140,-0.228,-4.678,6.804,5.490,8.153,7.666,3.903,-4.297,-4.957,6.697,7.638,-4.808,6.251
25.3000,6,1.100,-1.135,-0.227,-4.678,6.804,5.490,8.154,7.666,3.903,-4.297,-4.957,6.698,7.638,-4.808,6.251
25.3100,6,1.103,-1.130,-0.226,-4.677,6.804,5.491,8.154,7.666,3.904,-4.296,-4.957,6.698,7.639,-4.808,6.251
25.3200,6,1.107,-1.125,-0.226,-4.677,6.804,5.491,8.155,7.666,3.904,-4.296,-4.957,6.699,7.639,-4.808,6.252
25.3300,6,1.111,-1.120,-0.225,-4.677,6.804,5.491,8.155,7.665,3.904,-4.296,-4.957,6.700,7.640,-4.808,6.252
25.3400,6,1.114,-1.115,-0.224,-4.676,6.804,5.491,8.156,7.665,3.904,-4.295,-4.957,6.700,7.640,-4.808,6.252
25.3500,6,1.118,-1.110,-0.223,-4.676,6.804,5.492,8.156,7.665,3.904,-4.295,-4.957,6.701,7.641,-4.808,6.252
25.3600,6,1.122,-1.105,-0.223,-4.675,6.804,5.492,8.157,7.665,3.904,-4.294,-4.957,6.702,7.641,-4.808,6.252
25.3700,6,1.126,-1.099,-0.222,-4.675,6.804,5.492,8.157,7.665,3.904,-4.294,-4.957,6.702,7.642,-4.808,6.252
25.3800,6,1.129,-1.094,-0.221,-4.675,6.804,5.492,8.158,7.664,3.904,-4.293,-4.957,6.703,7.642,-4.808,6.253
25.3900,6,1.133,-1.089,-0.220,-4.674,6.804,5.493,8.158,7.664,3.904,-4.293,-4.958,6.704,7.642,-4.808,6.253
25.4000,6,1.137,-1.084,-0.219,-4.674,6.804,5.493,8.159,7.664,3.904,-4.292,-4.958,6.704,7.643,-4.808,6.253
25.4100,6,1.141,-1.078,-0.218,-4.674,6.804,5.493,8.159,7.664,3.904,-4.292,-4.958,6.705,7.643,-4.808,6.253
25.4200,6,1.145,-1.073,-0.218,-4.673,6.804,5.493,8.160,7.664,3.904,-4.292,-4.958,6.705,7.644,-4.808,6.253
25.4300,6,1.149,-1.068,-0.217,-4.673,6.804,5.493,8.160,7.663,3.904,-4.291,-4.958,6.706,7.644,-4.808,6.253
25.4400,6,1.153,-1.062,-0.216,-4.672,6.804,5.494,8.161,7.663,3.904,-4.291,-4.958,6.706,7.645,-4.808,6.253
25.4500,6,1.157,-1.057,-0.215,-4.672,6.804,5.494,8.161,7.663,3.904,-4.290,-4.958,6.707,7.645,-4.807,6.254
25.4600,6,1.161,-1.052,-0.214,-4.672,6.804,5.494,8.162,7.663,3.904,-4.290,-4.958,6.708,7.646,-4.807,6.254
25.4700,6,1.165,-1.046,-0.213,-4.671,6.804,5.494,8.162,7.662,3.904,-4.289,-4.959,6.708,7.646,-4.807,6.254
25.4800,6,1.169,-1.041,-0.212,-4.671,6.804,5.494,8.163,7.662,3.904,-4.289,-4.959,6.709,7.647,-4.807,6.254
25.4900,6,1.173,-1.035,-0.211,-4.670,6.804,5.495,8.163,7.662,3.904,-4.288,-4.959,6.709,7.647,-4.807,6.254
25.5000,6,1.178,-1.029,-0.210,-4.670,6.804,5.495,8.164,7.662,3.904,-4.288,-4.959,6.710,7.648,-4.807,6.254
25.5100,6,1.182,-1.024,-0.209,-4.670,6.804,5.495,8.165,7.661,3.904,-4.287,-4.959,6.710,7.648,-4.807,6.254
25.5200,6,1.186,-1.018,-0.208,-4.669,6.804,5.495,8.165,7.661,3.904,-4.287,-4.959,6.711,7.649,-4.807,6.254
25.5300,6,1.190,-1.013,-0.207,-4.669,6.804,5.495,8.166,7.661,3.903,-4.286,-4.959,6.711,7.649,-4.807,6.254
25.5400,6,1.195,-1.007,-0.206,-4.668,6.804,5.495,8.166,7.661,3.903,-4.286,-4.960,6.712,7.650,-4.807,6.254
25.5500,6,1.199,-1.001,-0.205,-4.668,6.804,5.495,8.167,7.660,3.903,-4.285,-4.960,6.712,7.650,-4.807,6.255
25.5600,6,1.203,-0.996,-0.204,-4.668,6.804,5.496,8.167,7.660,3.903,-4.285,-4.960,6.713,7.651,-4.807,6.255
25.5700,6,1.208,-0.990,-0.203,-4.667,6.804,5.496,8.168,7.660,3.903,-4.284,-4.960,6.713,7.651,-4.807,6.255
25.5800,6,1.212,-0.984,-0.202,-4.667,6.804,5.496,8.168,7.659,3.903,-4.284,-4.960,6.713,7.652,-4.807,6.255
25.5900,6,1.216,-0.978,-0.201,-4.666,6.804,5.496,8.169,7.659,3.903,-4.283,-4.960,6.714,7.652,-4.807,6.255
25.6000,6,1.221,-0.972,-0.200,-4.666,6.804,5.496,8.170,7.659,3.903,-4.283,-4.960,6.714,7.653,-4.807,6.255
25.6100,6,1.225,-0.967,-0.199,-4.665,6.804,5.496,8.170,7.659,3.903,-4.282,-4.961,6.715,7.653,-4.807,6.255
25.6200,6,1.230,-0.961,-0.198,-4.665,6.804,5.496,8.171,7.658,3.903,-4.282,-4.961,6.715,7.654,-4.807,6.255
25.6300,6,1.234,-0.955,-0.197,-4.665,6.804,5.496,8.171,7.658,3.903,-4.281,-4.961,6.716,7.654,-4.807,6.255
25.6400,6,1.239,-0.949,-0.196,-4.664,6.804,5.496,8.172,7.658,3.903,-4.281,-4.961,6.716,7.655,-4.807,6.255
25.6500,6,1.244,-0.943,-0.195,-4.664,6.804,5.497,8.173,7.657,3.903,-4.280,-4.961,6.716,7.655,-4.807,6.255
25.6600,6,1.248,-0.937,-0.194,-4.663,6.804,5.497,8.173,7.657,3.903,-4.280,-4.961,6.717,7.656,-4.807,6.255
25.6700,6,1.253,-0.931,-0.193,-4.663,6.803,5.497,8.174,7.657,3.902,-4.279,-4.962,6.717,7.656,-4.807,6.255
25.6800,6,1.257,-0.925,-0.192,-4.662,6.803,5.497,8.174,7.656,3.902,-4.279,-4.962,6.717,7.657,-4.807,6.255
25.6900,6,1.262,-0.919,-0.191,-4.662,6.803,5.497,8.175,7.656,3.902,-4.278,-4.962,6.718,7.657,-4.807,6.255
25.7000,6,1.267,-0.913,-0.189,-4.662,6.803,5.497,8.176,7.656,3.902,-4.278,-4.962,6.718,7.658,-4.807,6.255
25.7100,6,1.271,-0.907,-0.188,-4.661,6.803,5.497,8.176,7.656,3.902,-4.277,-4.962,6.718,7.658,-4.807,6.255
25.7200,6,1.276,-0.901,-0.187,-4.661,6.803,5.497,8.177,7.655,3.902,-4.277,-4.963,6.719,7.659,-4.807,6.255
25.7300,6,1.281,-0.895,-0.186,-4.660,6.803,5.497,8.177,7.655,3.902,-4.276,-4.963,6.719,7.659,-4.807,6.255
25.7400,6,1.285,-0.888,-0.185,-4.660,6.803,5.497,8.178,7.655,3.902,-4.276,-4.963,6.719,7.660,-4.807,6.255
25.7500,6,1.290,-0.882,-0.184,-4.659,6.803,5.497,8.179,7.654,3.901,-4.275,-4.963,6.720,7.660,-4.807,6.255
25.7600,6,1.295,-0.876,-0.182,-4.659,6.803,5.497,8.179,7.654,3.901,-4.274,-4.963,6.720,7.661,-4.807,6.255
25.7700,6,1.300,-0.870,-0.181,-4.659,6.803,5.497,8.180,7.654,3.901,-4.274,-4.963,6.720,7.661,-4.807,6.255
25.7800,6,1.305,-0.864,-0.180,-4.658,6.803,5.497,8.181,7.653,3.901,-4.273,-4.964,6.721,7.662,-4.807,6.255
25.7900,6,1.309,-0.857,-0.179,-4.658,6.803,5.497,8.181,7.653,3.901,-4.273,-4.964,6.721,7.663,-4.807,6.255
25.8000,6,1.314,-0.851,-0.178,-4.657,6.803,5.497,8.182,7.653,3.901,-4.272,-4.964,6.721,7.663,-4.807,6.254
25.8100,6,1.319,-0.845,-0.176,-4.657,6.803,5.497,8.182,7.652,3.900,-4.272,-4.964,6.721,7.664,-4.807,6.254
25.8200,6,1.324,-0.838,-0.175,-4.656,6.803,5.497,8.183,7.652,3.900,-4.271,-4.964,6.722,7.664,-4.808,6.254
25.8300,6,1.329,-0.832,-0.174,-4.656,6.803,5.497,8.184,7.652,3.900,-4.271,-4.965,6.722,7.665,-4.808,6.254
25.8400,6,1.334,-0.826,-0.173,-4.655,6.803,5.497,8.184,7.651,3.900,-4.270,-4.965,6.722,7.665,-4.808,6.254
25.8500,6,1.338,-0.819,-0.171,-4.655,6.803,5.497,8.185,7.651,3.900,-4.269,-4.965,6.722,7.666,-4.808,6.254
25.8600,6,1.343,-0.813,-0.170,-4.654,6.803,5.497,8.186,7.651,3.900,-4.269,-4.965,6.723,7.666,-4.808,6.254
25.8700,6,1.348,-0.807,-0.169,-4.654,6.802,5.497,8.186,7.650,3.899,-4.268,-4.965,6.723,7.667,-4.808,6.254
25.8800,6,1.353,-0.800,-0.167,-4.654,6.802,5.497,8.187,7.650,3.899,-4.268,-4.966,6.723,7.667,-4.808,6.254
25.8900,6,1.358,-0.794,-0.166,-4.653,6.802,5.497,8.188,7.650,3.899,-4.267,-4.966,6.723,7.668,-4.808,6.254
25.9000,6,1.363,-0.787,-0.165,-4.653,6.802,5.496,8.189,7.649,3.899,-4.267,-4.966,6.723,7.669,-4.808,6.253
25.9100,6,1.368,-0.781,-0.163,-4.652,6.802,5.496,8.189,7.649,3.899,-4.266,-4.966,6.723,7.669,-4.808,6.253
25.9200,6,1.373,-0.774,-0.162,-4.652,6.802,5.496,8.190,7.648,3.898,-4.265,-4.967,6.724,7.670,-4.808,6.253
25.9300,6,1.378,-0.768,-0.161,-4.651,6.802,5.496,8.191,7.648,3.898,-4.265,-4.967,6.724,7.670,-4.808,6.253
25.9400,6,1.383,-0.761,-0.159,-4.651,6.802,5.496,8.191,7.648,3.898,-4.264,-4.967,6.724,7.671,-4.808,6.253
25.9500,6,1.387,-0.755,-0.158,-4.650,6.802,5.496,8.192,7.647,3.898,-4.264,-4.967,6.724,7.671,-4.808,6.253
25.9600,6,1.392,-0.748,-0.157,-4.650,6.802,5.496,8.193,7.647,3.898,-4.263,-4.967,6.724,7.672,-4.808,6.253
25.9700,6,1.397,-0.741,-0.155,-4.649,6.802,5.496,8.193,7.647,3.897,-4.262,-4.968,6.724,7.673,-4.808,6.252
25.9800,6,1.402,-0.735,-0.154,-4.649,6.802,5.496,8.194,7.646,3.897,-4.262,-4.968,6.724,7.673,-4.808,6.252
25.9900,6,1.407,-0.728,-0.153,-4.648,6.802,5.496,8.195,7.646,3.897,-4.261,-4.968,6.725,7.674,-4.808,6.252
26.0000,6,1.412,-0.722,-0.151,-4.648,6.802,5.495,8.196,7.645,3.897,-4.261,-4.968,6.725,7.674,-4.808,6.252
26.0100,6,1.417,-0.715,-0.150,-4.647,6.801,5.495,8.196,7.645,3.896,-4.260,-4.968,6.725,7.675,-4.808,6.252
26.0200,6,1.422,-0.708,-0.148,-4.647,6.801,5.495,8.197,7.645,3.896,-4.259,-4.969,6.725,7.675,-4.808,6.252
26.0300,6,1.427,-0.702,-0.147,-4.646,6.801,5.495,8.198,7.644,3.896,-4.259,-4.969,6.725,7.676,-4.808,6.251
26.0400,6,1.432,-0.695,-0.146,-4.646,6.801,5.495,8.198,7.644,3.896,-4.258,-4.969,6.725,7.677,-4.808,6.251
26.0500,6,1.437,-0.688,-0.144,-4.645,6.801,5.495,8.199,7.644,3.895,-4.258,-4.969,6.725,7.677,-4.808,6.251
26.0600,6,1.442,-0.681,-0.143,-4.645,6.801,5.494,8.200,7.643,3.895,-4.257,-4.970,6.725,7.678,-4.809,6.251
26.0700,6,1.447,-0.675,-0.141,-4.644,6.801,5.494,8.201,7.643,3.895,-4.256,-4.970,6.725,7.678,-4.809,6.251
26.0800,6,1.451,-0.668,-0.140,-4.644,6.801,5.494,8.201,7.642,3.895,-4.256,-4.970,6.725,7.679,-4.809,6.250
26.0900,6,1.456,-0.661,-0.138,-4.643,6.801,5.494,8.202,7.642,3.894,-4.255,-4.970,6.725,7.680,-4.809,6.250
26.1000,6,1.461,-0.654,-0.137,-4.643,6.801,5.494,8.203,7.642,3.894,-4.254,-4.971,6.725,7.680,-4.809,6.250
26.1100,6,1.466,-0.648,-0.135,-4.642,6.801,5.494,8.204,7.641,3.894,-4.254,-4.971,6.725,7.681,-4.809,6.250
26.1200,6,1.471,-0.641,-0.134,-4.642,6.801,5.493,8.205,7.641,3.893,-4.253,-4.971,6.725,7.681,-4.809,6.249
26.1300,6,1.476,-0.634,-0.132,-4.641,6.800,5.493,8.205,7.640,3.893,-4.253,-4.971,6.725,7.682,-4.809,6.249
26.1400,6,1.481,-0.627,-0.131,-4.641,6.800,5.493,8.206,7.640,3.893,-4.252,-4.972,6.725,7.683,-4.809,6.249
26.1500,6,1.486,-0.620,-0.130,-4.640,6.800,5.493,8.207,7.640,3.893,-4.251,-4.972,6.725,7.683,-4.809,6.249
26.1600,6,1.490,-0.614,-0.128,-4.640,6.800,5.492,8.208,7.639,3.892,-4.251,-4.972,6.725,7.684,-4.809,6.248
26.1700,6,1.495,-0.607,-0.127,-4.639,6.800,5.492,8.208,7.639,3.892,-4.250,-4.972,6.725,7.685,-4.809,6.248
26.1800,6,1.500,-0.600,-0.125,-4.639,6.800,5.492,8.209,7.638,3.892,-4.249,-4.973,6.725,7.685,-4.809,6.248
26.1900,6,1.505,-0.593,-0.123,-4.638,6.800,5.492,8.210,7.638,3.891,-4.249,-4.973,6.725,7.686,-4.809,6.248
26.2000,6,1.510,-0.586,-0.122,-4.638,6.800,5.492,8.211,7.637,3.891,-4.248,-4.973,6.725,7.686,-4.809,6.247
26.2100,6,1.514,-0.579,-0.120,-4.637,6.800,5.491,8.212,7.637,3.891,-4.247,-4.973,6.725,7.687,-4.810,6.247
26.2200,6,1.519,-0.572,-0.119,-4.637,6.800,5.491,8.212,7.637,3.890,-4.247,-4.974,6.725,7.688,-4.810,6.247
26.2300,6,1.524,-0.566,-0.117,-4.636,6.800,5.491,8.213,7.636,3.890,-4.246,-4.974,6.725,7.688,-4.810,6.246
26.2400,6,1.529,-0.559,-0.116,-4.636,6.799,5.490,8.214,7.636,3.890,-4.245,-4.974,6.725,7.689,-4.810,6.246
26.2500,6,1.533,-0.552,-0.114,-4.635,6.799,5.490,8.215,7.635,3.889,-4.245,-4.974,6.725,7.690,-4.810,6.246
26.2600,6,1.538,-0.545,-0.113,-4.635,6.799,5.490,8.216,7.635,3.889,-4.244,-4.975,6.725,7.690,-4.810,6.245
26.2700,6,1.543,-0.538,-0.111,-4.634,6.799,5.490,8.217,7.635,3.889,-4.243,-4.975,6.725,7.691,-4.810,6.245
26.2800,6,1.547,-0.531,-0.110,-4.634,6.799,5.489,8.217,7.634,3.888,-4.243,-4.975,6.725,7.692,-4.810,6.245
26.2900,6,1.552,-0.524,-0.108,-4.633,6.799,5.489,8.218,7.634,3.888,-4.242,-4.975,6.724,7.692,-4.810,6.244
26.3000,6,1.556,-0.517,-0.106,-4.633,6.799,5.489,8.219,7.633,3.888,-4.241,-4.976,6.724,7.693,-4.810,6.244
26.3100,6,1.561,-0.510,-0.105,-4.632,6.799,5.488,8.220,7.633,3.887,-4.241,-4.976,6.724,7.693,-4.810,6.244
26.3200,6,1.566,-0.503,-0.103,-4.631,6.799,5.488,8.221,7.632,3.887,-4.240,-4.976,6.724,7.694,-4.810,6.243
26.3300,6,1.570,-0.496,-0.102,-4.631,6.799,5.488,8.222,7.632,3.887,-4.239,-4.976,6.724,7.695,-4.810,6.243
26.3400,6,1.575,-0.489,-0.100,-4.630,6.798,5.487,8.223,7.631,3.886,-4.238,-4.977,6.724,7.695,-4.811,6.243
26.3500,6,1.579,-0.482,-0.098,-4.630,6.798,5.487,8.223,7.631,3.886,-4.238,-4.977,6.724,7.696,-4.811,6.242
26.3600,6,1.584,-0.475,-0.097,-4.629,6.798,5.487,8.224,7.631,3.886,-4.237,-4.977,6.723,7.697,-4.811,6.242
26.3700,6,1.588,-0.468,-0.095,-4.629,6.798,5.486,8.225,7.630,3.885,-4.236,-4.977,6.723,7.697,-4.811,6.242
26.3800,6,1.592,-0.461,-0.094,-4.628,6.798,5.486,8.226,7.630,3.885,-4.236,-4.978,6.723,7.698,-4.811,6.241
26.3900,6,1.597,-0.454,-0.092,-4.628,6.798,5.486,8.227,7.629,3.884,-4.235,-4.978,6.723,7.699,-4.811,6.241
26.4000,6,1.601,-0.447,-0.090,-4.627,6.798,5.485,8.228,7.629,3.884,-4.234,-4.978,6.723,7.700,-4.811,6.241
26.4100,6,1.605,-0.440,-0.089,-4.626,6.798,5.485,8.229,7.628,3.884,-4.233,-4.979,6.723,7.700,-4.811,6.240
26.4200,6,1.610,-0.433,-0.087,-4.626,6.798,5.485,8.230,7.628,3.883,-4.233,-4.979,6.722,7.701,-4.811,6.240
26.4300,6,1.614,-0.426,-0.085,-4.625,6.798,5.484,8.231,7.627,3.883,-4.232,-4.979,6.722,7.702,-4.811,6.239
26.4400,6,1.618,-0.419,-0.084,-4.625,6.797,5.484,8.232,7.627,3.883,-4.231,-4.979,6.722,7.702,-4.811,6.239
26.4500,6,1.622,-0.412,-0.082,-4.624,6.797,5.483,8.232,7.627,3.882,-4.231,-4.980,6.722,7.703,-4.811,6.239
26.4600,6,1.627,-0.405,-0.080,-4.624,6.797,5.483,8.233,7.626,3.882,-4.230,-4.980,6.721,7.704,-4.812,6.238
26.4700,6,1.631,-0.398,-0.079,-4.623,6.797,5.483,8.234,7.626,3.881,-4.229,-4.980,6.721,7.704,-4.812,6.238
26.4800,6,1.635,-0.391,-0.077,-4.622,6.797,5.482,8.235,7.625,3.881,-4.228,-4.980,6.721,7.705,-4.812,6.237
26.4900,6,1.639,-0.384,-0.075,-4.622,6.797,5.482,8.236,7.625,3.881,-4.228,-4.981,6.721,7.706,-4.812,6.237
26.5000,6,1.643,-0.377,-0.074,-4.621,6.797,5.481,8.237,7.624,3.880,-4.227,-4.981,6.720,7.706,-4.812,6.236
26.5100,6,1.647,-0.370,-0.072,-4.621,6.797,5.481,8.238,7.624,3.880,-4.226,-4.981,6.720,7.707,-4.812,6.236
26.5200,6,1.651,-0.363,-0.070,-4.620,6.797,5.481,8.239,7.623,3.879,-4.225,-4.982,6.720,7.708,-4.812,6.236
26.5300,6,1.655,-0.356,-0.069,-4.619,6.796,5.480,8.240,7.623,3.879,-4.224,-4.982,6.720,7.709,-4.812,6.235
26.5400,6,1.659,-0.349,-0.067,-4.619,6.796,5.480,8.241,7.622,3.878,-4.224,-4.982,6.719,7.709,-4.812,6.235
26.5500,6,1.663,-0.342,-0.065,-4.618,6.796,5.479,8.242,7.622,3.878,-4.223,-4.982,6.719,7.710,-4.812,6.234
26.5600,6,1.666,-0.335,-0.064,-4.618,6.796,5.479,8.243,7.622,3.878,-4.222,-4.983,6.719,7.711,-4.813,6.234
26.5700,6,1.670,-0.328,-0.062,-4.617,6.796,5.478,8.244,7.621,3.877,-4.221,-4.983,6.718,7.711,-4.813,6.233
26.5800,6,1.674,-0.321,-0.060,-4.617,6.796,5.478,8.245,7.621,3.877,-4.221,-4.983,6.718,7.712,-4.813,6.233
26.5900,6,1.678,-0.314,-0.059,-4.616,6.796,5.477,8.246,7.620,3.876,-4.220,-4.984,6.718,7.713,-4.813,6.232
26.6000,6,1.681,-0.307,-0.057,-4.615,6.796,5.477,8.247,7.620,3.876,-4.219,-4.984,6.718,7.714,-4.813,6.232
26.6100,6,1.685,-0.300,-0.055,-4.615,6.795,5.476,8.248,7.619,3.875,-4.218,-4.984,6.717,7.714,-4.813,6.231
26.6200,6,1.688,-0.293,-0.053,-4.614,6.795,5.476,8.249,7.619,3.875,-4.217,-4.984,6.717,7.715,-4.813,6.231
26.6300,6,1.692,-0.286,-0.052,-4.613,6.795,5.475,8.250,7.618,3.874,-4.217,-4.985,6.717,7.716,-4.813,6.230
26.6400,6,1.696,-0.279,-0.050,-4.613,6.795,5.475,8.251,7.618,3.874,-4.216,-4.985,6.716,7.717,-4.813,6.230
26.6500,6,1.699,-0.272,-0.048,-4.612,6.795,5.474,8.252,7.617,3.874,-4.215,-4.985,6.716,7.717,-4.813,6.229
26.6600,6,1.702,-0.265,-0.047,-4.612,6.795,5.474,8.253,7.617,3.873,-4.214,-4.986,6.715,7.718,-4.814,6.229
26.6700,6,1.706,-0.258,-0.045,-4.611,6.795,5.473,8.254,7.616,3.873,-4.213,-4.986,6.715,7.719,-4.814,6.228
26.6800,6,1.709,-0.251,-0.043,-4.610,6.795,5.473,8.255,7.616,3.872,-4.213,-4.986,6.715,7.720,-4.814,6.228
26.6900,6,1.712,-0.244,-0.041,-4.610,6.795,5.472,8.256,7.615,3.872,-4.212,-4.986,6.714,7.720,-4.814,6.227
26.7000,6,1.716,-0.237,-0.040,-4.609,6.794,5.472,8.257,7.615,3.871,-4.211,-4.987,6.714,7.721,-4.814,6.227
26.7100,6,1.719,-0.230,-0.038,-4.609,6.794,5.471,8.258,7.615,3.871,-4.210,-4.987,6.714,7.722,-4.814,6.226
26.7200,6,1.722,-0.223,-0.036,-4.608,6.794,5.471,8.259,7.614,3.870,-4.209,-4.987,6.713,7.723,-4.814,6.226
26.7300,6,1.725,-0.216,-0.035,-4.607,6.794,5.470,8.260,7.614,3.870,-4.208,-4.988,6.713,7.723,-4.814,6.225
26.7400,6,1.728,-0.209,-0.033,-4.607,6.794,5.470,8.261,7.613,3.869,-4.208,-4.988,6.712,7.724,-4.814,6.225
26.7500,6,1.731,-0.202,-0.031,-4.606,6.794,5.469,8.262,7.613,3.869,-4.207,-4.988,6.712,7.725,-4.814,6.224
26.7600,6,1.734,-0.195,-0.029,-4.605,6.794,5.469,8.263,7.612,3.868,-4.206,-4.988,6.712,7.726,-4.815,6.224
26.7700,6,1.737,-0.188,-0.028,-4.605,6.794,5.468,8.264,7.612,3.868,-4.205,-4.989,6.711,7.727,-4.815,6.223
26.7800,6,1.740,-0.181,-0.026,-4.604,6.793,5.468,8.266,7.611,3.867,-4.204,-4.989,6.711,7.727,-4.815,6.223
26.7900,6,1.742,-0.175,-0.024,-4.603,6.793,5.467,8.267,7.611,3.867,-4.203,-4.989,6.710,7.728,-4.815,6.222
26.8000,6,1.745,-0.168,-0.022,-4.603,6.793,5.466,8.268,7.610,3.866,-4.203,-4.990,6.710,7.729,-4.815,6.222
26.8100,6,1.748,-0.161,-0.021,-4.602,6.793,5.466,8.269,7.610,3.866,-4.202,-4.990,6.709,7.730,-4.815,6.221
26.8200,6,1.750,-0.154,-0.019,-4.601,6.793,5.465,8.270,7.609,3.865,-4.201,-4.990,6.709,7.730,-4.815,6.220
26.8300,6,1.753,-0.147,-0.017,-4.601,6.793,5.465,8.271,7.609,3.865,-4.200,-4.991,6.709,7.731,-4.815,6.220
26.8400,6,1.755,-0.140,-0.015,-4.600,6.793,5.464,8.272,7.608,3.864,-4.199,-4.991,6.708,7.732,-4.815,6.219
26.8500,6,1.758,-0.133,-0.014,-4.599,6.793,5.464,8.273,7.608,3.864,-4.198,-4.991,6.708,7.733,-4.816,6.219
26.8600,6,1.760,-0.126,-0.012,-4.599,6.792,5.463,8.274,7.607,3.863,-4.197,-4.991,6.707,7.734,-4.816,6.218
26.8700,6,1.763,-0.119,-0.010,-4.598,6.792,5.462,8.276,7.607,3.863,-4.196,-4.992,6.707,7.735,-4.816,6.218
26.8800,6,1.765,-0.113,-0.008,-4.597,6.792,5.462,8.277,7.606,3.862,-4.196,-4.992,6.706,7.735,-4.816,6.217
26.8900,6,1.767,-0.106,-0.007,-4.597,6.792,5.461,8.278,7.606,3.862,-4.195,-4.992,6.706,7.736,-4.816,6.216
26.9000,6,1.769,-0.099,-0.005,-4.596,6.792,5.461,8.279,7.605,3.861,-4.194,-4.993,6.705,7.737,-4.816,6.216
26.9100,6,1.771,-0.092,-0.003,-4.595,6.792,5.460,8.280,7.605,3.861,-4.193,-4.993,6.705,7.738,-4.816,6.215
26.9200,6,1.774,-0.085,-0.001,-4.595,6.792,5.459,8.281,7.605,3.860,-4.192,-4.993,6.704,7.739,-4.816,6.215
26.9300,6,1.776,-0.079,0.000,-4.594,6.792,5.459,8.282,7.604,3.860,-4.191,-4.994,6.704,7.739,-4.816,6.214
26.9400,6,1.777,-0.072,0.002,-4.593,6.791,5.458,8.284,7.604,3.859,-4.190,-4.994,6.703,7.740,-4.817,6.213
26.9500,6,1.779,-0.065,0.004,-4.593,6.791,5.457,8.285,7.603,3.859,-4.189,-4.994,6.703,7.741,-4.817,6.213
26.9600,6,1.781,-0.058,0.006,-4.592,6.791,5.457,8.286,7.603,3.858,-4.188,-4.994,6.702,7.742,-4.817,6.212
26.9700,6,1.783,-0.052,0.007,-4.591,6.791,5.456,8.287,7.602,3.858,-4.187,-4.995,6.702,7.743,-4.817,6.212
26.9800,6,1.785,-0.045,0.009,-4.591,6.791,5.456,8.288,7.602,3.857,-4.186,-4.995,6.701,7.744,-4.817,6.211
26.9900,6,1.786,-0.038,0.011,-4.590,6.791,5.455,8.290,7.601,3.857,-4.186,-4.995,6.701,7.744,-4.817,6.210
27.0000,6,1.788,-0.031,0.013,-4.589,6.791,5.454,8.291,7.601,3.856,-4.185,-4.996,6.700,7.745,-4.817,6.210
27.0100,6,1.789,-0.025,0.014,-4.588,6.791,5.454,8.292,7.600,3.856,-4.184,-4.996,6.699,7.746,-4.817,6.209
27.0200,6,1.791,-0.018,0.016,-4.588,6.790,5.453,8.293,7.600,3.855,-4.183,-4.996,6.699,7.747,-4.817,6.208
27.0300,6,1.792,-0.011,0.018,-4.587,6.790,5.452,8.294,7.599,3.854,-4.182,-4.996,6.698,7.748,-4.818,6.208
27.0400,6,1.794,-0.005,0.020,-4.586,6.790,5.452,8.296,7.599,3.854,-4.181,-4.997,6.698,7.749,-4.818,6.207
27.0500,6,1.795,0.002,0.021,-4.586,6.790,5.451,8.297,7.598,3.853,-4.180,-4.997,6.697,7.750,-4.818,6.206
27.0600,6,1.796,0.009,0.023,-4.585,6.790,5.450,8.298,7.598,3.853,-4.179,-4.997,6.697,7.751,-4.818,6.206
27.0700,6,1.797,0.015,0.025,-4.584,6.790,5.450,8.299,7.597,3.852,-4.178,-4.998,6.696,7.751,-4.818,6.205
27.0800,6,1.798,0.022,0.027,-4.583,6.790,5.449,8.301,7.597,3.852,-4.177,-4.998,6.695,7.752,-4.818,6.204
27.0900,6,1.799,0.028,0.028,-4.583,6.790,5.448,8.302,7.596,3.851,-4.176,-4.998,6.695,7.753,-4.818,6.204
27.1000,6,1.800,0.035,0.030,-4.582,6.789,5.448,8.303,7.596,3.851,-4.175,-4.999,6.694,7.754,-4.818,6.203
27.1100,6,1.801,0.042,0.032,-4.581,6.789,5.447,8.304,7.595,3.850,-4.174,-4.999,6.694,7.755,-4.818,6.202
27.1200,6,1.802,0.048,0.034,-4.581,6.789,5.446,8.306,7.595,3.850,-4.173,-4.999,6.693,7.756,-4.819,6.202
27.1300,6,1.803,0.055,0.035,-4.580,6.789,5.445,8.307,7.594,3.849,-4.172,-4.999,6.692,7.757,-4.819,6.201
27.1400,6,1.804,0.061,0.037,-4.579,6.789,5.445,8.308,7.594,3.848,-4.171,-5.000,6.692,7.758,-4.819,6.200
27.1500,6,1.804,0.068,0.039,-4.578,6.789,5.444,8.309,7.593,3.848,-4.170,-5.000,6.691,7.758,-4.819,6.200
27.1600,6,1.805,0.074,0.040,-4.578,6.789,5.443,8.311,7.593,3.847,-4.169,-5.000,6.691,7.759,-4.819,6.199
27.1700,6,1.805,0.081,0.042,-4.577,6.789,5.443,8.312,7.593,3.847,-4.168,-5.001,6.690,7.760,-4.819,6.198
27.1800,6,1.806,0.087,0.044,-4.576,6.788,5.442,8.313,7.592,3.846,-4.167,-5.001,6.689,7.761,-4.819,6.198
27.1900,6,1.806,0.094,0.046,-4.575,6.788,5.441,8.315,7.592,3.846,-4.166,-5.001,6.689,7.762,-4.819,6.197
27.2000,6,1.807,0.100,0.047,-4.575,6.788,5.440,8.316,7.591,3.845,-4.165,-5.002,6.688,7.763,-4.819,6.196
27.2100,6,1.807,0.106,0.049,-4.574,6.788,5.440,8.317,7.591,3.844,-4.164,-5.002,6.688,7.764,-4.820,6.196
27.2200,6,1.807,0.113,0.051,-4.573,6.788,5.439,8.319,7.590,3.844,-4.163,-5.002,6.687,7.765,-4.820,6.195
27.2300,6,1.807,0.119,0.052,-4.572,6.788,5.438,8.320,7.590,3.843,-4.162,-5.002,6.686,7.766,-4.820,6.194
27.2400,6,1.807,0.125,0.054,-4.572,6.788,5.438,8.321,7.589,3.843,-4.161,-5.003,6.686,7.767,-4.820,6.194
27.2500,6,1.807,0.132,0.056,-4.571,6.788,5.437,8.323,7.589,3.842,-4.160,-5.003,6.685,7.768,-4.820,6.193
27.2600,6,1.807,0.138,0.058,-4.570,6.788,5.436,8.324,7.588,3.842,-4.159,-5.003,6.684,7.769,-4.820,6.192
27.2700,6,1.807,0.144,0.059,-4.569,6.787,5.435,8.325,7.588,3.841,-4.158,-5.004,6.684,7.769,-4.820,6.192
27.2800,6,1.807,0.151,0.061,-4.569,6.787,5.435,8.327,7.587,3.840,-4.157,-5.004,6.683,7.770,-4.820,6.191
27.2900,6,1.806,0.157,0.063,-4.568,6.787,5.434,8.328,7.587,3.840,-4.156,-5.004,6.682,7.771,-4.820,6.190
27.3000,6,1.806,0.163,0.064,-4.567,6.787,5.433,8.329,7.586,3.839,-4.155,-5.004,6.682,7.772,-4.821,6.189
27.3100,6,1.805,0.169,0.066,-4.566,6.787,5.432,8.331,7.586,3.839,-4.154,-5.005,6.681,7.773,-4.821,6.189
27.3200,6,1.805,0.176,0.068,-4.565,6.787,5.432,8.332,7.585,3.838,-4.153,-5.005,6.680,7.774,-4.821,6.188
27.3300,6,1.804,0.182,0.069,-4.565,6.787,5.431,8.334,7.585,3.838,-4.152,-5.005,6.680,7.775,-4.821,6.187
27.3400,6,1.804,0.188,0.071,-4.564,6.787,5.430,8.335,7.585,3.837,-4.151,-5.006,6.679,7.776,-4.821,6.187
27.3500,6,1.803,0.194,0.073,-4.563,6.786,5.429,8.336,7.584,3.836,-4.150,-5.006,6.678,7.777,-4.821,6.186
27.3600,6,1.802,0.200,0.074,-4.562,6.786,5.429,8.338,7.584,3.836,-4.148,-5.006,6.678,7.778,-4.821,6.185
27.3700,6,1.801,0.206,0.076,-4.561,6.786,5.428,8.339,7.583,3.835,-4.147,-5.006,6.677,7.779,-4.821,6.184
27.3800,6,1.800,0.212,0.078,-4.561,6.786,5.427,8.341,7.583,3.835,-4.146,-5.007,6.676,7.780,-4.821,6.184
27.3900,6,1.799,0.218,0.079,-4.560,6.786,5.426,8.342,7.582,3.834,-4.145,-5.007,6.675,7.781,-4.821,6.183
27.4000,6,1.798,0.224,0.081,-4.559,6.786,5.425,8.343,7.582,3.833,-4.144,-5.007,6.675,7.782,-4.822,6.182
27.4100,6,1.797,0.230,0.083,-4.558,6.786,5.425,8.345,7.581,3.833,-4.143,-5.008,6.674,7.783,-4.822,6.181
27.4200,6,1.796,0.236,0.084,-4.557,6.786,5.424,8.346,7.581,3.832,-4.142,-5.008,6.673,7.784,-4.822,6.181
27.4300,6,1.795,0.242,0.086,-4.557,6.785,5.423,8.348,7.580,3.832,-4.141,-5.008,6.673,7.785,-4.822,6.180
27.4400,6,1.793,0.248,0.088,-4.556,6.785,5.422,8.349,7.580,3.831,-4.140,-5.008,6.672,7.786,-4.822,6.179
27.4500,6,1.792,0.254,0.089,-4.555,6.785,5.421,8.351,7.579,3.831,-4.139,-5.009,6.671,7.787,-4.822,6.178
27.4600,6,1.791,0.260,0.091,-4.554,6.785,5.421,8.352,7.579,3.830,-4.138,-5.009,6.670,7.788,-4.822,6.178
27.4700,6,1.789,0.266,0.093,-4.553,6.785,5.420,8.354,7.579,3.829,-4.136,-5.009,6.670,7.789,-4.822,6.177
27.4800,6,1.787,0.272,0.094,-4.553,6.785,5.419,8.355,7.578,3.829,-4.135,-5.010,6.669,7.790,-4.822,6.176
27.4900,6,1.786,0.278,0.096,-4.552,6.785,5.418,8.356,7.578,3.828,-4.134,-5.010,6.668,7.791,-4.822,6.175
27.5000,6,1.784,0.284,0.097,-4.551,6.785,5.417,8.358,7.577,3.828,-4.133,-5.010,6.668,7.792,-4.823,6.175
27.5100,6,1.782,0.289,0.099,-4.550,6.785,5.417,8.359,7.577,3.827,-4.132,-5.010,6.667,7.793,-4.823,6.174
27.5200,6,1.780,0.295,0.101,-4.549,6.784,5.416,8.361,7.576,3.826,-4.131,-5.011,6.666,7.794,-4.823,6.173
27.5300,6,1.778,0.301,0.102,-4.548,6.784,5.415,8.362,7.576,3.826,-4.130,-5.011,6.665,7.795,-4.823,6.172
27.5400,6,1.776,0.307,0.104,-4.548,6.784,5.414,8.364,7.575,3.825,-4.129,-5.011,6.665,7.796,-4.823,6.172
27.5500,6,1.774,0.312,0.105,-4.547,6.784,5.413,8.365,7.575,3.825,-4.127,-5.012,6.664,7.797,-4.823,6.171
27.5600,6,1.772,0.318,0.107,-4.546,6.784,5.413,8.367,7.575,3.824,-4.126,-5.012,6.663,7.798,-4.823,6.170
27.5700,6,1.770,0.324,0.109,-4.545,6.784,5.412,8.368,7.574,3.823,-4.125,-5.012,6.662,7.799,-4.823,6.169
27.5800,6,1.767,0.329,0.110,-4.544,6.784,5.411,8.370,7.574,3.823,-4.124,-5.012,6.662,7.800,-4.823,6.169
27.5900,6,1.765,0.335,0.112,-4.543,6.784,5.410,8.372,7.573,3.822,-4.123,-5.013,6.661,7.801,-4.823,6.168
27.6000,6,1.762,0.341,0.113,-4.542,6.784,5.409,8.373,7.573,3.822,-4.122,-5.013,6.660,7.802,-4.824,6.167
27.6100,6,1.760,0.346,0.115,-4.542,6.783,5.409,8.375,7.572,3.821,-4.120,-5.013,6.659,7.803,-4.824,6.166
27.6200,6,1.757,0.352,0.116,-4.541,6.783,5.408,8.376,7.572,3.820,-4.119,-5.013,6.658,7.804,-4.824,6.166
27.6300,6,1.755,0.357,0.118,-4.540,6.783,5.407,8.378,7.571,3.820,-4.118,-5.014,6.658,7.805,-4.824,6.165
27.6400,6,1.752,0.363,0.120,-4.539,6.783,5.406,8.379,7.571,3.819,-4.117,-5.014,6.657,7.806,-4.824,6.164
27.6500,6,1.749,0.368,0.121,-4.538,6.783,5.405,8.381,7.571,3.819,-4.116,-5.014,6.656,7.807,-4.824,6.163
27.6600,6,1.746,0.374,0.123,-4.537,6.783,5.404,8.382,7.570,3.818,-4.115,-5.014,6.655,7.808,-4.824,6.162
27.6700,6,1.743,0.379,0.124,-4.536,6.783,5.404,8.384,7.570,3.817,-4.113,-5.015,6.655,7.809,-4.824,6.162
27.6800,6,1.740,0.384,0.126,-4.536,6.783,5.403,8.386,7.569,3.817,-4.112,-5.015,6.654,7.810,-4.824,6.161
27.6900,6,1.737,0.390,0.127,-4.535,6.783,5.402,8.387,7.569,3.816,-4.111,-5.015,6.653,7.812,-4.824,6.160
27.7000,6,1.734,0.395,0.129,-4.534,6.782,5.401,8.389,7.568,3.816,-4.110,-5.016,6.652,7.813,-4.824,6.159
27.7100,6,1.731,0.400,0.130,-4.533,6.782,5.400,8.390,7.568,3.815,-4.109,-5.016,6.652,7.814,-4.824,6.159
27.7200,6,1.727,0.406,0.132,-4.532,6.782,5.399,8.392,7.568,3.815,-4.107,-5.016,6.651,7.815,-4.825,6.158
27.7300,6,1.724,0.411,0.133,-4.531,6.782,5.399,8.393,7.567,3.814,-4.106,-5.016,6.650,7.816,-4.825,6.157
27.7400,6,1.721,0.416,0.135,-4.530,6.782,5.398,8.395,7.567,3.813,-4.105,-5.017,6.649,7.817,-4.825,6.156
27.7500,6,1.717,0.421,0.136,-4.529,6.782,5.397,8.397,7.566,3.813,-4.104,-5.017,6.648,7.818,-4.825,6.156
27.7600,6,1.714,0.427,0.138,-4.529,6.782,5.396,8.398,7.566,3.812,-4.103,-5.017,6.648,7.819,-4.825,6.155
27.7700,6,1.710,0.432,0.139,-4.528,6.782,5.395,8.400,7.566,3.812,-4.101,-5.017,6.647,7.820,-4.825,6.154
27.7800,6,1.706,0.437,0.140,-4.527,6.782,5.394,8.402,7.565,3.811,-4.100,-5.018,6.646,7.821,-4.825,6.153
27.7900,6,1.703,0.442,0.142,-4.526,6.782,5.393,8.403,7.565,3.810,-4.099,-5.018,6.645,7.822,-4.825,6.152
27.8000,6,1.699,0.447,0.143,-4.525,6.781,5.393,8.405,7.564,3.810,-4.098,-5.018,6.644,7.823,-4.825,6.152
27.8100,6,1.695,0.452,0.145,-4.524,6.781,5.392,8.406,7.564,3.809,-4.096,-5.018,6.644,7.825,-4.825,6.151
27.8200,6,1.691,0.457,0.146,-4.523,6.781,5.391,8.408,7.563,3.809,-4.095,-5.019,6.643,7.826,-4.825,6.150
27.8300,6,1.687,0.462,0.148,-4.522,6.781,5.390,8.410,7.563,3.808,-4.094,-5.019,6.642,7.827,-4.825,6.149
27.8400,6,1.683,0.467,0.149,-4.521,6.781,5.389,8.411,7.563,3.807,-4.093,-5.019,6.641,7.828,-4.826,6.148
27.8500,6,1.679,0.472,0.150,-4.520,6.781,5.388,8.413,7.562,3.807,-4.091,-5.019,6.640,7.829,-4.826,6.148
27.8600,6,1.674,0.477,0.152,-4.519,6.781,5.387,8.415,7.562,3.806,-4.090,-5.020,6.640,7.830,-4.826,6.147
27.8700,6,1.670,0.482,0.153,-4.519,6.781,5.387,8.416,7.561,3.806,-4.089,-5.020,6.639,7.831,-4.826,6.146
27.8800,6,1.666,0.487,0.155,-4.518,6.781,5.386,8.418,7.561,3.805,-4.088,-5.020,6.638,7.832,-4.826,6.145
27.8900,6,1.661,0.492,0.156,-4.517,6.781,5.385,8.420,7.561,3.804,-4.086,-5.020,6.637,7.833,-4.826,6.145
27.9000,6,1.657,0.496,0.157,-4.516,6.781,5.384,8.421,7.560,3.804,-4.085,-5.021,6.636,7.835,-4.826,6.144
27.9100,6,1.652,0.501,0.159,-4.515,6.780,5.383,8.423,7.560,3.803,-4.084,-5.021,6.636,7.836,-4.826,6.143
27.9200,6,1.648,0.506,0.160,-4.514,6.780,5.382,8.425,7.559,3.803,-4.083,-5.021,6.635,7.837,-4.826,6.142
27.9300,6,1.643,0.511,0.161,-4.513,6.780,5.382,8.426,7.559,3.802,-4.081,-5.021,6.634,7.838,-4.826,6.141
27.9400,6,1.639,0.515,0.163,-4.512,6.780,5.381,8.428,7.559,3.802,-4.080,-5.022,6.633,7.839,-4.826,6.141
27.9500,6,1.634,0.520,0.164,-4.511,6.780,5.380,8.430,7.558,3.801,-4.079,-5.022,6.632,7.840,-4.826,6.140
27.9600,6,1.629,0.525,0.165,-4.510,6.780,5.379,8.432,7.558,3.800,-4.077,-5.022,6.631,7.841,-4.826,6.139
27.9700,6,1.624,0.529,0.167,-4.509,6.780,5.378,8.433,7.558,3.800,-4.076,-5.022,6.631,7.842,-4.826,6.138
27.9800,6,1.619,0.534,0.168,-4.508,6.780,5.377,8.435,7.557,3.799,-4.075,-5.022,6.630,7.844,-4.826,6.138
27.9900,6,1.614,0.538,0.169,-4.507,6.780,5.376,8.437,7.557,3.799,-4.074,-5.023,6.629,7.845,-4.827,6.137
28.0000,6,1.609,0.543,0.170,-4.506,6.780,5.375,8.438,7.556,3.798,-4.072,-5.023,6.628,7.846,-4.827,6.136
28.0100,6,1.604,0.547,0.172,-4.506,6.780,5.375,8.440,7.556,3.798,-4.071,-5.023,6.627,7.847,-4.827,6.135
28.0200,6,1.599,0.552,0.173,-4.505,6.780,5.374,8.442,7.556,3.797,-4.070,-5.023,6.627,7.848,-4.827,6.134
28.0300,6,1.593,0.556,0.174,-4.504,6.779,5.373,8.444,7.555,3.796,-4.068,-5.024,6.626,7.849,-4.827,6.134
28.0400,6,1.588,0.561,0.176,-4.503,6.779,5.372,8.445,7.555,3.796,-4.067,-5.024,6.625,7.851,-4.827,6.133
28.0500,6,1.583,0.565,0.177,-4.502,6.779,5.371,8.447,7.555,3.795,-4.066,-5.024,6.624,7.852,-4.827,6.132
28.0600,6,1.577,0.570,0.178,-4.501,6.779,5.370,8.449,7.554,3.795,-4.064,-5.024,6.623,7.853,-4.827,6.131
28.0700,6,1.572,0.574,0.179,-4.500,6.779,5.369,8.451,7.554,3.794,-4.063,-5.025,6.622,7.854,-4.827,6.130
28.0800,6,1.566,0.578,0.180,-4.499,6.779,5.369,8.452,7.553,3.794,-4.062,-5.025,6.622,7.855,-4.827,6.130
28.0900,6,1.561,0.582,0.182,-4.498,6.779,5.368,8.454,7.553,3.793,-4.060,-5.025,6.621,7.856,-4.827,6.129
28.1000,6,1.555,0.587,0.183,-4.497,6.779,5.367,8.456,7.553,3.792,-4.059,-5.025,6.620,7.858,-4.827,6.128
28.1100,6,1.549,0.591,0.184,-4.496,6.779,5.366,8.458,7.552,3.792,-4.058,-5.025,6.619,7.859,-4.827,6.127
28.1200,6,1.544,0.595,0.185,-4.495,6.779,5.365,8.460,7.552,3.791,-4.056,-5.026,6.618,7.860,-4.827,6.127
28.1300,6,1.538,0.599,0.186,-4.494,6.779,5.364,8.461,7.552,3.791,-4.055,-5.026,6.618,7.861,-4.827,6.126
28.1400,6,1.532,0.603,0.188,-4.493,6.779,5.363,8.463,7.551,3.790,-4.054,-5.026,6.617,7.862,-4.827,6.125
28.1500,6,1.526,0.608,0.189,-4.492,6.779,5.363,8.465,7.551,3.790,-4.052,-5.026,6.616,7.863,-4.827,6.124
28.1600,6,1.520,0.612,0.190,-4.491,6.778,5.362,8.467,7.551,3.789,-4.051,-5.026,6.615,7.865,-4.827,6.124
28.1700,6,1.514,0.616,0.191,-4.490,6.778,5.361,8.468,7.550,3.789,-4.050,-5.027,6.614,7.866,-4.827,6.123
28.1800,6,1.508,0.620,0.192,-4.489,6.778,5.360,8.470,7.550,3.788,-4.048,-5.027,6.613,7.867,-4.827,6.122
28.1900,6,1.502,0.624,0.193,-4.488,6.778,5.359,8.472,7.550,3.787,-4.047,-5.027,6.613,7.868,-4.828,6.121
28.2000,6,1.496,0.628,0.194,-4.487,6.778,5.358,8.474,7.549,3.787,-4.046,-5.027,6.612,7.869,-4.828,6.120
28.2100,6,1.490,0.632,0.195,-4.486,6.778,5.358,8.476,7.549,3.786,-4.044,-5.027,6.611,7.871,-4.828,6.120
28.2200,6,1.483,0.635,0.197,-4.485,6.778,5.357,8.478,7.549,3.786,-4.043,-5.028,6.610,7.872,-4.828,6.119
28.2300,6,1.477,0.639,0.198,-4.484,6.778,5.356,8.479,7.548,3.785,-4.042,-5.028,6.609,7.873,-4.828,6.118
28.2400,6,1.471,0.643,0.199,-4.483,6.778,5.355,8.481,7.548,3.785,-4.040,-5.028,6.609,7.874,-4.828,6.117
28.2500,6,1.464,0.647,0.200,-4.482,6.778,5.354,8.483,7.548,3.784,-4.039,-5.028,6.608,7.875,-4.828,6.117
28.2600,6,1.458,0.651,0.201,-4.481,6.778,5.353,8.485,7.547,3.784,-4.038,-5.028,6.607,7.877,-4.828,6.116
28.2700,6,1.451,0.655,0.202,-4.480,6.778,5.352,8.487,7.547,3.783,-4.036,-5.029,6.606,7.878,-4.828,6.115
28.2800,6,1.445,0.658,0.203,-4.479,6.778,5.352,8.489,7.547,3.783,-4.035,-5.029,6.605,7.879,-4.828,6.114
28.2900,6,1.438,0.662,0.204,-4.478,6.778,5.351,8.490,7.546,3.782,-4.033,-5.029,6.605,7.880,-4.828,6.114
28.3000,6,1.432,0.666,0.205,-4.477,6.778,5.350,8.492,7.546,3.782,-4.032,-5.029,6.604,7.881,-4.828,6.113
28.3100,6,1.425,0.669,0.206,-4.476,6.777,5.349,8.494,7.546,3.781,-4.031,-5.029,6.603,7.883,-4.828,6.112
28.3200,6,1.418,0.673,0.207,-4.475,6.777,5.348,8.496,7.545,3.780,-4.029,-5.030,6.602,7.884,-4.828,6.111
28.3300,6,1.412,0.676,0.208,-4.474,6.777,5.347,8.498,7.545,3.780,-4.028,-5.030,6.601,7.885,-4.828,6.111
28.3400,6,1.405,0.680,0.209,-4.473,6.777,5.347,8.500,7.545,3.779,-4.026,-5.030,6.600,7.886,-4.828,6.110
28.3500,6,1.398,0.684,0.210,-4.472,6.777,5.346,8.502,7.544,3.779,-4.025,-5.030,6.600,7.888,-4.828,6.109
28.3600,6,1.391,0.687,0.211,-4.471,6.777,5.345,8.503,7.544,3.778,-4.024,-5.030,6.599,7.889,-4.828,6.108
28.3700,6,1.384,0.690,0.212,-4.470,6.777,5.344,8.505,7.544,3.778,-4.022,-5.031,6.598,7.890,-4.828,6.108
28.3800,6,1.377,0.694,0.213,-4.469,6.777,5.343,8.507,7.544,3.778,-4.021,-5.031,6.597,7.891,-4.828,6.107
28.3900,6,1.370,0.697,0.213,-4.468,6.777,5.342,8.509,7.543,3.777,-4.019,-5.031,6.596,7.893,-4.828,6.106
28.4000,6,1.363,0.701,0.214,-4.467,6.777,5.342,8.511,7.543,3.777,-4.018,-5.031,6.596,7.894,-4.828,6.105
28.4100,6,1.356,0.704,0.215,-4.466,6.777,5.341,8.513,7.543,3.776,-4.017,-5.031,6.595,7.895,-4.828,6.105
28.4200,6,1.349,0.707,0.216,-4.465,6.777,5.340,8.515,7.542,3.776,-4.015,-5.031,6.594,7.896,-4.828,6.104
28.4300,6,1.342,0.711,0.217,-4.464,6.777,5.339,8.517,7.542,3.775,-4.014,-5.032,6.593,7.898,-4.828,6.103
28.4400,6,1.335,0.714,0.218,-4.463,6.777,5.338,8.518,7.542,3.775,-4.012,-5.032,6.592,7.899,-4.828,6.102
28.4500,6,1.328,0.717,0.219,-4.462,6.777,5.337,8.520,7.541,3.774,-4.011,-5.032,6.592,7.900,-4.828,6.102
28.4600,6,1.320,0.720,0.220,-4.461,6.777,5.337,8.522,7.541,3.774,-4.010,-5.032,6.591,7.901,-4.828,6.101
28.4700,6,1.313,0.724,0.220,-4.460,6.777,5.336,8.524,7.541,3.774,-4.008,-5.032,6.590,7.903,-4.828,6.100
28.4800,6,1.306,0.727,0.221,-4.459,6.777,5.335,8.526,7.541,3.773,-4.007,-5.032,6.589,7.904,-4.828,6.100
28.4900,6,1.298,0.730,0.222,-4.458,6.777,5.334,8.528,7.540,3.773,-4.005,-5.033,6.588,7.905,-4.828,6.099
28.5000,6,1.291,0.733,0.223,-4.457,6.777,5.333,8.530,7.540,3.772,-4.004,-5.033,6.588,7.906,-4.828,6.098
28.5100,6,1.284,0.736,0.224,-4.456,6.777,5.333,8.532,7.540,3.772,-4.002,-5.033,6.587,7.908,-4.828,6.097
28.5200,6,1.276,0.739,0.224,-4.455,6.776,5.332,8.534,7.539,3.772,-4.001,-5.033,6.586,7.909,-4.828,6.097
28.5300,6,1.269,0.742,0.225,-4.454,6.776,5.331,8.536,7.539,3.771,-4.000,-5.033,6.585,7.910,-4.828,6.096
28.5400,6,1.261,0.745,0.226,-4.453,6.776,5.330,8.538,7.539,3.771,-3.998,-5.033,6.585,7.911,-4.828,6.095
28.5500,6,1.254,0.748,0.227,-4.452,6.776,5.329,8.539,7.539,3.770,-3.997,-5.034,6.584,7.913,-4.828,6.095
28.5600,6,1.246,0.751,0.227,-4.451,6.776,5.329,8.541,7.538,3.770,-3.995,-5.034,6.583,7.914,-4.828,6.094
28.5700,6,1.239,0.754,0.228,-4.450,6.776,5.328,8.543,7.538,3.770,-3.994,-5.034,6.582,7.915,-4.828,6.093
28.5800,6,1.231,0.757,0.229,-4.449,6.776,5.327,8.545,7.538,3.769,-3.992,-5.034,6.581,7.916,-4.828,6.092
28.5900,6,1.223,0.759,0.230,-4.447,6.776,5.326,8.547,7.538,3.769,-3.991,-5.034,6.581,7.918,-4.828,6.092
28.6000,6,1.216,0.762,0.230,-4.446,6.776,5.325,8.549,7.537,3.769,-3.989,-5.034,6.580,7.919,-4.828,6.091
28.6100,6,1.208,0.765,0.231,-4.445,6.776,5.325,8.551,7.537,3.768,-3.988,-5.035,6.579,7.920,-4.828,6.090
28.6200,6,1.201,0.768,0.232,-4.444,6.776,5.324,8.553,7.537,3.768,-3.987,-5.035,6.578,7.921,-4.828,6.090
28.6300,6,1.193,0.771,0.232,-4.443,6.776,5.323,8.555,7.537,3.768,-3.985,-5.035,6.578,7.923,-4.828,6.089
28.6400,6,1.185,0.773,0.233,-4.442,6.776,5.322,8.557,7.536,3.767,-3.984,-5.035,6.577,7.924,-4.828,6.088
28.6500,6,1.177,0.776,0.233,-4.441,6.776,5.322,8.559,7.536,3.767,-3.982,-5.035,6.576,7.925,-4.828,6.088
28.6600,6,1.170,0.779,0.234,-4.440,6.776,5.321,8.561,7.536,3.767,-3.981,-5.035,6.575,7.927,-4.828,6.087
28.6700,6,1.162,0.781,0.235,-4.439,6.776,5.320,8.563,7.536,3.767,-3.979,-5.035,6.575,7.928,-4.828,6.086
28.6800,6,1.154,0.784,0.235,-4.438,6.776,5.319,8.565,7.535,3.766,-3.978,-5.036,6.574,7.929,-4.828,6.086
28.6900,6,1.146,0.786,0.236,-4.437,6.776,5.318,8.567,7.535,3.766,-3.976,-5.036,6.573,7.930,-4.828,6.085
28.7000,6,1.138,0.789,0.236,-4.436,6.776,5.318,8.569,7.535,3.766,-3.975,-5.036,6.572,7.932,-4.828,6.084
28.7100,6,1.130,0.791,0.237,-4.435,6.776,5.317,8.571,7.535,3.766,-3.973,-5.036,6.572,7.933,-4.828,6.084
28.7200,6,1.123,0.794,0.238,-4.434,6.776,5.316,8.573,7.534,3.765,-3.972,-5.036,6.571,7.934,-4.828,6.083
28.7300,6,1.115,0.796,0.238,-4.433,6.776,5.315,8.575,7.534,3.765,-3.970,-5.036,6.570,7.936,-4.828,6.082
28.7400,6,1.107,0.799,0.239,-4.432,6.776,5.315,8.577,7.534,3.765,-3.969,-5.036,6.569,7.937,-4.828,6.082
28.7500,6,1.099,0.801,0.239,-4.431,6.776,5.314,8.579,7.534,3.765,-3.968,-5.036,6.569,7.938,-4.828,6.081
28.7600,6,1.091,0.803,0.240,-4.430,6.776,5.313,8.581,7.534,3.764,-3.966,-5.037,6.568,7.939,-4.828,6.080
28.7700,6,1.083,0.806,0.240,-4.428,6.776,5.312,8.583,7.533,3.764,-3.965,-5.037,6.567,7.941,-4.828,6.080
28.7800,6,1.075,0.808,0.241,-4.427,6.776,5.312,8.584,7.533,3.764,-3.963,-5.037,6.567,7.942,-4.828,6.079
28.7900,6,1.067,0.810,0.241,-4.426,6.776,5.311,8.586,7.533,3.764,-3.962,-5.037,6.566,7.943,-4.828,6.078
28.8000,6,1.059,0.813,0.242,-4.425,6.776,5.310,8.588,7.533,3.764,-3.960,-5.037,6.565,7.945,-4.828,6.078
28.8100,6,1.051,0.815,0.242,-4.424,6.776,5.310,8.590,7.532,3.763,-3.959,-5.037,6.564,7.946,-4.828,6.077
28.8200,6,1.043,0.817,0.242,-4.423,6.776,5.309,8.592,7.532,3.763,-3.957,-5.037,6.564,7.947,-4.828,6.077
28.8300,6,1.035,0.819,0.243,-4.422,6.776,5.308,8.594,7.532,3.763,-3.956,-5.037,6.563,7.949,-4.828,6.076
28.8400,6,1.027,0.821,0.243,-4.421,6.776,5.307,8.596,7.532,3.763,-3.954,-5.038,6.562,7.950,-4.828,6.075
28.8500,6,1.019,0.823,0.244,-4.420,6.776,5.307,8.598,7.532,3.763,-3.953,-5.038,6.562,7.951,-4.828,6.075
28.8600,6,1.011,0.826,0.244,-4.419,6.776,5.306,8.600,7.531,3.762,-3.951,-5.038,6.561,7.953,-4.828,6.074
28.8700,6,1.003,0.828,0.244,-4.418,6.776,5.305,8.602,7.531,3.762,-3.950,-5.038,6.560,7.954,-4.828,6.073
28.8800,6,0.995,0.830,0.245,-4.417,6.776,5.304,8.604,7.531,3.762,-3.948,-5.038,6.560,7.955,-4.828,6.073
28.8900,6,0.987,0.832,0.245,-4.416,6.776,5.304,8.606,7.531,3.762,-3.947,-5.038,6.559,7.956,-4.828,6.072
28.9000,6,0.979,0.834,0.245,-4.415,6.776,5.303,8.608,7.531,3.762,-3.945,-5.038,6.558,7.958,-4.828,6.072
28.9100,6,0.971,0.836,0.246,-4.413,6.776,5.302,8.610,7.530,3.762,-3.944,-5.038,6.557,7.959,-4.828,6.071
28.9200,6,0.963,0.838,0.246,-4.412,6.776,5.302,8.612,7.530,3.762,-3.942,-5.038,6.557,7.960,-4.828,6.070
28.9300,6,0.955,0.840,0.246,-4.411,6.776,5.301,8.614,7.530,3.762,-3.941,-5.039,6.556,7.962,-4.828,6.070
28.9400,6,0.947,0.841,0.247,-4.410,6.776,5.300,8.616,7.530,3.761,-3.939,-5.039,6.555,7.963,-4.828,6.069
28.9500,6,0.939,0.843,0.247,-4.409,6.776,5.300,8.619,7.530,3.761,-3.938,-5.039,6.555,7.964,-4.828,6.069
28.9600,6,0.931,0.845,0.247,-4.408,6.776,5.299,8.621,7.529,3.761,-3.936,-5.039,6.554,7.966,-4.827,6.068
28.9700,6,0.923,0.847,0.248,-4.407,6.776,5.298,8.623,7.529,3.761,-3.935,-5.039,6.553,7.967,-4.827,6.068
28.9800,6,0.914,0.849,0.248,-4.406,6.776,5.298,8.625,7.529,3.761,-3.933,-5.039,6.553,7.968,-4.827,6.067
28.9900,6,0.906,0.850,0.248,-4.405,6.776,5.297,8.627,7.529,3.761,-3.932,-5.039,6.552,7.970,-4.827,6.066
29.0000,6,0.898,0.852,0.248,-4.404,6.776,5.296,8.629,7.529,3.761,-3.930,-5.039,6.552,7.971,-4.827,6.066
29.0100,6,0.890,0.854,0.248,-4.403,6.776,5.296,8.631,7.529,3.761,-3.929,-5.039,6.551,7.972,-4.827,6.065
29.0200,6,0.882,0.856,0.249,-4.401,6.776,5.295,8.633,7.528,3.761,-3.927,-5.039,6.550,7.974,-4.827,6.065
29.0300,6,0.874,0.857,0.249,-4.400,6.776,5.294,8.635,7.528,3.761,-3.926,-5.040,6.550,7.975,-4.827,6.064
29.0400,6,0.866,0.859,0.249,-4.399,6.776,5.294,8.637,7.528,3.761,-3.924,-5.040,6.549,7.976,-4.827,6.064
29.0500,6,0.858,0.861,0.249,-4.398,6.776,5.293,8.639,7.528,3.761,-3.923,-5.040,6.548,7.978,-4.827,6.063
29.0600,6,0.850,0.862,0.249,-4.397,6.776,5.292,8.641,7.528,3.761,-3.921,-5.040,6.548,7.979,-4.827,6.063
29.0700,6,0.842,0.864,0.249,-4.396,6.776,5.292,8.643,7.528,3.761,-3.920,-5.040,6.547,7.980,-4.827,6.062
29.0800,6,0.834,0.865,0.249,-4.395,6.776,5.291,8.645,7.527,3.761,-3.918,-5.040,6.546,7.982,-4.827,6.062
29.0900,6,0.826,0.867,0.250,-4.394,6.776,5.291,8.647,7.527,3.761,-3.917,-5.040,6.546,7.983,-4.827,6.061
29.1000,6,0.818,0.868,0.250,-4.393,6.776,5.290,8.649,7.527,3.760,-3.915,-5.040,6.545,7.984,-4.827,6.060
29.1100,6,0.811,0.870,0.250,-4.392,6.776,5.289,8.651,7.527,3.760,-3.913,-5.040,6.545,7.986,-4.827,6.060
29.1200,6,0.803,0.871,0.250,-4.391,6.776,5.289,8.653,7.527,3.760,-3.912,-5.040,6.544,7.987,-4.827,6.059
29.1300,6,0.795,0.873,0.250,-4.389,6.776,5.288,8.655,7.527,3.760,-3.910,-5.040,6.543,7.988,-4.827,6.059
29.1400,6,0.787,0.874,0.250,-4.388,6.776,5.287,8.657,7.526,3.761,-3.909,-5.040,6.543,7.990,-4.827,6.058
29.1500,6,0.779,0.875,0.250,-4.387,6.776,5.287,8.659,7.526,3.761,-3.907,-5.041,6.542,7.991,-4.826,6.058
29.1600,6,0.771,0.877,0.250,-4.386,6.776,5.286,8.661,7.526,3.761,-3.906,-5.041,6.542,7.992,-4.826,6.057
29.1700,6,0.763,0.878,0.250,-4.385,6.776,5.286,8.663,7.526,3.761,-3.904,-5.041,6.541,7.994,-4.826,6.057
29.1800,6,0.755,0.879,0.250,-4.384,6.776,5.285,8.665,7.526,3.761,-3.903,-5.041,6.540,7.995,-4.826,6.056
29.1900,6,0.748,0.881,0.250,-4.383,6.776,5.285,8.667,7.526,3.761,-3.901,-5.041,6.540,7.996,-4.826,6.056
29.2000,6,0.740,0.882,0.250,-4.382,6.776,5.284,8.669,7.526,3.761,-3.900,-5.041,6.539,7.998,-4.826,6.055
29.2100,6,0.732,0.883,0.250,-4.381,6.776,5.283,8.671,7.525,3.761,-3.898,-5.041,6.539,7.999,-4.826,6.055
29.2200,6,0.724,0.884,0.250,-4.380,6.776,5.283,8.673,7.525,3.761,-3.897,-5.041,6.538,8.000,-4.826,6.055
29.2300,6,0.716,0.886,0.250,-4.378,6.776,5.282,8.676,7.525,3.761,-3.895,-5.041,6.538,8.002,-4.826,6.054
29.2400,6,0.709,0.887,0.250,-4.377,6.776,5.282,8.678,7.525,3.761,-3.894,-5.041,6.537,8.003,-4.826,6.054
29.2500,6,0.701,0.888,0.250,-4.376,6.776,5.281,8.680,7.525,3.761,-3.892,-5.041,6.537,8.004,-4.826,6.053
29.2600,6,0.693,0.889,0.250,-4.375,6.776,5.281,8.682,7.525,3.761,-3.891,-5.041,6.536,8.006,-4.826,6.053
29.2700,6,0.686,0.890,0.249,-4.374,6.776,5.280,8.684,7.525,3.761,-3.889,-5.041,6.535,8.007,-4.826,6.052
29.2800,6,0.678,0.891,0.249,-4.373,6.776,5.279,8.686,7.525,3.761,-3.888,-5.041,6.535,8.008,-4.826,6.052
29.2900,6,0.670,0.892,0.249,-4.372,6.776,5.279,8.688,7.524,3.761,-3.886,-5.041,6.534,8.010,-4.825,6.051
29.3000,6,0.663,0.893,0.249,-4.371,6.776,5.278,8.690,7.524,3.762,-3.884,-5.042,6.534,8.011,-4.825,6.051
29.3100,6,0.655,0.894,0.249,-4.370,6.776,5.278,8.692,7.524,3.762,-3.883,-5.042,6.533,8.012,-4.825,6.050
29.3200,6,0.648,0.896,0.249,-4.368,6.776,5.277,8.694,7.524,3.762,-3.881,-5.042,6.533,8.014,-4.825,6.050
29.3300,6,0.640,0.897,0.248,-4.367,6.776,5.277,8.696,7.524,3.762,-3.880,-5.042,6.532,8.015,-4.825,6.050
29.3400,6,0.633,0.897,0.248,-4.366,6.776,5.276,8.698,7.524,3.762,-3.878,-5.042,6.532,8.016,-4.825,6.049
29.3500,6,0.625,0.898,0.248,-4.365,6.776,5.276,8.700,7.524,3.762,-3.877,-5.042,6.531,8.018,-4.825,6.049
29.3600,6,0.618,0.899,0.248,-4.364,6.776,5.275,8.702,7.524,3.762,-3.875,-5.042,6.531,8.019,-4.825,6.048
29.3700,6,0.610,0.900,0.248,-4.363,6.776,5.275,8.704,7.523,3.762,-3.874,-5.042,6.530,8.020,-4.825,6.048
29.3800,6,0.603,0.901,0.247,-4.362,6.776,5.274,8.706,7.523,3.763,-3.872,-5.042,6.530,8.022,-4.825,6.048
29.3900,6,0.596,0.902,0.247,-4.361,6.776,5.274,8.708,7.523,3.763,-3.871,-5.042,6.529,8.023,-4.825,6.047
29.4000,6,0.588,0.903,0.247,-4.360,6.776,5.273,8.711,7.523,3.763,-3.869,-5.042,6.529,8.024,-4.825,6.047
29.4100,6,0.581,0.904,0.247,-4.358,6.777,5.273,8.713,7.523,3.763,-3.867,-5.042,6.528,8.026,-4.824,6.046
29.4200,6,0.574,0.905,0.246,-4.357,6.777,5.272,8.715,7.523,3.763,-3.866,-5.042,6.528,8.027,-4.824,6.046
29.4300,6,0.567,0.905,0.246,-4.356,6.777,5.272,8.717,7.523,3.764,-3.864,-5.042,6.528,8.029,-4.824,6.046
29.4400,6,0.559,0.906,0.246,-4.355,6.777,5.271,8.719,7.523,3.764,-3.863,-5.042,6.527,8.030,-4.824,6.045
29.4500,6,0.552,0.907,0.245,-4.354,6.777,5.271,8.721,7.523,3.764,-3.861,-5.042,6.527,8.031,-4.824,6.045
29.4600,6,0.545,0.908,0.245,-4.353,6.777,5.271,8.723,7.523,3.764,-3.860,-5.042,6.526,8.033,-4.824,6.045
29.4700,6,0.538,0.908,0.245,-4.352,6.777,5.270,8.725,7.522,3.764,-3.858,-5.042,6.526,8.034,-4.824,6.044
29.4800,6,0.531,0.909,0.244,-4.351,6.777,5.270,8.727,7.522,3.765,-3.857,-5.042,6.525,8.035,-4.824,6.044
29.4900,6,0.524,0.910,0.244,-4.350,6.777,5.269,8.729,7.522,3.765,-3.855,-5.042,6.525,8.037,-4.824,6.044
29.5000,6,0.517,0.910,0.243,-4.348,6.777,5.269,8.731,7.522,3.765,-3.854,-5.042,6.524,8.038,-4.824,6.043
29.5100,6,0.510,0.911,0.243,-4.347,6.777,5.268,8.733,7.522,3.765,-3.852,-5.042,6.524,8.039,-4.824,6.043
29.5200,6,0.503,0.912,0.243,-4.346,6.777,5.268,8.735,7.522,3.765,-3.850,-5.042,6.524,8.041,-4.823,6.042
29.5300,6,0.496,0.912,0.242,-4.345,6.777,5.268,8.738,7.522,3.766,-3.849,-5.043,6.523,8.042,-4.823,6.042
29.5400,6,0.489,0.913,0.242,-4.344,6.777,5.267,8.740,7.522,3.766,-3.847,-5.043,6.523,8.043,-4.823,6.042
29.5500,6,0.483,0.913,0.241,-4.343,6.777,5.267,8.742,7.522,3.766,-3.846,-5.043,6.522,8.045,-4.823,6.042
29.5600,6,0.476,0.914,0.241,-4.342,6.777,5.266,8.744,7.522,3.767,-3.844,-5.043,6.522,8.046,-4.823,6.041
29.5700,6,0.469,0.915,0.240,-4.341,6.777,5.266,8.746,7.522,3.767,-3.843,-5.043,6.522,8.048,-4.823,6.041
29.5800,6,0.462,0.915,0.240,-4.340,6.777,5.266,8.748,7.522,3.767,-3.841,-5.043,6.521,8.049,-4.823,6.041
29.5900,6,0.456,0.916,0.239,-4.338,6.777,5.265,8.750,7.522,3.767,-3.840,-5.043,6.521,8.050,-4.823,6.040
29.6000,6,0.449,0.916,0.239,-4.337,6.777,5.265,8.752,7.521,3.768,-3.838,-5.043,6.520,8.052,-4.823,6.040
29.6100,6,0.443,0.917,0.238,-4.336,6.777,5.264,8.754,7.521,3.768,-3.836,-5.043,6.520,8.053,-4.823,6.040
29.6200,6,0.436,0.917,0.238,-4.335,6.778,5.264,8.756,7.521,3.768,-3.835,-5.043,6.520,8.054,-4.822,6.039
29.6300,6,0.430,0.918,0.237,-4.334,6.778,5.264,8.758,7.521,3.769,-3.833,-5.043,6.519,8.056,-4.822,6.039
29.6400,6,0.423,0.918,0.237,-4.333,6.778,5.263,8.760,7.521,3.769,-3.832,-5.043,6.519,8.057,-4.822,6.039
29.6500,6,0.417,0.918,0.236,-4.332,6.778,5.263,8.762,7.521,3.769,-3.830,-5.043,6.519,8.058,-4.822,6.039
29.6600,6,0.410,0.919,0.236,-4.331,6.778,5.263,8.765,7.521,3.769,-3.829,-5.043,6.518,8.060,-4.822,6.038
29.6700,6,0.404,0.919,0.235,-4.329,6.778,5.262,8.767,7.521,3.770,-3.827,-5.043,6.518,8.061,-4.822,6.038
29.6800,5,0.398,0.920,0.234,-4.328,6.778,5.262,8.769,7.521,3.770,-3.826,-5.043,6.518,8.062,-4.822,6.038
29.6900,5,0.391,0.920,0.234,-4.327,6.778,5.262,8.771,7.521,3.770,-3.824,-5.043,6.517,8.064,-4.822,6.038
29.7000,5,0.385,0.920,0.233,-4.326,6.778,5.261,8.773,7.521,3.771,-3.823,-5.043,6.517,8.065,-4.822,6.037
29.7100,5,0.379,0.921,0.232,-4.325,6.778,5.261,8.775,7.521,3.771,-3.821,-5.043,6.517,8.067,-4.821,6.037
29.7200,5,0.373,0.921,0.232,-4.324,6.778,5.261,8.777,7.521,3.772,-3.819,-5.043,6.516,8.068,-4.821,6.037
29.7300,5,0.367,0.921,0.231,-4.323,6.778,5.260,8.779,7.521,3.772,-3.818,-5.043,6.516,8.069,-4.821,6.037
29.7400,5,0.361,0.922,0.230,-4.322,6.778,5.260,8.781,7.521,3.772,-3.816,-5.043,6.516,8.071,-4.821,6.037
29.7500,5,0.355,0.922,0.230,-4.320,6.778,5.260,8.783,7.521,3.773,-3.815,-5.043,6.515,8.072,-4.821,6.036
29.7600,5,0.349,0.922,0.229,-4.319,6.778,5.259,8.785,7.521,3.773,-3.813,-5.043,6.515,8.073,-4.821,6.036
29.7700,5,0.343,0.922,0.228,-4.318,6.778,5.259,8.787,7.521,3.773,-3.812,-5.043,6.515,8.075,-4.821,6.036
29.7800,5,0.337,0.923,0.228,-4.317,6.778,5.259,8.790,7.521,3.774,-3.810,-5.043,6.515,8.076,-4.821,6.036
29.7900,5,0.332,0.923,0.227,-4.316,6.779,5.259,8.792,7.521,3.774,-3.808,-5.043,6.514,8.077,-4.820,6.036
29.8000,5,0.326,0.923,0.226,-4.315,6.779,5.258,8.794,7.521,3.775,-3.807,-5.043,6.514,8.079,-4.820,6.035
29.8100,5,0.320,0.923,0.225,-4.314,6.779,5.258,8.796,7.521,3.775,-3.805,-5.043,6.514,8.080,-4.820,6.035
29.8200,5,0.315,0.923,0.225,-4.313,6.779,5.258,8.798,7.520,3.775,-3.804,-5.043,6.514,8.082,-4.820,6.035
29.8300,5,0.309,0.924,0.224,-4.311,6.779,5.258,8.800,7.520,3.776,-3.802,-5.043,6.513,8.083,-4.820,6.035
29.8400,5,0.303,0.924,0.223,-4.310,6.779,5.257,8.802,7.520,3.776,-3.801,-5.043,6.513,8.084,-4.820,6.035
29.8500,5,0.298,0.924,0.222,-4.309,6.779,5.257,8.804,7.520,3.777,-3.799,-5.043,6.513,8.086,-4.820,6.035
29.8600,5,0.292,0.924,0.222,-4.308,6.779,5.257,8.806,7.520,3.777,-3.798,-5.043,6.513,8.087,-4.820,6.034
29.8700,5,0.287,0.924,0.221,-4.307,6.779,5.257,8.808,7.520,3.778,-3.796,-5.043,6.512,8.088,-4.819,6.034
29.8800,5,0.282,0.924,0.220,-4.306,6.779,5.256,8.810,7.520,3.778,-3.794,-5.043,6.512,8.090,-4.819,6.034
29.8900,5,0.276,0.924,0.219,-4.305,6.779,5.256,8.813,7.520,3.778,-3.793,-5.043,6.512,8.091,-4.819,6.034
29.9000,5,0.271,0.925,0.218,-4.304,6.779,5.256,8.815,7.520,3.779,-3.791,-5.043,6.512,8.092,-4.819,6.034
29.9100,5,0.266,0.925,0.217,-4.302,6.779,5.256,8.817,7.520,3.779,-3.790,-5.043,6.512,8.094,-4.819,6.034
29.9200,5,0.261,0.925,0.217,-4.301,6.780,5.256,8.819,7.520,3.780,-3.788,-5.043,6.511,8.095,-4.819,6.034
29.9300,5,0.256,0.925,0.216,-4.300,6.780,5.255,8.821,7.520,3.780,-3.787,-5.043,6.511,8.097,-4.819,6.033
29.9400,5,0.251,0.925,0.215,-4.299,6.780,5.255,8.823,7.520,3.781,-3.785,-5.043,6.511,8.098,-4.818,6.033
29.9500,5,0.246,0.925,0.214,-4.298,6.780,5.255,8.825,7.520,3.781,-3.784,-5.043,6.511,8.099,-4.818,6.033
29.9600,5,0.241,0.925,0.213,-4.297,6.780,5.255,8.827,7.520,3.782,-3.782,-5.043,6.511,8.101,-4.818,6.033
29.9700,5,0.236,0.925,0.212,-4.296,6.780,5.255,8.829,7.520,3.782,-3.780,-5.043,6.511,8.102,-4.818,6.033
29.9800,5,0.231,0.925,0.211,-4.295,6.780,5.254,8.831,7.520,3.783,-3.779,-5.043,6.510,8.103,-4.818,6.033
29.9900,5,0.226,0.925,0.210,-4.293,6.780,5.254,8.833,7.520,3.783,-3.777,-5.043,6.510,8.105,-4.818,6.033
30.0000,5,0.221,0.925,0.209,-4.292,6.780,5.254,8.836,7.520,3.784,-3.776,-5.042,6.510,8.106,-4.818,6.033
30.0100,5,0.217,0.925,0.208,-4.291,6.780,5.254,8.838,7.520,3.784,-3.774,-5.042,6.510,8.108,-4.817,6.033
30.0200,5,0.212,0.925,0.207,-4.290,6.780,5.254,8.840,7.520,3.785,-3.773,-5.042,6.510,8.109,-4.817,6.033
30.0300,5,0.208,0.925,0.206,-4.289,6.780,5.254,8.842,7.520,3.785,-3.771,-5.042,6.510,8.110,-4.817,6.033
30.0400,5,0.203,0.925,0.205,-4.288,6.780,5.254,8.844,7.520,3.786,-3.769,-5.042,6.510,8.112,-4.817,6.033
30.0500,5,0.199,0.925,0.204,-4.287,6.781,5.254,8.846,7.520,3.786,-3.768,-5.042,6.509,8.113,-4.817,6.033
30.0600,5,0.194,0.925,0.203,-4.286,6.781,5.253,8.848,7.520,3.787,-3.766,-5.042,6.509,8.114,-4.817,6.033
30.0700,5,0.190,0.925,0.202,-4.284,6.781,5.253,8.850,7.520,3.788,-3.765,-5.042,6.509,8.116,-4.817,6.032
30.0800,5,0.185,0.925,0.201,-4.283,6.781,5.253,8.852,7.520,3.788,-3.763,-5.042,6.509,8.117,-4.816,6.032
30.0900,5,0.181,0.925,0.200,-4.282,6.781,5.253,8.854,7.520,3.789,-3.762,-5.042,6.509,8.118,-4.816,6.032
30.1000,5,0.177,0.924,0.199,-4.281,6.781,5.253,8.856,7.520,3.789,-3.760,-5.042,6.509,8.120,-4.816,6.032
30.1100,5,0.173,0.924,0.198,-4.280,6.781,5.253,8.859,7.520,3.790,-3.759,-5.042,6.509,8.121,-4.816,6.032
30.1200,5,0.169,0.924,0.197,-4.279,6.781,5.253,8.861,7.520,3.790,-3.757,-5.042,6.509,8.123,-4.816,6.032
30.1300,5,0.165,0.924,0.196,-4.278,6.781,5.253,8.863,7.520,3.791,-3.755,-5.042,6.509,8.124,-4.816,6.032
30.1400,5,0.161,0.924,0.195,-4.277,6.781,5.253,8.865,7.521,3.792,-3.754,-5.042,6.509,8.125,-4.815,6.032
30.1500,5,0.157,0.924,0.194,-4.275,6.781,5.253,8.867,7.521,3.792,-3.752,-5.042,6.509,8.127,-4.815,6.032
30.1600,5,0.153,0.924,0.193,-4.274,6.782,5.253,8.869,7.521,3.793,-3.751,-5.042,6.509,8.128,-4.815,6.032
30.1700,5,0.149,0.924,0.191,-4.273,6.782,5.253,8.871,7.521,3.793,-3.749,-5.042,6.508,8.129,-4.815,6.032
30.1800,5,0.145,0.924,0.190,-4.272,6.782,5.253,8.873,7.521,3.794,-3.748,-5.042,6.508,8.131,-4.815,6.032
30.1900,5,0.141,0.923,0.189,-4.271,6.782,5.252,8.875,7.521,3.795,-3.746,-5.042,6.508,8.132,-4.815,6.033
30.2000,5,0.138,0.923,0.188,-4.270,6.782,5.252,8.877,7.521,3.795,-3.744,-5.042,6.508,8.133,-4.815,6.033
30.2100,5,0.134,0.923,0.187,-4.269,6.782,5.252,8.879,7.521,3.796,-3.743,-5.042,6.508,8.135,-4.814,6.033
30.2200,5,0.130,0.923,0.186,-4.268,6.782,5.252,8.881,7.521,3.796,-3.741,-5.042,6.508,8.136,-4.814,6.033
30.2300,5,0.127,0.923,0.185,-4.266,6.782,5.252,8.884,7.521,3.797,-3.740,-5.042,6.508,8.138,-4.814,6.033
30.2400,5,0.123,0.923,0.183,-4.265,6.782,5.252,8.886,7.521,3.798,-3.738,-5.041,6.508,8.139,-4.814,6.033
30.2500,5,0.120,0.922,0.182,-4.264,6.782,5.252,8.888,7.521,3.798,-3.737,-5.041,6.508,8.140,-4.814,6.033
30.2600,5,0.117,0.922,0.181,-4.263,6.783,5.252,8.890,7.521,3.799,-3.735,-5.041,6.508,8.142,-4.814,6.033
30.2700,5,0.113,0.922,0.180,-4.262,6.783,5.252,8.892,7.521,3.800,-3.734,-5.041,6.508,8.143,-4.813,6.033
30.2800,5,0.110,0.922,0.178,-4.261,6.783,5.252,8.894,7.521,3.800,-3.732,-5.041,6.508,8.144,-4.813,6.033
30.2900,5,0.107,0.922,0.177,-4.260,6.783,5.252,8.896,7.521,3.801,-3.730,-5.041,6.508,8.146,-4.813,6.033
30.3000,5,0.104,0.921,0.176,-4.259,6.783,5.252,8.898,7.521,3.802,-3.729,-5.041,6.508,8.147,-4.813,6.033
30.3100,5,0.100,0.921,0.175,-4.257,6.783,5.253,8.900,7.521,3.802,-3.727,-5.041,6.508,8.149,-4.813,6.033
30.3200,5,0.097,0.921,0.174,-4.256,6.783,5.253,8.902,7.521,3.803,-3.726,-5.041,6.509,8.150,-4.813,6.033
30.3300,5,0.094,0.921,0.172,-4.255,6.783,5.253,8.904,7.521,3.804,-3.724,-5.041,6.509,8.151,-4.812,6.034
30.3400,5,0.091,0.921,0.171,-4.254,6.783,5.253,8.907,7.521,3.804,-3.723,-5.041,6.509,8.153,-4.812,6.034
30.3500,5,0.088,0.920,0.170,-4.253,6.784,5.253,8.909,7.521,3.805,-3.721,-5.041,6.509,8.154,-4.812,6.034
30.3600,5,0.086,0.920,0.168,-4.252,6.784,5.253,8.911,7.522,3.806,-3.719,-5.041,6.509,8.155,-4.812,6.034
30.3700,5,0.083,0.920,0.167,-4.251,6.784,5.253,8.913,7.522,3.806,-3.718,-5.041,6.509,8.157,-4.812,6.034
30.3800,5,0.080,0.920,0.166,-4.249,6.784,5.253,8.915,7.522,3.807,-3.716,-5.041,6.509,8.158,-4.811,6.034
30.3900,5,0.077,0.919,0.164,-4.248,6.784,5.253,8.917,7.522,3.808,-3.715,-5.041,6.509,8.159,-4.811,6.034
30.4000,5,0.075,0.919,0.163,-4.247,6.784,5.253,8.919,7.522,3.809,-3.713,-5.040,6.509,8.161,-4.811,6.034
30.4100,5,0.072,0.919,0.162,-4.246,6.784,5.253,8.921,7.522,3.809,-3.712,-5.040,6.509,8.162,-4.811,6.035
30.4200,5,0.069,0.919,0.161,-4.245,6.784,5.253,8.923,7.522,3.810,-3.710,-5.040,6.509,8.164,-4.811,6.035
30.4300,5,0.067,0.918,0.159,-4.244,6.784,5.253,8.925,7.522,3.811,-3.709,-5.040,6.509,8.165,-4.811,6.035
30.4400,5,0.064,0.918,0.158,-4.243,6.785,5.254,8.927,7.522,3.811,-3.707,-5.040,6.510,8.166,-4.810,6.035
30.4500,5,0.062,0.918,0.156,-4.242,6.785,5.254,8.929,7.522,3.812,-3.705,-5.040,6.510,8.168,-4.810,6.035
30.4600,5,0.060,0.918,0.155,-4.240,6.785,5.254,8.932,7.522,3.813,-3.704,-5.040,6.510,8.169,-4.810,6.036
30.4700,5,0.057,0.917,0.154,-4.239,6.785,5.254,8.934,7.522,3.814,-3.702,-5.040,6.510,8.170,-4.810,6.036
30.4800,5,0.055,0.917,0.152,-4.238,6.785,5.254,8.936,7.522,3.814,-3.701,-5.040,6.510,8.172,-4.810,6.036
30.4900,5,0.053,0.917,0.151,-4.237,6.785,5.254,8.938,7.523,3.815,-3.699,-5.040,6.510,8.173,-4.809,6.036
30.5000,5,0.051,0.917,0.150,-4.236,6.785,5.254,8.940,7.523,3.816,-3.698,-5.040,6.510,8.175,-4.809,6.036
30.5100,5,0.049,0.916,0.148,-4.235,6.785,5.255,8.942,7.523,3.817,-3.696,-5.040,6.511,8.176,-4.809,6.037
30.5200,5,0.046,0.916,0.147,-4.234,6.785,5.255,8.944,7.523,3.818,-3.695,-5.039,6.511,8.177,-4.809,6.037
30.5300,5,0.044,0.916,0.145,-4.233,6.786,5.255,8.946,7.523,3.818,-3.693,-5.039,6.511,8.179,-4.809,6.037
30.5400,5,0.042,0.916,0.144,-4.231,6.786,5.255,8.948,7.523,3.819,-3.691,-5.039,6.511,8.180,-4.808,6.037
30.5500,5,0.041,0.915,0.142,-4.230,6.786,5.255,8.950,7.523,3.820,-3.690,-5.039,6.511,8.181,-4.808,6.037
30.5600,5,0.039,0.915,0.141,-4.229,6.786,5.255,8.952,7.523,3.821,-3.688,-5.039,6.511,8.183,-4.808,6.038
30.5700,5,0.037,0.915,0.140,-4.228,6.786,5.256,8.954,7.523,3.821,-3.687,-5.039,6.512,8.184,-4.808,6.038
30.5800,5,0.035,0.915,0.138,-4.227,6.786,5.256,8.957,7.523,3.822,-3.685,-5.039,6.512,8.185,-4.808,6.038
30.5900,5,0.033,0.914,0.137,-4.226,6.786,5.256,8.959,7.523,3.823,-3.684,-5.039,6.512,8.187,-4.808,6.038
30.6000,5,0.032,0.914,0.135,-4.225,6.786,5.256,8.961,7.524,3.824,-3.682,-5.039,6.512,8.188,-4.807,6.039
30.6100,5,0.030,0.914,0.134,-4.224,6.787,5.256,8.963,7.524,3.825,-3.680,-5.039,6.512,8.190,-4.807,6.039
30.6200,5,0.028,0.913,0.132,-4.222,6.787,5.257,8.965,7.524,3.826,-3.679,-5.039,6.513,8.191,-4.807,6.039
30.6300,5,0.027,0.913,0.131,-4.221,6.787,5.257,8.967,7.524,3.826,-3.677,-5.038,6.513,8.192,-4.807,6.039
30.6400,5,0.025,0.913,0.129,-4.220,6.787,5.257,8.969,7.524,3.827,-3.676,-5.038,6.513,8.194,-4.807,6.040
30.6500,5,0.024,0.913,0.128,-4.219,6.787,5.257,8.971,7.524,3.828,-3.674,-5.038,6.513,8.195,-4.806,6.040
30.6600,5,0.022,0.912,0.126,-4.218,6.787,5.258,8.973,7.524,3.829,-3.673,-5.038,6.514,8.196,-4.806,6.040
30.6700,5,0.021,0.912,0.125,-4.217,6.787,5.258,8.975,7.524,3.830,-3.671,-5.038,6.514,8.198,-4.806,6.041
30.6800,5,0.019,0.912,0.123,-4.216,6.788,5.258,8.977,7.524,3.831,-3.670,-5.038,6.514,8.199,-4.806,6.041
30.6900,5,0.018,0.912,0.122,-4.215,6.788,5.258,8.979,7.525,3.831,-3.668,-5.038,6.514,8.200,-4.806,6.041
30.7000,5,0.017,0.911,0.120,-4.213,6.788,5.259,8.981,7.525,3.832,-3.666,-5.038,6.515,8.202,-4.805,6.042
30.7100,5,0.016,0.911,0.119,-4.212,6.788,5.259,8.984,7.525,3.833,-3.665,-5.038,6.515,8.203,-4.805,6.042
30.7200,5,0.014,0.911,0.117,-4.211,6.788,5.259,8.986,7.525,3.834,-3.663,-5.038,6.515,8.205,-4.805,6.042
30.7300,5,0.013,0.910,0.115,-4.210,6.788,5.259,8.988,7.525,3.835,-3.662,-5.037,6.516,8.206,-4.805,6.042
30.7400,5,0.012,0.910,0.114,-4.209,6.788,5.260,8.990,7.525,3.836,-3.660,-5.037,6.516,8.207,-4.804,6.043
30.7500,5,0.011,0.910,0.112,-4.208,6.788,5.260,8.992,7.525,3.837,-3.659,-5.037,6.516,8.209,-4.804,6.043
30.7600,5,0.010,0.910,0.111,-4.207,6.789,5.260,8.994,7.525,3.837,-3.657,-5.037,6.516,8.210,-4.804,6.044
30.7700,5,0.009,0.909,0.109,-4.206,6.789,5.261,8.996,7.526,3.838,-3.656,-5.037,6.517,8.211,-4.804,6.044
30.7800,5,0.008,0.909,0.108,-4.204,6.789,5.261,8.998,7.526,3.839,-3.654,-5.037,6.517,8.213,-4.804,6.044
30.7900,5,0.007,0.909,0.106,-4.203,6.789,5.261,9.000,7.526,3.840,-3.652,-5.037,6.517,8.214,-4.803,6.045
30.8000,5,0.006,0.909,0.104,-4.202,6.789,5.262,9.002,7.526,3.841,-3.651,-5.037,6.518,8.215,-4.803,6.045
30.8100,5,0.005,0.908,0.103,-4.201,6.789,5.262,9.004,7.526,3.842,-3.649,-5.037,6.518,8.217,-4.803,6.045
30.8200,5,0.004,0.908,0.101,-4.200,6.789,5.262,9.006,7.526,3.843,-3.648,-5.036,6.518,8.218,-4.803,6.046
30.8300,5,0.004,0.908,0.100,-4.199,6.790,5.263,9.008,7.526,3.844,-3.646,-5.036,6.519,8.220,-4.803,6.046
30.8400,5,0.003,0.908,0.098,-4.198,6.790,5.263,9.010,7.527,3.845,-3.645,-5.036,6.519,8.221,-4.802,6.046
30.8500,5,0.002,0.907,0.096,-4.197,6.790,5.263,9.013,7.527,3.846,-3.643,-5.036,6.520,8.222,-4.802,6.047
30.8600,5,0.002,0.907,0.095,-4.195,6.790,5.264,9.015,7.527,3.846,-3.642,-5.036,6.520,8.224,-4.802,6.047
30.8700,5,0.001,0.907,0.093,-4.194,6.790,5.264,9.017,7.527,3.847,-3.640,-5.036,6.520,8.225,-4.802,6.048
30.8800,5,0.000,0.907,0.092,-4.193,6.790,5.264,9.019,7.527,3.848,-3.638,-5.036,6.521,8.226,-4.801,6.048
30.8900,5,-0.000,0.907,0.090,-4.192,6.790,5.265,9.021,7.527,3.849,-3.637,-5.036,6.521,8.228,-4.801,6.048
30.9000,5,-0.001,0.906,0.088,-4.191,6.791,5.265,9.023,7.527,3.850,-3.635,-5.035,6.521,8.229,-4.801,6.049
30.9100,5,-0.001,0.906,0.087,-4.190,6.791,5.266,9.025,7.528,3.851,-3.634,-5.035,6.522,8.230,-4.801,6.049
30.9200,5,-0.002,0.906,0.085,-4.189,6.791,5.266,9.027,7.528,3.852,-3.632,-5.035,6.522,8.232,-4.801,6.050
30.9300,5,-0.002,0.906,0.083,-4.188,6.791,5.266,9.029,7.528,3.853,-3.631,-5.035,6.523,8.233,-4.800,6.050
30.9400,5,-0.003,0.905,0.082,-4.186,6.791,5.267,9.031,7.528,3.854,-3.629,-5.035,6.523,8.235,-4.800,6.051
30.9500,5,-0.003,0.905,0.080,-4.185,6.791,5.267,9.033,7.528,3.855,-3.628,-5.035,6.523,8.236,-4.800,6.051
30.9600,5,-0.004,0.905,0.078,-4.184,6.791,5.268,9.035,7.528,3.856,-3.626,-5.035,6.524,8.237,-4.800,6.051
30.9700,5,-0.004,0.905,0.077,-4.183,6.792,5.268,9.037,7.529,3.857,-3.625,-5.035,6.524,8.239,-4.799,6.052
30.9800,5,-0.004,0.905,0.075,-4.182,6.792,5.268,9.039,7.529,3.858,-3.623,-5.034,6.525,8.240,-4.799,6.052
30.9900,5,-0.005,0.904,0.073,-4.181,6.792,5.269,9.041,7.529,3.859,-3.621,-5.034,6.525,8.241,-4.799,6.053
31.0000,5,-0.005,0.904,0.072,-4.180,6.792,5.269,9.044,7.529,3.860,-3.620,-5.034,6.526,8.243,-4.799,6.053
31.0100,5,-0.005,0.904,0.070,-4.179,6.792,5.270,9.046,7.529,3.861,-3.618,-5.034,6.526,8.244,-4.799,6.054
31.0200,5,-0.005,0.904,0.068,-4.177,6.792,5.270,9.048,7.529,3.862,-3.617,-5.034,6.526,8.245,-4.798,6.054
31.0300,5,-0.005,0.904,0.067,-4.176,6.793,5.271,9.050,7.530,3.863,-3.615,-5.034,6.527,8.247,-4.798,6.055
31.0400,5,-0.006,0.903,0.065,-4.175,6.793,5.271,9.052,7.530,3.864,-3.614,-5.034,6.527,8.248,-4.798,6.055
31.0500,5,-0.006,0.903,0.063,-4.174,6.793,5.272,9.054,7.530,3.865,-3.612,-5.033,6.528,8.249,-4.798,6.056
31.0600,5,-0.006,0.903,0.062,-4.173,6.793,5.272,9.056,7.530,3.866,-3.611,-5.033,6.528,8.251,-4.797,6.056
31.0700,5,-0.006,0.903,0.060,-4.172,6.793,5.273,9.058,7.530,3.867,-3.609,-5.033,6.529,8.252,-4.797,6.057
31.0800,5,-0.006,0.903,0.058,-4.171,6.793,5.273,9.060,7.530,3.868,-3.607,-5.033,6.529,8.254,-4.797,6.057
31.0900,5,-0.006,0.903,0.057,-4.170,6.794,5.273,9.062,7.531,3.869,-3.606,-5.033,6.530,8.255,-4.797,6.058
31.1000,5,-0.006,0.902,0.055,-4.168,6.794,5.274,9.064,7.531,3.870,-3.604,-5.033,6.530,8.256,-4.796,6.058
31.1100,5,-0.006,0.902,0.053,-4.167,6.794,5.274,9.066,7.531,3.871,-3.603,-5.033,6.531,8.258,-4.796,6.059
31.1200,5,-0.006,0.902,0.051,-4.166,6.794,5.275,9.068,7.531,3.872,-3.601,-5.032,6.531,8.259,-4.796,6.059
31.1300,5,-0.006,0.902,0.050,-4.165,6.794,5.275,9.070,7.531,3.873,-3.600,-5.032,6.532,8.260,-4.796,6.060
31.1400,5,-0.006,0.902,0.048,-4.164,6.794,5.276,9.072,7.532,3.874,-3.598,-5.032,6.532,8.262,-4.795,6.060
31.1500,5,-0.006,0.902,0.046,-4.163,6.794,5.276,9.074,7.532,3.875,-3.597,-5.032,6.533,8.263,-4.795,6.061
31.1600,5,-0.006,0.902,0.045,-4.162,6.795,5.277,9.076,7.532,3.876,-3.595,-5.032,6.533,8.264,-4.795,6.061
31.1700,5,-0.006,0.902,0.043,-4.161,6.795,5.278,9.079,7.532,3.877,-3.594,-5.032,6.534,8.266,-4.795,6.062
31.1800,5,-0.006,0.901,0.041,-4.160,6.795,5.278,9.081,7.532,3.878,-3.592,-5.031,6.534,8.267,-4.794,6.062
31.1900,5,-0.006,0.901,0.039,-4.158,6.795,5.279,9.083,7.533,3.879,-3.590,-5.031,6.535,8.269,-4.794,6.063
31.2000,5,-0.005,0.901,0.038,-4.157,6.795,5.279,9.085,7.533,3.880,-3.589,-5.031,6.535,8.270,-4.794,6.063
31.2100,5,-0.005,0.901,0.036,-4.156,6.795,5.280,9.087,7.533,3.881,-3.587,-5.031,6.536,8.271,-4.794,6.064
31.2200,5,-0.005,0.901,0.034,-4.155,6.796,5.280,9.089,7.533,3.882,-3.586,-5.031,6.537,8.273,-4.793,6.065
31.2300,5,-0.005,0.901,0.032,-4.154,6.796,5.281,9.091,7.533,3.883,-3.584,-5.031,6.537,8.274,-4.793,6.065
31.2400,5,-0.005,0.901,0.031,-4.153,6.796,5.281,9.093,7.534,3.884,-3.583,-5.030,6.538,8.275,-4.793,6.066
31.2500,5,-0.004,0.901,0.029,-4.152,6.796,5.282,9.095,7.534,3.885,-3.581,-5.030,6.538,8.277,-4.793,6.066
31.2600,5,-0.004,0.901,0.027,-4.151,6.796,5.282,9.097,7.534,3.886,-3.580,-5.030,6.539,8.278,-4.792,6.067
31.2700,5,-0.004,0.901,0.025,-4.149,6.797,5.283,9.099,7.534,3.887,-3.578,-5.030,6.539,8.279,-4.792,6.067
31.2800,5,-0.004,0.900,0.024,-4.148,6.797,5.284,9.101,7.534,3.888,-3.576,-5.030,6.540,8.281,-4.792,6.068
31.2900,5,-0.004,0.900,0.022,-4.147,6.797,5.284,9.103,7.535,3.889,-3.575,-5.030,6.541,8.282,-4.792,6.069
31.3000,5,-0.003,0.900,0.020,-4.146,6.797,5.285,9.105,7.535,3.890,-3.573,-5.029,6.541,8.283,-4.791,6.069
31.3100,5,-0.003,0.900,0.019,-4.145,6.797,5.285,9.107,7.535,3.891,-3.572,-5.029,6.542,8.285,-4.791,6.070
31.3200,5,-0.003,0.900,0.017,-4.144,6.797,5.286,9.109,7.535,3.893,-3.570,-5.029,6.542,8.286,-4.791,6.070
31.3300,5,-0.003,0.900,0.015,-4.143,6.798,5.286,9.111,7.535,3.894,-3.569,-5.029,6.543,8.288,-4.791,6.071
31.3400,5,-0.002,0.900,0.013,-4.142,6.798,5.287,9.113,7.536,3.895,-3.567,-5.029,6.544,8.289,-4.790,6.072
31.3500,5,-0.002,0.900,0.012,-4.140,6.798,5.288,9.116,7.536,3.896,-3.566,-5.029,6.544,8.290,-4.790,6.072
31.3600,5,-0.002,0.900,0.010,-4.139,6.798,5.288,9.118,7.536,3.897,-3.564,-5.028,6.545,8.292,-4.790,6.073
31.3700,5,-0.001,0.900,0.008,-4.138,6.798,5.289,9.120,7.536,3.898,-3.563,-5.028,6.545,8.293,-4.790,6.073
31.3800,5,-0.001,0.900,0.006,-4.137,6.798,5.290,9.122,7.537,3.899,-3.561,-5.028,6.546,8.294,-4.789,6.074
31.3900,5,-0.001,0.900,0.005,-4.136,6.799,5.290,9.124,7.537,3.900,-3.559,-5.028,6.547,8.296,-4.789,6.075
31.4000,5,-0.000,0.900,0.003,-4.135,6.799,5.291,9.126,7.537,3.901,-3.558,-5.028,6.547,8.297,-4.789,6.075
31.4100,5,-0.000,0.900,0.001,-4.134,6.799,5.291,9.128,7.537,3.902,-3.556,-5.028,6.548,8.298,-4.789,6.076
31.4200,5,0.000,0.900,-0.001,-4.133,6.799,5.292,9.130,7.538,3.903,-3.555,-5.027,6.549,8.300,-4.788,6.077
31.4300,5,0.000,0.900,-0.002,-4.132,6.799,5.293,9.132,7.538,3.905,-3.553,-5.027,6.549,8.301,-4.788,6.077
31.4400,5,0.001,0.900,-0.004,-4.130,6.800,5.293,9.134,7.538,3.906,-3.552,-5.027,6.550,8.302,-4.788,6.078
31.4500,5,0.001,0.900,-0.006,-4.129,6.800,5.294,9.136,7.538,3.907,-3.550,-5.027,6.551,8.304,-4.787,6.078
31.4600,5,0.001,0.900,-0.008,-4.128,6.800,5.295,9.138,7.539,3.908,-3.549,-5.027,6.551,8.305,-4.787,6.079
31.4700,5,0.002,0.900,-0.009,-4.127,6.800,5.295,9.140,7.539,3.909,-3.547,-5.026,6.552,8.306,-4.787,6.080
31.4800,5,0.002,0.900,-0.011,-4.126,6.800,5.296,9.142,7.539,3.910,-3.546,-5.026,6.553,8.308,-4.787,6.080
31.4900,5,0.002,0.900,-0.013,-4.125,6.800,5.297,9.144,7.539,3.911,-3.544,-5.026,6.553,8.309,-4.786,6.081
31.5000,5,0.002,0.900,-0.015,-4.124,6.801,5.297,9.146,7.539,3.912,-3.543,-5.026,6.554,8.311,-4.786,6.082
31.5100,5,0.003,0.900,-0.016,-4.123,6.801,5.298,9.148,7.540,3.913,-3.541,-5.026,6.555,8.312,-4.786,6.082
31.5200,5,0.003,0.900,-0.018,-4.121,6.801,5.299,9.150,7.540,3.915,-3.539,-5.025,6.555,8.313,-4.786,6.083
31.5300,5,0.003,0.900,-0.020,-4.120,6.801,5.299,9.152,7.540,3.916,-3.538,-5.025,6.556,8.315,-4.785,6.084
31.5400,5,0.004,0.900,-0.022,-4.119,6.801,5.300,9.154,7.540,3.917,-3.536,-5.025,6.557,8.316,-4.785,6.084
31.5500,5,0.004,0.900,-0.023,-4.118,6.802,5.301,9.156,7.541,3.918,-3.535,-5.025,6.557,8.317,-4.785,6.085
31.5600,5,0.004,0.901,-0.025,-4.117,6.802,5.301,9.159,7.541,3.919,-3.533,-5.025,6.558,8.319,-4.784,6.086
31.5700,5,0.004,0.901,-0.027,-4.116,6.802,5.302,9.161,7.541,3.920,-3.532,-5.025,6.559,8.320,-4.784,6.086
31.5800,5,0.004,0.901,-0.029,-4.115,6.802,5.303,9.163,7.542,3.921,-3.530,-5.024,6.559,8.321,-4.784,6.087
31.5900,5,0.005,0.901,-0.030,-4.114,6.802,5.303,9.165,7.542,3.922,-3.529,-5.024,6.560,8.323,-4.784,6.088
31.6000,5,0.005,0.901,-0.032,-4.113,6.803,5.304,9.167,7.542,3.924,-3.527,-5.024,6.561,8.324,-4.783,6.089
31.6100,5,0.005,0.901,-0.034,-4.111,6.803,5.305,9.169,7.542,3.925,-3.526,-5.024,6.562,8.325,-4.783,6.089
31.6200,5,0.005,0.901,-0.036,-4.110,6.803,5.306,9.171,7.543,3.926,-3.524,-5.024,6.562,8.327,-4.783,6.090
31.6300,5,0.005,0.901,-0.037,-4.109,6.803,5.306,9.173,7.543,3.927,-3.522,-5.023,6.563,8.328,-4.783,6.091
31.6400,5,0.006,0.901,-0.039,-4.108,6.803,5.307,9.175,7.543,3.928,-3.521,-5.023,6.564,8.329,-4.782,6.091
31.6500,5,0.006,0.901,-0.041,-4.107,6.804,5.308,9.177,7.543,3.929,-3.519,-5.023,6.565,8.331,-4.782,6.092
31.6600,5,0.006,0.901,-0.043,-4.106,6.804,5.309,9.179,7.544,3.930,-3.518,-5.023,6.565,8.332,-4.782,6.093
31.6700,5,0.006,0.902,-0.044,-4.105,6.804,5.309,9.181,7.544,3.932,-3.516,-5.022,6.566,8.334,-4.781,6.093
31.6800,5,0.006,0.902,-0.046,-4.104,6.804,5.310,9.183,7.544,3.933,-3.515,-5.022,6.567,8.335,-4.781,6.094
31.6900,5,0.006,0.902,-0.048,-4.102,6.804,5.311,9.185,7.544,3.934,-3.513,-5.022,6.567,8.336,-4.781,6.095
31.7000,5,0.006,0.902,-0.049,-4.101,6.805,5.311,9.187,7.545,3.935,-3.512,-5.022,6.568,8.338,-4.781,6.096
31.7100,5,0.006,0.902,-0.051,-4.100,6.805,5.312,9.189,7.545,3.936,-3.510,-5.022,6.569,8.339,-4.780,6.096
31.7200,5,0.006,0.902,-0.053,-4.099,6.805,5.313,9.191,7.545,3.937,-3.509,-5.021,6.570,8.340,-4.780,6.097
31.7300,5,0.006,0.902,-0.055,-4.098,6.805,5.314,9.193,7.546,3.939,-3.507,-5.021,6.570,8.342,-4.780,6.098
31.7400,5,0.006,0.903,-0.056,-4.097,6.805,5.314,9.195,7.546,3.940,-3.506,-5.021,6.571,8.343,-4.779,6.099
31.7500,5,0.006,0.903,-0.058,-4.096,6.806,5.315,9.197,7.546,3.941,-3.504,-5.021,6.572,8.344,-4.779,6.099
31.7600,5,0.006,0.903,-0.060,-4.095,6.806,5.316,9.199,7.546,3.942,-3.502,-5.021,6.573,8.346,-4.779,6.100
31.7700,5,0.006,0.903,-0.061,-4.094,6.806,5.317,9.201,7.547,3.943,-3.501,-5.020,6.574,8.347,-4.778,6.101
31.7800,5,0.006,0.903,-0.063,-4.092,6.806,5.317,9.203,7.547,3.944,-3.499,-5.020,6.574,8.348,-4.778,6.102
31.7900,5,0.006,0.903,-0.065,-4.091,6.806,5.318,9.205,7.547,3.946,-3.498,-5.020,6.575,8.350,-4.778,6.102
31.8000,5,0.005,0.904,-0.066,-4.090,6.807,5.319,9.207,7.548,3.947,-3.496,-5.020,6.576,8.351,-4.778,6.103
31.8100,5,0.005,0.904,-0.068,-4.089,6.807,5.320,9.209,7.548,3.948,-3.495,-5.019,6.577,8.352,-4.777,6.104
31.8200,5,0.005,0.904,-0.070,-4.088,6.807,5.321,9.212,7.548,3.949,-3.493,-5.019,6.577,8.354,-4.777,6.105
31.8300,5,0.005,0.904,-0.071,-4.087,6.807,5.321,9.214,7.549,3.950,-3.492,-5.019,6.578,8.355,-4.777,6.105
31.8400,5,0.005,0.904,-0.073,-4.086,6.807,5.322,9.216,7.549,3.951,-3.490,-5.019,6.579,8.356,-4.776,6.106
31.8500,5,0.004,0.905,-0.075,-4.085,6.808,5.323,9.218,7.549,3.953,-3.489,-5.019,6.580,8.358,-4.776,6.107
31.8600,5,0.004,0.905,-0.076,-4.083,6.808,5.324,9.220,7.549,3.954,-3.487,-5.018,6.581,8.359,-4.776,6.108
31.8700,5,0.004,0.905,-0.078,-4.082,6.808,5.324,9.222,7.550,3.955,-3.486,-5.018,6.581,8.361,-4.776,6.108
31.8800,5,0.003,0.905,-0.080,-4.081,6.808,5.325,9.224,7.550,3.956,-3.484,-5.018,6.582,8.362,-4.775,6.109
31.8900,5,0.003,0.905,-0.081,-4.080,6.808,5.326,9.226,7.550,3.957,-3.483,-5.018,6.583,8.363,-4.775,6.110
31.9000,5,0.002,0.906,-0.083,-4.079,6.809,5.327,9.228,7.551,3.959,-3.481,-5.017,6.584,8.365,-4.775,6.111
31.9100,5,0.002,0.906,-0.085,-4.078,6.809,5.328,9.230,7.551,3.960,-3.479,-5.017,6.585,8.366,-4.774,6.111
31.9200,5,0.001,0.906,-0.086,-4.077,6.809,5.328,9.232,7.551,3.961,-3.478,-5.017,6.585,8.367,-4.774,6.112
31.9300,5,0.001,0.906,-0.088,-4.076,6.809,5.329,9.234,7.552,3.962,-3.476,-5.017,6.586,8.369,-4.774,6.113
31.9400,5,0.000,0.906,-0.090,-4.075,6.810,5.330,9.236,7.552,3.963,-3.475,-5.016,6.587,8.370,-4.773,6.114
31.9500,5,-0.000,0.907,-0.091,-4.073,6.810,5.331,9.238,7.552,3.965,-3.473,-5.016,6.588,8.371,-4.773,6.115
31.9600,5,-0.001,0.907,-0.093,-4.072,6.810,5.332,9.240,7.553,3.966,-3.472,-5.016,6.589,8.373,-4.773,6.115
31.9700,5,-0.001,0.907,-0.095,-4.071,6.810,5.333,9.242,7.553,3.967,-3.470,-5.016,6.590,8.374,-4.772,6.116
31.9800,5,-0.002,0.907,-0.096,-4.070,6.810,5.333,9.244,7.553,3.968,-3.469,-5.016,6.590,8.375,-4.772,6.117
31.9900,5,-0.003,0.908,-0.098,-4.069,6.811,5.334,9.246,7.554,3.969,-3.467,-5.015,6.591,8.377,-4.772,6.118
32.0000,5,-0.004,0.908,-0.099,-4.068,6.811,5.335,9.248,7.554,3.970,-3.466,-5.015,6.592,8.378,-4.771,6.118
32.0100,5,-0.004,0.908,-0.101,-4.067,6.811,5.336,9.250,7.554,3.972,-3.464,-5.015,6.593,8.379,-4.771,6.119
32.0200,5,-0.005,0.908,-0.103,-4.066,6.811,5.337,9.252,7.554,3.973,-3.463,-5.015,6.594,8.381,-4.771,6.120
32.0300,5,-0.006,0.909,-0.104,-4.065,6.812,5.337,9.254,7.555,3.974,-3.461,-5.014,6.595,8.382,-4.771,6.121
32.0400,5,-0.007,0.909,-0.106,-4.063,6.812,5.338,9.256,7.555,3.975,-3.460,-5.014,6.595,8.383,-4.770,6.122
32.0500,5,-0.008,0.909,-0.107,-4.062,6.812,5.339,9.258,7.555,3.976,-3.458,-5.014,6.596,8.385,-4.770,6.122
32.0600,5,-0.009,0.909,-0.109,-4.061,6.812,5.340,9.260,7.556,3.978,-3.456,-5.014,6.597,8.386,-4.770,6.123
32.0700,5,-0.010,0.910,-0.111,-4.060,6.812,5.341,9.262,7.556,3.979,-3.455,-5.013,6.598,8.388,-4.769,6.124
32.0800,5,-0.011,0.910,-0.112,-4.059,6.813,5.342,9.264,7.557,3.980,-3.453,-5.013,6.599,8.389,-4.769,6.125
32.0900,5,-0.012,0.910,-0.114,-4.058,6.813,5.342,9.266,7.557,3.981,-3.452,-5.013,6.600,8.390,-4.769,6.126
32.1000,5,-0.013,0.910,-0.115,-4.057,6.813,5.343,9.268,7.557,3.982,-3.450,-5.013,6.601,8.392,-4.768,6.126
32.1100,5,-0.014,0.911,-0.117,-4.056,6.813,5.344,9.270,7.558,3.984,-3.449,-5.012,6.601,8.393,-4.768,6.127
32.1200,5,-0.015,0.911,-0.118,-4.054,6.814,5.345,9.272,7.558,3.985,-3.447,-5.012,6.602,8.394,-4.768,6.128
32.1300,5,-0.017,0.911,-0.120,-4.053,6.814,5.346,9.274,7.558,3.986,-3.446,-5.012,6.603,8.396,-4.767,6.129
32.1400,5,-0.018,0.911,-0.121,-4.052,6.814,5.347,9.276,7.559,3.987,-3.444,-5.012,6.604,8.397,-4.767,6.130
32.1500,5,-0.019,0.912,-0.123,-4.051,6.814,5.348,9.278,7.559,3.988,-3.443,-5.011,6.605,8.398,-4.767,6.130
32.1600,5,-0.021,0.912,-0.124,-4.050,6.814,5.348,9.280,7.559,3.990,-3.441,-5.011,6.606,8.400,-4.766,6.131
32.1700,5,-0.022,0.912,-0.126,-4.049,6.815,5.349,9.282,7.560,3.991,-3.440,-5.011,6.607,8.401,-4.766,6.132
32.1800,5,-0.023,0.913,-0.127,-4.048,6.815,5.350,9.284,7.560,3.992,-3.438,-5.011,6.607,8.402,-4.766,6.133
32.1900,5,-0.025,0.913,-0.129,-4.047,6.815,5.351,9.287,7.560,3.993,-3.437,-5.010,6.608,8.404,-4.765,6.134
32.2000,5,-0.026,0.913,-0.130,-4.046,6.815,5.352,9.289,7.561,3.995,-3.435,-5.010,6.609,8.405,-4.765,6.135
32.2100,5,-0.028,0.913,-0.132,-4.044,6.816,5.353,9.291,7.561,3.996,-3.434,-5.010,6.610,8.406,-4.765,6.135
32.2200,5,-0.030,0.914,-0.133,-4.043,6.816,5.354,9.293,7.561,3.997,-3.432,-5.009,6.611,8.408,-4.764,6.136
32.2300,5,-0.031,0.914,-0.135,-4.042,6.816,5.354,9.295,7.562,3.998,-3.430,-5.009,6.612,8.409,-4.764,6.137
32.2400,5,-0.033,0.914,-0.136,-4.041,6.816,5.355,9.297,7.562,3.999,-3.429,-5.009,6.613,8.410,-4.764,6.138
32.2500,5,-0.035,0.914,-0.138,-4.040,6.817,5.356,9.299,7.563,4.001,-3.427,-5.009,6.614,8.412,-4.763,6.139
32.2600,5,-0.036,0.915,-0.139,-4.039,6.817,5.357,9.301,7.563,4.002,-3.426,-5.008,6.614,8.413,-4.763,6.139
32.2700,5,-0.038,0.915,-0.141,-4.038,6.817,5.358,9.303,7.563,4.003,-3.424,-5.008,6.615,8.414,-4.763,6.140
32.2800,5,-0.040,0.915,-0.142,-4.037,6.817,5.359,9.305,7.564,4.004,-3.423,-5.008,6.616,8.416,-4.762,6.141
32.2900,5,-0.042,0.916,-0.144,-4.036,6.818,5.360,9.307,7.564,4.005,-3.421,-5.008,6.617,8.417,-4.762,6.142
32.3000,5,-0.044,0.916,-0.145,-4.034,6.818,5.360,9.309,7.564,4.007,-3.420,-5.007,6.618,8.418,-4.762,6.143
32.3100,5,-0.046,0.916,-0.146,-4.033,6.818,5.361,9.311,7.565,4.008,-3.418,-5.007,6.619,8.420,-4.761,6.144
32.3200,5,-0.048,0.916,-0.148,-4.032,6.818,5.362,9.313,7.565,4.009,-3.417,-5.007,6.620,8.421,-4.761,6.144
32.3300,5,-0.050,0.917,-0.149,-4.031,6.819,5.363,9.315,7.566,4.010,-3.415,-5.006,6.621,8.422,-4.761,6.145
32.3400,5,-0.052,0.917,-0.151,-4.030,6.819,5.364,9.317,7.566,4.011,-3.414,-5.006,6.621,8.424,-4.760,6.146
32.3500,5,-0.055,0.917,-0.152,-4.029,6.819,5.365,9.319,7.566,4.013,-3.412,-5.006,6.622,8.425,-4.760,6.147
32.3600,5,-0.057,0.917,-0.153,-4.028,6.819,5.366,9.321,7.567,4.014,-3.411,-5.006,6.623,8.426,-4.760,6.148
32.3700,5,-0.059,0.918,-0.155,-4.027,6.820,5.367,9.323,7.567,4.015,-3.409,-5.005,6.624,8.428,-4.759,6.148
32.3800,5,-0.062,0.918,-0.156,-4.026,6.820,5.367,9.325,7.567,4.016,-3.408,-5.005,6.625,8.429,-4.759,6.149
32.3900,5,-0.064,0.918,-0.158,-4.024,6.820,5.368,9.327,7.568,4.017,-3.406,-5.005,6.626,8.431,-4.759,6.150
32.4000,5,-0.066,0.918,-0.159,-4.023,6.820,5.369,9.329,7.568,4.019,-3.404,-5.004,6.627,8.432,-4.758,6.151
32.4100,5,-0.069,0.919,-0.160,-4.022,6.821,5.370,9.331,7.569,4.020,-3.403,-5.004,6.628,8.433,-4.758,6.152
32.4200,5,-0.072,0.919,-0.162,-4.021,6.821,5.371,9.333,7.569,4.021,-3.401,-5.004,6.629,8.435,-4.758,6.153
32.4300,5,-0.074,0.919,-0.163,-4.020,6.821,5.372,9.335,7.569,4.022,-3.400,-5.004,6.629,8.436,-4.757,6.153
32.4400,5,-0.077,0.919,-0.164,-4.019,6.821,5.373,9.337,7.570,4.023,-3.398,-5.003,6.630,8.437,-4.757,6.154
32.4500,5,-0.079,0.920,-0.166,-4.018,6.822,5.374,9.339,7.570,4.025,-3.397,-5.003,6.631,8.439,-4.757,6.155
32.4600,5,-0.082,0.920,-0.167,-4.017,6.822,5.374,9.341,7.571,4.026,-3.395,-5.003,6.632,8.440,-4.756,6.156
32.4700,5,-0.085,0.920,-0.168,-4.016,6.822,5.375,9.343,7.571,4.027,-3.394,-5.002,6.633,8.441,-4.756,6.157
32.4800,5,-0.088,0.920,-0.169,-4.014,6.822,5.376,9.345,7.571,4.028,-3.392,-5.002,6.634,8.443,-4.755,6.157
32.4900,5,-0.091,0.921,-0.171,-4.013,6.823,5.377,9.347,7.572,4.029,-3.391,-5.002,6.635,8.444,-4.755,6.158
32.5000,5,-0.094,0.921,-0.172,-4.012,6.823,5.378,9.349,7.572,4.031,-3.389,-5.002,6.636,8.445,-4.755,6.159
32.5100,5,-0.097,0.921,-0.173,-4.011,6.823,5.379,9.351,7.573,4.032,-3.388,-5.001,6.637,8.447,-4.754,6.160
32.5200,5,-0.100,0.921,-0.175,-4.010,6.823,5.380,9.353,7.573,4.033,-3.386,-5.001,6.637,8.448,-4.754,6.161
32.5300,5,-0.103,0.921,-0.176,-4.009,6.824,5.381,9.355,7.573,4.034,-3.385,-5.001,6.638,8.449,-4.754,6.162
32.5400,5,-0.106,0.922,-0.177,-4.008,6.824,5.381,9.357,7.574,4.035,-3.383,-5.000,6.639,8.451,-4.753,6.162
32.5500,5,-0.109,0.922,-0.178,-4.007,6.824,5.382,9.359,7.574,4.036,-3.382,-5.000,6.640,8.452,-4.753,6.163
32.5600,5,-0.113,0.922,-0.179,-4.006,6.824,5.383,9.361,7.575,4.038,-3.380,-5.000,6.641,8.453,-4.753,6.164
32.5700,5,-0.116,0.922,-0.181,-4.005,6.825,5.384,9.363,7.575,4.039,-3.379,-4.999,6.642,8.455,-4.752,6.165
32.5800,5,-0.119,0.922,-0.182,-4.003,6.825,5.385,9.365,7.576,4.040,-3.377,-4.999,6.643,8.456,-4.752,6.166
32.5900,5,-0.123,0.923,-0.183,-4.002,6.825,5.386,9.367,7.576,4.041,-3.376,-4.999,6.644,8.457,-4.751,6.167
32.6000,5,-0.126,0.923,-0.184,-4.001,6.825,5.387,9.369,7.576,4.042,-3.374,-4.999,6.645,8.459,-4.751,6.167
32.6100,5,-0.130,0.923,-0.185,-4.000,6.826,5.388,9.371,7.577,4.044,-3.373,-4.998,6.645,8.460,-4.751,6.168
32.6200,5,-0.133,0.923,-0.187,-3.999,6.826,5.388,9.373,7.577,4.045,-3.371,-4.998,6.646,8.461,-4.750,6.169
32.6300,5,-0.137,0.923,-0.188,-3.998,6.826,5.389,9.375,7.578,4.046,-3.370,-4.998,6.647,8.463,-4.750,6.170
32.6400,5,-0.141,0.923,-0.189,-3.997,6.826,5.390,9.377,7.578,4.047,-3.368,-4.997,6.648,8.464,-4.750,6.171
32.6500,5,-0.144,0.924,-0.190,-3.996,6.827,5.391,9.379,7.579,4.048,-3.366,-4.997,6.649,8.465,-4.749,6.171
32.6600,5,-0.148,0.924,-0.191,-3.995,6.827,5.392,9.381,7.579,4.049,-3.365,-4.997,6.650,8.467,-4.749,6.172
32.6700,5,-0.152,0.924,-0.192,-3.993,6.827,5.393,9.383,7.579,4.051,-3.363,-4.996,6.651,8.468,-4.749,6.173
32.6800,5,-0.156,0.924,-0.193,-3.992,6.828,5.394,9.385,7.580,4.052,-3.362,-4.996,6.652,8.469,-4.748,6.174
32.6900,5,-0.160,0.924,-0.195,-3.991,6.828,5.394,9.387,7.580,4.053,-3.360,-4.996,6.653,8.471,-4.748,6.175
32.7000,5,-0.164,0.924,-0.196,-3.990,6.828,5.395,9.389,7.581,4.054,-3.359,-4.995,6.653,8.472,-4.747,6.175
32.7100,5,-0.168,0.924,-0.197,-3.989,6.828,5.396,9.391,7.581,4.055,-3.357,-4.995,6.654,8.473,-4.747,6.176
32.7200,5,-0.172,0.924,-0.198,-3.988,6.829,5.397,9.393,7.582,4.057,-3.356,-4.995,6.655,8.475,-4.747,6.177
32.7300,5,-0.176,0.924,-0.199,-3.987,6.829,5.398,9.395,7.582,4.058,-3.354,-4.994,6.656,8.476,-4.746,6.178
32.7400,5,-0.180,0.925,-0.200,-3.986,6.829,5.399,9.397,7.583,4.059,-3.353,-4.994,6.657,8.477,-4.746,6.179
32.7500,5,-0.185,0.925,-0.201,-3.985,6.829,5.400,9.399,7.583,4.060,-3.351,-4.994,6.658,8.479,-4.746,6.179
32.7600,5,-0.189,0.925,-0.202,-3.984,6.830,5.401,9.401,7.583,4.061,-3.350,-4.993,6.659,8.480,-4.745,6.180
32.7700,5,-0.193,0.925,-0.203,-3.982,6.830,5.401,9.403,7.584,4.062,-3.348,-4.993,6.660,8.481,-4.745,6.181
32.7800,5,-0.198,0.925,-0.204,-3.981,6.830,5.402,9.405,7.584,4.063,-3.347,-4.993,6.660,8.483,-4.744,6.182
32.7900,5,-0.202,0.925,-0.205,-3.980,6.831,5.403,9.407,7.585,4.065,-3.345,-4.992,6.661,8.484,-4.744,6.183
32.8000,5,-0.207,0.925,-0.206,-3.979,6.831,5.404,9.409,7.585,4.066,-3.344,-4.992,6.662,8.485,-4.744,6.183
32.8100,5,-0.211,0.925,-0.207,-3.978,6.831,5.405,9.411,7.586,4.067,-3.342,-4.992,6.663,8.487,-4.743,6.184
32.8200,5,-0.216,0.925,-0.208,-3.977,6.831,5.406,9.413,7.586,4.068,-3.341,-4.991,6.664,8.488,-4.743,6.185
32.8300,5,-0.221,0.925,-0.209,-3.976,6.832,5.407,9.415,7.587,4.069,-3.339,-4.991,6.665,8.489,-4.742,6.186
32.8400,5,-0.225,0.925,-0.210,-3.975,6.832,5.407,9.417,7.587,4.070,-3.338,-4.991,6.666,8.491,-4.742,6.187
32.8500,5,-0.230,0.925,-0.211,-3.974,6.832,5.408,9.419,7.588,4.072,-3.336,-4.990,6.667,8.492,-4.742,6.187
32.8600,5,-0.235,0.925,-0.212,-3.972,6.832,5.409,9.421,7.588,4.073,-3.335,-4.990,6.667,8.493,-4.741,6.188
32.8700,5,-0.240,0.925,-0.213,-3.971,6.833,5.410,9.423,7.589,4.074,-3.333,-4.990,6.668,8.495,-4.741,6.189
32.8800,5,-0.245,0.925,-0.214,-3.970,6.833,5.411,9.425,7.589,4.075,-3.332,-4.989,6.669,8.496,-4.741,6.190
32.8900,5,-0.250,0.925,-0.215,-3.969,6.833,5.412,9.427,7.589,4.076,-3.330,-4.989,6.670,8.497,-4.740,6.191
32.9000,5,-0.255,0.925,-0.215,-3.968,6.834,5.412,9.429,7.590,4.077,-3.329,-4.989,6.671,8.499,-4.740,6.191
32.9100,5,-0.260,0.925,-0.216,-3.967,6.834,5.413,9.431,7.590,4.078,-3.327,-4.988,6.672,8.500,-4.739,6.192
32.9200,5,-0.265,0.925,-0.217,-3.966,6.834,5.414,9.432,7.591,4.080,-3.326,-4.988,6.673,8.501,-4.739,6.193
32.9300,5,-0.270,0.925,-0.218,-3.965,6.834,5.415,9.434,7.591,4.081,-3.324,-4.988,6.673,8.503,-4.739,6.194
32.9400,5,-0.275,0.924,-0.219,-3.964,6.835,5.416,9.436,7.592,4.082,-3.323,-4.987,6.674,8.504,-4.738,6.194
32.9500,5,-0.281,0.924,-0.220,-3.963,6.835,5.417,9.438,7.592,4.083,-3.321,-4.987,6.675,8.505,-4.738,6.195
32.9600,5,-0.286,0.924,-0.221,-3.962,6.835,5.418,9.440,7.593,4.084,-3.320,-4.987,6.676,8.507,-4.737,6.196
32.9700,5,-0.291,0.924,-0.221,-3.960,6.836,5.418,9.442,7.593,4.085,-3.318,-4.986,6.677,8.508,-4.737,6.197
32.9800,5,-0.297,0.924,-0.222,-3.959,6.836,5.419,9.444,7.594,4.086,-3.317,-4.986,6.678,8.509,-4.737,6.197
32.9900,5,-0.302,0.924,-0.223,-3.958,6.836,5.420,9.446,7.594,4.087,-3.315,-4.986,6.678,8.511,-4.736,6.198
33.0000,5,-0.308,0.924,-0.224,-3.957,6.837,5.421,9.448,7.595,4.089,-3.314,-4.985,6.679,8.512,-4.736,6.199
33.0100,5,-0.313,0.923,-0.225,-3.956,6.837,5.422,9.450,7.595,4.090,-3.312,-4.985,6.680,8.513,-4.735,6.200
33.0200,5,-0.319,0.923,-0.225,-3.955,6.837,5.422,9.452,7.596,4.091,-3.311,-4.985,6.681,8.514,-4.735,6.200
33.0300,5,-0.325,0.923,-0.226,-3.954,6.837,5.423,9.454,7.596,4.092,-3.309,-4.984,6.682,8.516,-4.735,6.201
33.0400,5,-0.331,0.923,-0.227,-3.953,6.838,5.424,9.456,7.597,4.093,-3.308,-4.984,6.683,8.517,-4.734,6.202
33.0500,5,-0.336,0.923,-0.228,-3.952,6.838,5.425,9.458,7.597,4.094,-3.306,-4.983,6.684,8.518,-4.734,6.203
33.0600,5,-0.342,0.922,-0.228,-3.951,6.838,5.426,9.460,7.598,4.095,-3.305,-4.983,6.684,8.520,-4.733,6.203
33.0700,5,-0.348,0.922,-0.229,-3.949,6.839,5.427,9.462,7.598,4.096,-3.303,-4.983,6.685,8.521,-4.733,6.204
33.0800,5,-0.354,0.922,-0.230,-3.948,6.839,5.427,9.464,7.599,4.097,-3.302,-4.982,6.686,8.522,-4.732,6.205
33.0900,5,-0.360,0.922,-0.230,-3.947,6.839,5.428,9.466,7.599,4.098,-3.300,-4.982,6.687,8.524,-4.732,6.206
33.1000,5,-0.366,0.921,-0.231,-3.946,6.840,5.429,9.468,7.600,4.100,-3.299,-4.982,6.688,8.525,-4.732,6.206
33.1100,5,-0.372,0.921,-0.232,-3.945,6.840,5.430,9.470,7.600,4.101,-3.297,-4.981,6.688,8.526,-4.731,6.207
33.1200,5,-0.378,0.921,-0.232,-3.944,6.840,5.431,9.472,7.601,4.102,-3.296,-4.981,6.689,8.528,-4.731,6.208
33.1300,5,-0.384,0.920,-0.233,-3.943,6.840,5.431,9.474,7.601,4.103,-3.294,-4.981,6.690,8.529,-4.730,6.209
33.1400,5,-0.390,0.920,-0.234,-3.942,6.841,5.432,9.476,7.602,4.104,-3.293,-4.980,6.691,8.530,-4.730,6.209
33.1500,5,-0.397,0.920,-0.234,-3.941,6.841,5.433,9.478,7.602,4.105,-3.291,-4.980,6.692,8.532,-4.730,6.210
33.1600,5,-0.403,0.919,-0.235,-3.940,6.841,5.434,9.480,7.603,4.106,-3.290,-4.979,6.692,8.533,-4.729,6.211
33.1700,5,-0.409,0.919,-0.235,-3.939,6.842,5.435,9.481,7.604,4.107,-3.288,-4.979,6.693,8.534,-4.729,6.211
33.1800,5,-0.415,0.919,-0.236,-3.937,6.842,5.435,9.483,7.604,4.108,-3.287,-4.979,6.694,8.536,-4.728,6.212
33.1900,5,-0.422,0.918,-0.237,-3.936,6.842,5.436,9.485,7.605,4.109,-3.285,-4.978,6.695,8.537,-4.728,6.213
33.2000,5,-0.428,0.918,-0.237,-3.935,6.843,5.437,9.487,7.605,4.110,-3.284,-4.978,6.696,8.538,-4.727,6.214
33.2100,5,-0.435,0.917,-0.238,-3.934,6.843,5.438,9.489,7.606,4.111,-3.282,-4.977,6.696,8.539,-4.727,6.214
33.2200,5,-0.441,0.917,-0.238,-3.933,6.843,5.438,9.491,7.606,4.112,-3.281,-4.977,6.697,8.541,-4.727,6.215
33.2300,5,-0.448,0.916,-0.239,-3.932,6.844,5.439,9.493,7.607,4.114,-3.279,-4.977,6.698,8.542,-4.726,6.216
33.2400,5,-0.454,0.916,-0.239,-3.931,6.844,5.440,9.495,7.607,4.115,-3.278,-4.976,6.699,8.543,-4.726,6.216
33.2500,5,-0.461,0.915,-0.240,-3.930,6.844,5.441,9.497,7.608,4.116,-3.276,-4.976,6.700,8.545,-4.725,6.217
33.2600,5,-0.468,0.915,-0.240,-3.929,6.844,5.441,9.499,7.608,4.117,-3.275,-4.976,6.700,8.546,-4.725,6.218
33.2700,5,-0.475,0.914,-0.241,-3.928,6.845,5.442,9.501,7.609,4.118,-3.274,-4.975,6.701,8.547,-4.724,6.218
33.2800,5,-0.481,0.914,-0.241,-3.927,6.845,5.443,9.503,7.609,4.119,-3.272,-4.975,6.702,8.549,-4.724,6.219
33.2900,5,-0.488,0.913,-0.242,-3.926,6.845,5.444,9.505,7.610,4.120,-3.271,-4.974,6.703,8.550,-4.724,6.220
33.3000,5,-0.495,0.912,-0.242,-3.924,6.846,5.444,9.507,7.611,4.121,-3.269,-4.974,6.703,8.551,-4.723,6.220
33.3100,5,-0.502,0.912,-0.243,-3.923,6.846,5.445,9.509,7.611,4.122,-3.268,-4.974,6.704,8.553,-4.723,6.221
33.3200,5,-0.509,0.911,-0.243,-3.922,6.846,5.446,9.510,7.612,4.123,-3.266,-4.973,6.705,8.554,-4.722,6.222
33.3300,5,-0.516,0.911,-0.243,-3.921,6.847,5.447,9.512,7.612,4.124,-3.265,-4.973,6.706,8.555,-4.722,6.222
33.3400,5,-0.523,0.910,-0.244,-3.920,6.847,5.447,9.514,7.613,4.125,-3.263,-4.972,6.706,8.556,-4.721,6.223
33.3500,5,-0.530,0.909,-0.244,-3.919,6.847,5.448,9.516,7.613,4.126,-3.262,-4.972,6.707,8.558,-4.721,6.224
33.3600,5,-0.537,0.908,-0.245,-3.918,6.848,5.449,9.518,7.614,4.127,-3.260,-4.972,6.708,8.559,-4.721,6.224
33.3700,5,-0.544,0.908,-0.245,-3.917,6.848,5.450,9.520,7.614,4.128,-3.259,-4.971,6.709,8.560,-4.720,6.225
33.3800,5,-0.551,0.907,-0.245,-3.916,6.848,5.450,9.522,7.615,4.129,-3.257,-4.971,6.709,8.562,-4.720,6.226
33.3900,5,-0.558,0.906,-0.246,-3.915,6.849,5.451,9.524,7.616,4.130,-3.256,-4.970,6.710,8.563,-4.719,6.226
33.4000,5,-0.565,0.905,-0.246,-3.914,6.849,5.452,9.526,7.616,4.131,-3.254,-4.970,6.711,8.564,-4.719,6.227
33.4100,5,-0.572,0.905,-0.246,-3.913,6.849,5.452,9.528,7.617,4.132,-3.253,-4.970,6.712,8.566,-4.718,6.228
33.4200,5,-0.580,0.904,-0.246,-3.912,6.850,5.453,9.530,7.617,4.133,-3.251,-4.969,6.712,8.567,-4.718,6.228
33.4300,5,-0.587,0.903,-0.247,-3.910,6.850,5.454,9.532,7.618,4.134,-3.250,-4.969,6.713,8.568,-4.717,6.229
33.4400,5,-0.594,0.902,-0.247,-3.909,6.850,5.455,9.533,7.618,4.135,-3.249,-4.968,6.714,8.569,-4.717,6.230
33.4500,5,-0.602,0.901,-0.247,-3.908,6.851,5.455,9.535,7.619,4.136,-3.247,-4.968,6.715,8.571,-4.717,6.230
33.4600,5,-0.609,0.900,-0.248,-3.907,6.851,5.456,9.537,7.620,4.137,-3.246,-4.968,6.715,8.572,-4.716,6.231
33.4700,5,-0.616,0.900,-0.248,-3.906,6.851,5.457,9.539,7.620,4.138,-3.244,-4.967,6.716,8.573,-4.716,6.231
33.4800,5,-0.624,0.899,-0.248,-3.905,6.852,5.457,9.541,7.621,4.139,-3.243,-4.967,6.717,8.575,-4.715,6.232
33.4900,5,-0.631,0.898,-0.248,-3.904,6.852,5.458,9.543,7.621,4.140,-3.241,-4.966,6.717,8.576,-4.715,6.233
33.5000,5,-0.639,0.897,-0.248,-3.903,6.852,5.459,9.545,7.622,4.141,-3.240,-4.966,6.718,8.577,-4.714,6.233
33.5100,5,-0.646,0.896,-0.249,-3.902,6.853,5.459,9.547,7.623,4.142,-3.238,-4.965,6.719,8.578,-4.714,6.234
33.5200,5,-0.654,0.895,-0.249,-3.901,6.853,5.460,9.549,7.623,4.143,-3.237,-4.965,6.719,8.580,-4.713,6.234
33.5300,5,-0.661,0.894,-0.249,-3.900,6.853,5.461,9.550,7.624,4.144,-3.235,-4.965,6.720,8.581,-4.713,6.235
33.5400,5,-0.669,0.893,-0.249,-3.899,6.854,5.461,9.552,7.624,4.145,-3.234,-4.964,6.721,8.582,-4.712,6.236
33.5500,5,-0.677,0.892,-0.249,-3.898,6.854,5.462,9.554,7.625,4.146,-3.233,-4.964,6.721,8.584,-4.712,6.236
33.5600,5,-0.684,0.890,-0.249,-3.897,6.854,5.463,9.556,7.626,4.147,-3.231,-4.963,6.722,8.585,-4.712,6.237
33.5700,5,-0.692,0.889,-0.250,-3.895,6.855,5.463,9.558,7.626,4.148,-3.230,-4.963,6.723,8.586,-4.711,6.237
33.5800,5,-0.700,0.888,-0.250,-3.894,6.855,5.464,9.560,7.627,4.149,-3.228,-4.962,6.723,8.587,-4.711,6.238
33.5900,5,-0.707,0.887,-0.250,-3.893,6.855,5.465,9.562,7.627,4.150,-3.227,-4.962,6.724,8.589,-4.710,6.238
33.6000,5,-0.715,0.886,-0.250,-3.892,6.856,5.465,9.564,7.628,4.151,-3.225,-4.962,6.725,8.590,-4.710,6.239
33.6100,5,-0.723,0.885,-0.250,-3.891,6.856,5.466,9.565,7.629,4.152,-3.224,-4.961,6.725,8.591,-4.709,6.240
33.6200,5,-0.731,0.883,-0.250,-3.890,6.856,5.466,9.567,7.629,4.153,-3.222,-4.961,6.726,8.593,-4.709,6.240
33.6300,5,-0.738,0.882,-0.250,-3.889,6.857,5.467,9.569,7.630,4.154,-3.221,-4.960,6.727,8.594,-4.708,6.241
33.6400,5,-0.746,0.881,-0.250,-3.888,6.857,5.468,9.571,7.631,4.155,-3.220,-4.960,6.727,8.595,-4.708,6.241
33.6500,5,-0.754,0.880,-0.250,-3.887,6.857,5.468,9.573,7.631,4.155,-3.218,-4.959,6.728,8.596,-4.707,6.242
33.6600,5,-0.762,0.878,-0.250,-3.886,6.858,5.469,9.575,7.632,4.156,-3.217,-4.959,6.729,8.598,-4.707,6.242
33.6700,5,-0.770,0.877,-0.250,-3.885,6.858,5.470,9.577,7.632,4.157,-3.215,-4.959,6.729,8.599,-4.706,6.243
33.6800,5,-0.777,0.876,-0.250,-3.884,6.858,5.470,9.578,7.633,4.158,-3.214,-4.958,6.730,8.600,-4.706,6.243
33.6900,5,-0.785,0.874,-0.250,-3.883,6.859,5.471,9.580,7.634,4.159,-3.212,-4.958,6.730,8.601,-4.705,6.244
33.7000,5,-0.793,0.873,-0.250,-3.882,6.859,5.471,9.582,7.634,4.160,-3.211,-4.957,6.731,8.603,-4.705,6.244
33.7100,5,-0.801,0.871,-0.250,-3.881,6.859,5.472,9.584,7.635,4.161,-3.210,-4.957,6.732,8.604,-4.705,6.245
33.7200,5,-0.809,0.870,-0.250,-3.880,6.860,5.473,9.586,7.636,4.162,-3.208,-4.956,6.732,8.605,-4.704,6.245
33.7300,5,-0.817,0.869,-0.250,-3.879,6.860,5.473,9.588,7.636,4.163,-3.207,-4.956,6.733,8.606,-4.704,6.246
33.7400,5,-0.825,0.867,-0.250,-3.878,6.861,5.474,9.590,7.637,4.164,-3.205,-4.955,6.733,8.608,-4.703,6.246
33.7500,5,-0.833,0.866,-0.250,-3.877,6.861,5.474,9.591,7.637,4.165,-3.204,-4.955,6.734,8.609,-4.703,6.247
33.7600,5,-0.841,0.864,-0.249,-3.875,6.861,5.475,9.593,7.638,4.166,-3.203,-4.954,6.735,8.610,-4.702,6.247
33.7700,5,-0.849,0.862,-0.249,-3.874,6.862,5.475,9.595,7.639,4.167,-3.201,-4.954,6.735,8.611,-4.702,6.248
33.7800,5,-0.857,0.861,-0.249,-3.873,6.862,5.476,9.597,7.639,4.167,-3.200,-4.954,6.736,8.613,-4.701,6.248
33.7900,5,-0.865,0.859,-0.249,-3.872,6.862,5.476,9.599,7.640,4.168,-3.198,-4.953,6.736,8.614,-4.701,6.249
33.8000,5,-0.873,0.858,-0.249,-3.871,6.863,5.477,9.600,7.641,4.169,-3.197,-4.953,6.737,8.615,-4.700,6.249
33.8100,5,-0.881,0.856,-0.249,-3.870,6.863,5.478,9.602,7.641,4.170,-3.195,-4.952,6.737,8.616,-4.700,6.250
33.8200,5,-0.889,0.854,-0.248,-3.869,6.863,5.478,9.604,7.642,4.171,-3.194,-4.952,6.738,8.618,-4.699,6.250
33.8300,5,-0.897,0.853,-0.248,-3.868,6.864,5.479,9.606,7.643,4.172,-3.193,-4.951,6.738,8.619,-4.699,6.251
33.8400,5,-0.905,0.851,-0.248,-3.867,6.864,5.479,9.608,7.643,4.173,-3.191,-4.951,6.739,8.620,-4.698,6.251
33.8500,5,-0.913,0.849,-0.248,-3.866,6.865,5.480,9.610,7.644,4.174,-3.190,-4.950,6.740,8.621,-4.698,6.252
33.8600,5,-0.921,0.847,-0.248,-3.865,6.865,5.480,9.611,7.645,4.175,-3.188,-4.950,6.740,8.623,-4.697,6.252
33.8700,5,-0.929,0.845,-0.247,-3.864,6.865,5.481,9.613,7.645,4.175,-3.187,-4.949,6.741,8.624,-4.697,6.252
33.8800,5,-0.937,0.844,-0.247,-3.863,6.866,5.481,9.615,7.646,4.176,-3.186,-4.949,6.741,8.625,-4.696,6.253
33.8900,5,-0.945,0.842,-0.247,-3.862,6.866,5.482,9.617,7.647,4.177,-3.184,-4.948,6.742,8.626,-4.696,6.253
33.9000,5,-0.953,0.840,-0.246,-3.861,6.866,5.482,9.619,7.647,4.178,-3.183,-4.948,6.742,8.628,-4.695,6.254
33.9100,5,-0.961,0.838,-0.246,-3.860,6.867,5.483,9.620,7.648,4.179,-3.182,-4.947,6.743,8.629,-4.695,6.254
33.9200,5,-0.969,0.836,-0.246,-3.859,6.867,5.483,9.622,7.649,4.180,-3.180,-4.947,6.743,8.630,-4.694,6.255
33.9300,5,-0.977,0.834,-0.246,-3.858,6.868,5.484,9.624,7.649,4.181,-3.179,-4.947,6.744,8.631,-4.694,6.255
33.9400,5,-0.985,0.832,-0.245,-3.857,6.868,5.484,9.626,7.650,4.182,-3.177,-4.946,6.744,8.633,-4.693,6.255
33.9500,5,-0.993,0.830,-0.245,-3.856,6.868,5.485,9.627,7.651,4.182,-3.176,-4.946,6.745,8.634,-4.693,6.256
33.9600,5,-1.001,0.828,-0.245,-3.855,6.869,5.485,9.629,7.651,4.183,-3.175,-4.945,6.745,8.635,-4.692,6.256
33.9700,5,-1.009,0.826,-0.244,-3.854,6.869,5.486,9.631,7.652,4.184,-3.173,-4.945,6.746,8.636,-4.692,6.257
33.9800,5,-1.018,0.824,-0.244,-3.853,6.869,5.486,9.633,7.653,4.185,-3.172,-4.944,6.746,8.637,-4.691,6.257
33.9900,5,-1.026,0.822,-0.243,-3.852,6.870,5.486,9.634,7.654,4.186,-3.171,-4.944,6.747,8.639,-4.691,6.257
34.0000,5,-1.034,0.820,-0.243,-3.851,6.870,5.487,9.636,7.654,4.187,-3.169,-4.943,6.747,8.640,-4.690,6.258
34.0100,5,-1.042,0.817,-0.243,-3.850,6.871,5.487,9.638,7.655,4.188,-3.168,-4.943,6.748,8.641,-4.690,6.258
34.0200,5,-1.050,0.815,-0.242,-3.849,6.871,5.488,9.640,7.656,4.188,-3.166,-4.942,6.748,8.642,-4.689,6.259
34.0300,5,-1.058,0.813,-0.242,-3.848,6.871,5.488,9.641,7.656,4.189,-3.165,-4.942,6.748,8.644,-4.689,6.259
34.0400,5,-1.066,0.811,-0.241,-3.847,6.872,5.489,9.643,7.657,4.190,-3.164,-4.941,6.749,8.645,-4.688,6.259
34.0500,5,-1.073,0.808,-0.241,-3.846,6.872,5.489,9.645,7.658,4.191,-3.162,-4.941,6.749,8.646,-4.688,6.260
34.0600,5,-1.081,0.806,-0.240,-3.845,6.872,5.489,9.647,7.658,4.192,-3.161,-4.940,6.750,8.647,-4.687,6.260
34.0700,5,-1.089,0.804,-0.240,-3.844,6.873,5.490,9.648,7.659,4.192,-3.160,-4.940,6.750,8.648,-4.687,6.260
34.0800,5,-1.097,0.801,-0.239,-3.843,6.873,5.490,9.650,7.660,4.193,-3.158,-4.939,6.751,8.650,-4.686,6.261
34.0900,5,-1.105,0.799,-0.239,-3.842,6.874,5.491,9.652,7.661,4.194,-3.157,-4.939,6.751,8.651,-4.686,6.261
34.1000,5,-1.113,0.797,-0.238,-3.841,6.874,5.491,9.654,7.661,4.195,-3.156,-4.938,6.751,8.652,-4.685,6.261
34.1100,5,-1.121,0.794,-0.238,-3.840,6.874,5.491,9.655,7.662,4.196,-3.154,-4.938,6.752,8.653,-4.685,6.262
34.1200,5,-1.129,0.792,-0.237,-3.839,6.875,5.492,9.657,7.663,4.197,-3.153,-4.937,6.752,8.654,-4.684,6.262
34.1300,5,-1.137,0.789,-0.237,-3.838,6.875,5.492,9.659,7.664,4.197,-3.152,-4.937,6.753,8.656,-4.683,6.262
34.1400,5,-1.145,0.787,-0.236,-3.837,6.876,5.493,9.660,7.664,4.198,-3.150,-4.936,6.753,8.657,-4.683,6.263
34.1500,5,-1.152,0.784,-0.235,-3.836,6.876,5.493,9.662,7.665,4.199,-3.149,-4.936,6.753,8.658,-4.682,6.263
34.1600,5,-1.160,0.782,-0.235,-3.835,6.876,5.493,9.664,7.666,4.200,-3.148,-4.935,6.754,8.659,-4.682,6.263
34.1700,5,-1.168,0.779,-0.234,-3.834,6.877,5.494,9.665,7.666,4.201,-3.146,-4.935,6.754,8.660,-4.681,6.263
34.1800,5,-1.176,0.776,-0.234,-3.833,6.877,5.494,9.667,7.667,4.201,-3.145,-4.934,6.754,8.662,-4.681,6.264
34.1900,5,-1.184,0.774,-0.233,-3.832,6.878,5.494,9.669,7.668,4.202,-3.144,-4.934,6.755,8.663,-4.680,6.264
34.2000,5,-1.191,0.771,-0.232,-3.831,6.878,5.495,9.671,7.669,4.203,-3.142,-4.933,6.755,8.664,-4.680,6.264
34.2100,5,-1.199,0.768,-0.232,-3.830,6.878,5.495,9.672,7.669,4.204,-3.141,-4.932,6.755,8.665,-4.679,6.264
34.2200,5,-1.207,0.766,-0.231,-3.829,6.879,5.495,9.674,7.670,4.205,-3.140,-4.932,6.756,8.666,-4.679,6.265
34.2300,5,-1.214,0.763,-0.230,-3.828,6.879,5.496,9.676,7.671,4.205,-3.138,-4.931,6.756,8.667,-4.678,6.265
34.2400,5,-1.222,0.760,-0.230,-3.827,6.880,5.496,9.677,7.672,4.206,-3.137,-4.931,6.757,8.669,-4.678,6.265
34.2500,5,-1.230,0.757,-0.229,-3.826,6.880,5.496,9.679,7.672,4.207,-3.136,-4.930,6.757,8.670,-4.677,6.266
34.2600,5,-1.237,0.754,-0.228,-3.825,6.880,5.497,9.681,7.673,4.208,-3.134,-4.930,6.757,8.671,-4.677,6.266
34.2700,5,-1.245,0.751,-0.228,-3.824,6.881,5.497,9.682,7.674,4.208,-3.133,-4.929,6.757,8.672,-4.676,6.266
34.2800,5,-1.252,0.749,-0.227,-3.823,6.881,5.497,9.684,7.675,4.209,-3.132,-4.929,6.758,8.673,-4.675,6.266
34.2900,5,-1.260,0.746,-0.226,-3.822,6.882,5.497,9.685,7.675,4.210,-3.131,-4.928,6.758,8.674,-4.675,6.266
34.3000,5,-1.267,0.743,-0.225,-3.821,6.882,5.498,9.687,7.676,4.211,-3.129,-4.928,6.758,8.676,-4.674,6.267
34.3100,5,-1.275,0.740,-0.225,-3.820,6.882,5.498,9.689,7.677,4.212,-3.128,-4.927,6.759,8.677,-4.674,6.267
34.3200,5,-1.282,0.737,-0.224,-3.819,6.883,5.498,9.690,7.678,4.212,-3.127,-4.927,6.759,8.678,-4.673,6.267
34.3300,5,-1.290,0.734,-0.223,-3.818,6.883,5.499,9.692,7.678,4.213,-3.125,-4.926,6.759,8.679,-4.673,6.267
34.3400,5,-1.297,0.730,-0.222,-3.817,6.884,5.499,9.694,7.679,4.214,-3.124,-4.926,6.759,8.680,-4.672,6.267
34.3500,5,-1.304,0.727,-0.221,-3.816,6.884,5.499,9.695,7.680,4.215,-3.123,-4.925,6.760,8.681,-4.672,6.268
34.3600,5,-1.312,0.724,-0.221,-3.815,6.884,5.499,9.697,7.681,4.215,-3.122,-4.925,6.760,8.683,-4.671,6.268
34.3700,5,-1.319,0.721,-0.220,-3.814,6.885,5.500,9.698,7.682,4.216,-3.120,-4.924,6.760,8.684,-4.671,6.268
34.3800,5,-1.326,0.718,-0.219,-3.813,6.885,5.500,9.700,7.682,4.217,-3.119,-4.923,6.761,8.685,-4.670,6.268
34.3900,5,-1.333,0.715,-0.218,-3.812,6.886,5.500,9.702,7.683,4.218,-3.118,-4.923,6.761,8.686,-4.669,6.268
34.4000,5,-1.341,0.711,-0.217,-3.811,6.886,5.500,9.703,7.684,4.218,-3.116,-4.922,6.761,8.687,-4.669,6.269
34.4100,5,-1.348,0.708,-0.216,-3.810,6.887,5.500,9.705,7.685,4.219,-3.115,-4.922,6.761,8.688,-4.668,6.269
34.4200,5,-1.355,0.705,-0.215,-3.809,6.887,5.501,9.706,7.685,4.220,-3.114,-4.921,6.761,8.689,-4.668,6.269
34.4300,5,-1.362,0.701,-0.215,-3.808,6.887,5.501,9.708,7.686,4.221,-3.113,-4.921,6.762,8.690,-4.667,6.269
34.4400,5,-1.369,0.698,-0.214,-3.808,6.888,5.501,9.709,7.687,4.221,-3.111,-4.920,6.762,8.692,-4.667,6.269
34.4500,5,-1.376,0.695,-0.213,-3.807,6.888,5.501,9.711,7.688,4.222,-3.110,-4.920,6.762,8.693,-4.666,6.269
34.4600,5,-1.383,0.691,-0.212,-3.806,6.889,5.501,9.713,7.689,4.223,-3.109,-4.919,6.762,8.694,-4.666,6.269
34.4700,5,-1.390,0.688,-0.211,-3.805,6.889,5.502,9.714,7.689,4.223,-3.108,-4.918,6.762,8.695,-4.665,6.270
34.4800,5,-1.397,0.684,-0.210,-3.804,6.889,5.502,9.716,7.690,4.224,-3.107,-4.918,6.763,8.696,-4.664,6.270
34.4900,5,-1.404,0.681,-0.209,-3.803,6.890,5.502,9.717,7.691,4.225,-3.105,-4.917,6.763,8.697,-4.664,6.270
34.5000,5,-1.410,0.677,-0.208,-3.802,6.890,5.502,9.719,7.692,4.226,-3.104,-4.917,6.763,8.698,-4.663,6.270
34.5100,5,-1.417,0.674,-0.207,-3.801,6.891,5.502,9.720,7.693,4.226,-3.103,-4.916,6.763,8.699,-4.663,6.270
34.5200,5,-1.424,0.670,-0.206,-3.800,6.891,5.502,9.722,7.693,4.227,-3.102,-4.916,6.763,8.701,-4.662,6.270
34.5300,5,-1.431,0.666,-0.205,-3.799,6.892,5.503,9.723,7.694,4.228,-3.100,-4.915,6.764,8.702,-4.662,6.270
34.5400,5,-1.437,0.663,-0.204,-3.798,6.892,5.503,9.725,7.695,4.228,-3.099,-4.915,6.764,8.703,-4.661,6.270
34.5500,5,-1.444,0.659,-0.203,-3.797,6.892,5.503,9.726,7.696,4.229,-3.098,-4.914,6.764,8.704,-4.660,6.270
34.5600,5,-1.450,0.655,-0.202,-3.796,6.893,5.503,9.728,7.697,4.230,-3.097,-4.913,6.764,8.705,-4.660,6.270
34.5700,5,-1.457,0.651,-0.201,-3.795,6.893,5.503,9.729,7.698,4.231,-3.096,-4.913,6.764,8.706,-4.659,6.270
34.5800,5,-1.463,0.648,-0.200,-3.795,6.894,5.503,9.731,7.698,4.231,-3.094,-4.912,6.764,8.707,-4.659,6.270
34.5900,5,-1.470,0.644,-0.199,-3.794,6.894,5.503,9.732,7.699,4.232,-3.093,-4.912,6.764,8.708,-4.658,6.271
34.6000,5,-1.476,0.640,-0.198,-3.793,6.895,5.503,9.734,7.700,4.233,-3.092,-4.911,6.764,8.709,-4.658,6.271
34.6100,5,-1.482,0.636,-0.197,-3.792,6.895,5.503,9.735,7.701,4.233,-3.091,-4.911,6.765,8.710,-4.657,6.271
34.6200,5,-1.489,0.632,-0.196,-3.791,6.896,5.504,9.737,7.702,4.234,-3.090,-4.910,6.765,8.711,-4.656,6.271
34.6300,5,-1.495,0.628,-0.195,-3.790,6.896,5.504,9.738,7.702,4.235,-3.088,-4.909,6.765,8.712,-4.656,6.271
34.6400,5,-1.501,0.624,-0.193,-3.789,6.896,5.504,9.740,7.703,4.235,-3.087,-4.909,6.765,8.714,-4.655,6.271
34.6500,5,-1.507,0.620,-0.192,-3.788,6.897,5.504,9.741,7.704,4.236,-3.086,-4.908,6.765,8.715,-4.655,6.271
34.6600,5,-1.513,0.616,-0.191,-3.787,6.897,5.504,9.743,7.705,4.237,-3.085,-4.908,6.765,8.716,-4.654,6.271
34.6700,5,-1.519,0.612,-0.190,-3.786,6.898,5.504,9.744,7.706,4.237,-3.084,-4.907,6.765,8.717,-4.653,6.271
34.6800,5,-1.525,0.608,-0.189,-3.786,6.898,5.504,9.746,7.707,4.238,-3.083,-4.906,6.765,8.718,-4.653,6.271
34.6900,5,-1.531,0.604,-0.188,-3.785,6.899,5.504,9.747,7.707,4.239,-3.081,-4.906,6.765,8.719,-4.652,6.271
34.7000,5,-1.537,0.600,-0.187,-3.784,6.899,5.504,9.748,7.708,4.240,-3.080,-4.905,6.765,8.720,-4.652,6.271
34.7100,5,-1.543,0.596,-0.185,-3.783,6.899,5.504,9.750,7.709,4.240,-3.079,-4.905,6.765,8.721,-4.651,6.271
34.7200,5,-1.548,0.592,-0.184,-3.782,6.900,5.504,9.751,7.710,4.241,-3.078,-4.904,6.765,8.722,-4.651,6.271
34.7300,5,-1.554,0.587,-0.183,-3.781,6.900,5.504,9.753,7.711,4.242,-3.077,-4.904,6.765,8.723,-4.650,6.271
34.7400,5,-1.560,0.583,-0.182,-3.780,6.901,5.504,9.754,7.712,4.242,-3.076,-4.903,6.765,8.724,-4.649,6.271
34.7500,5,-1.565,0.579,-0.181,-3.779,6.901,5.504,9.755,7.713,4.243,-3.075,-4.902,6.765,8.725,-4.649,6.271
34.7600,5,-1.571,0.575,-0.179,-3.779,6.902,5.504,9.757,7.713,4.244,-3.073,-4.902,6.765,8.726,-4.648,6.271
34.7700,5,-1.576,0.570,-0.178,-3.778,6.902,5.504,9.758,7.714,4.244,-3.072,-4.901,6.766,8.727,-4.648,6.271
34.7800,5,-1.582,0.566,-0.177,-3.777,6.903,5.504,9.760,7.715,4.245,-3.071,-4.901,6.766,8.728,-4.647,6.271
34.7900,5,-1.587,0.562,-0.176,-3.776,6.903,5.504,9.761,7.716,4.246,-3.070,-4.900,6.766,8.729,-4.646,6.270
34.8000,5,-1.592,0.557,-0.175,-3.775,6.904,5.504,9.762,7.717,4.246,-3.069,-4.899,6.766,8.730,-4.646,6.270
34.8100,5,-1.598,0.553,-0.173,-3.774,6.904,5.504,9.764,7.718,4.247,-3.068,-4.899,6.765,8.731,-4.645,6.270
34.8200,5,-1.603,0.548,-0.172,-3.773,6.904,5.504,9.765,7.719,4.247,-3.067,-4.898,6.765,8.732,-4.645,6.270
34.8300,5,-1.608,0.544,-0.171,-3.773,6.905,5.504,9.766,7.719,4.248,-3.066,-4.898,6.765,8.733,-4.644,6.270
34.8400,5,-1.613,0.539,-0.169,-3.772,6.905,5.504,9.768,7.720,4.249,-3.064,-4.897,6.765,8.734,-4.643,6.270
34.8500,5,-1.618,0.535,-0.168,-3.771,6.906,5.504,9.769,7.721,4.249,-3.063,-4.896,6.765,8.735,-4.643,6.270
34.8600,5,-1.623,0.530,-0.167,-3.770,6.906,5.504,9.770,7.722,4.250,-3.062,-4.896,6.765,8.736,-4.642,6.270
34.8700,5,-1.628,0.525,-0.166,-3.769,6.907,5.504,9.772,7.723,4.251,-3.061,-4.895,6.765,8.737,-4.642,6.270
34.8800,5,-1.633,0.521,-0.164,-3.768,6.907,5.504,9.773,7.724,4.251,-3.060,-4.895,6.765,8.738,-4.641,6.270
34.8900,5,-1.638,0.516,-0.163,-3.767,6.908,5.504,9.774,7.725,4.252,-3.059,-4.894,6.765,8.739,-4.640,6.270
34.9000,5,-1.642,0.511,-0.162,-3.767,6.908,5.504,9.776,7.725,4.253,-3.058,-4.893,6.765,8.740,-4.640,6.269
34.9100,5,-1.647,0.507,-0.160,-3.766,6.909,5.504,9.777,7.726,4.253,-3.057,-4.893,6.765,8.741,-4.639,6.269
34.9200,5,-1.652,0.502,-0.159,-3.765,6.909,5.503,9.778,7.727,4.254,-3.056,-4.892,6.765,8.742,-4.639,6.269
34.9300,5,-1.656,0.497,-0.158,-3.764,6.909,5.503,9.779,7.728,4.254,-3.055,-4.891,6.765,8.743,-4.638,6.269
34.9400,5,-1.661,0.492,-0.156,-3.763,6.910,5.503,9.781,7.729,4.255,-3.054,-4.891,6.765,8.744,-4.637,6.269
34.9500,5,-1.665,0.488,-0.155,-3.762,6.910,5.503,9.782,7.730,4.256,-3.053,-4.890,6.765,8.745,-4.637,6.269
34.9600,5,-1.669,0.483,-0.153,-3.762,6.911,5.503,9.783,7.731,4.256,-3.052,-4.890,6.765,8.746,-4.636,6.269
34.9700,5,-1.674,0.478,-0.152,-3.761,6.911,5.503,9.785,7.732,4.257,-3.051,-4.889,6.764,8.747,-4.635,6.268
34.9800,5,-1.678,0.473,-0.151,-3.760,6.912,5.503,9.786,7.733,4.258,-3.049,-4.888,6.764,8.748,-4.635,6.268
34.9900,5,-1.682,0.468,-0.149,-3.759,6.912,5.503,9.787,7.733,4.258,-3.048,-4.888,6.764,8.749,-4.634,6.268
35.0000,5,-1.686,0.463,-0.148,-3.758,6.913,5.502,9.788,7.734,4.259,-3.047,-4.887,6.764,8.750,-4.634,6.268
35.0100,5,-1.690,0.458,-0.146,-3.758,6.913,5.502,9.789,7.735,4.259,-3.046,-4.887,6.764,8.751,-4.633,6.268
35.0200,5,-1.694,0.453,-0.145,-3.757,6.914,5.502,9.791,7.736,4.260,-3.045,-4.886,6.764,8.752,-4.632,6.268
35.0300,5,-1.698,0.448,-0.144,-3.756,6.914,5.502,9.792,7.737,4.261,-3.044,-4.885,6.764,8.753,-4.632,6.267
35.0400,5,-1.702,0.443,-0.142,-3.755,6.915,5.502,9.793,7.738,4.261,-3.043,-4.885,6.764,8.754,-4.631,6.267
35.0500,5,-1.706,0.438,-0.141,-3.754,6.915,5.502,9.794,7.739,4.262,-3.042,-4.884,6.763,8.755,-4.631,6.267
35.0600,5,-1.709,0.433,-0.139,-3.754,6.916,5.502,9.796,7.740,4.263,-3.041,-4.883,6.763,8.756,-4.630,6.267
35.0700,5,-1.713,0.428,-0.138,-3.753,6.916,5.501,9.797,7.741,4.263,-3.040,-4.883,6.763,8.757,-4.629,6.267
35.0800,5,-1.717,0.422,-0.136,-3.752,6.916,5.501,9.798,7.741,4.264,-3.039,-4.882,6.763,8.758,-4.629,6.266
35.0900,5,-1.720,0.417,-0.135,-3.751,6.917,5.501,9.799,7.742,4.264,-3.038,-4.882,6.763,8.758,-4.628,6.266
35.1000,5,-1.723,0.412,-0.133,-3.750,6.917,5.501,9.800,7.743,4.265,-3.037,-4.881,6.762,8.759,-4.627,6.266
35.1100,5,-1.727,0.407,-0.132,-3.750,6.918,5.501,9.801,7.744,4.266,-3.036,-4.880,6.762,8.760,-4.627,6.266
35.1200,5,-1.730,0.401,-0.130,-3.749,6.918,5.500,9.803,7.745,4.266,-3.035,-4.880,6.762,8.761,-4.626,6.265
35.1300,5,-1.733,0.396,-0.129,-3.748,6.919,5.500,9.804,7.746,4.267,-3.034,-4.879,6.762,8.762,-4.626,6.265
35.1400,5,-1.737,0.391,-0.127,-3.747,6.919,5.500,9.805,7.747,4.267,-3.033,-4.878,6.762,8.763,-4.625,6.265
35.1500,5,-1.740,0.385,-0.126,-3.747,6.920,5.500,9.806,7.748,4.268,-3.032,-4.878,6.761,8.764,-4.624,6.265
35.1600,5,-1.743,0.380,-0.124,-3.746,6.920,5.499,9.807,7.749,4.269,-3.031,-4.877,6.761,8.765,-4.624,6.264
35.1700,5,-1.746,0.375,-0.123,-3.745,6.921,5.499,9.808,7.750,4.269,-3.030,-4.876,6.761,8.766,-4.623,6.264
35.1800,5,-1.749,0.369,-0.121,-3.744,6.921,5.499,9.809,7.751,4.270,-3.030,-4.876,6.761,8.767,-4.622,6.264
35.1900,5,-1.751,0.364,-0.120,-3.744,6.922,5.499,9.810,7.751,4.270,-3.029,-4.875,6.761,8.767,-4.622,6.264
35.2000,5,-1.754,0.358,-0.118,-3.743,6.922,5.498,9.812,7.752,4.271,-3.028,-4.875,6.760,8.768,-4.621,6.263
35.2100,5,-1.757,0.353,-0.117,-3.742,6.923,5.498,9.813,7.753,4.271,-3.027,-4.874,6.760,8.769,-4.621,6.263
35.2200,5,-1.759,0.347,-0.115,-3.741,6.923,5.498,9.814,7.754,4.272,-3.026,-4.873,6.760,8.770,-4.620,6.263
35.2300,5,-1.762,0.342,-0.114,-3.741,6.924,5.498,9.815,7.755,4.273,-3.025,-4.873,6.759,8.771,-4.619,6.262
35.2400,5,-1.764,0.336,-0.112,-3.740,6.924,5.497,9.816,7.756,4.273,-3.024,-4.872,6.759,8.772,-4.619,6.262
35.2500,5,-1.767,0.330,-0.110,-3.739,6.925,5.497,9.817,7.757,4.274,-3.023,-4.871,6.759,8.773,-4.618,6.262
35.2600,5,-1.769,0.325,-0.109,-3.738,6.925,5.497,9.818,7.758,4.274,-3.022,-4.871,6.759,8.774,-4.617,6.262
35.2700,5,-1.771,0.319,-0.107,-3.738,6.925,5.496,9.819,7.759,4.275,-3.021,-4.870,6.758,8.774,-4.617,6.261
35.2800,5,-1.774,0.313,-0.106,-3.737,6.926,5.496,9.820,7.760,4.275,-3.020,-4.869,6.758,8.775,-4.616,6.261
35.2900,5,-1.776,0.308,-0.104,-3.736,6.926,5.496,9.821,7.761,4.276,-3.019,-4.869,6.758,8.776,-4.615,6.261
35.3000,5,-1.778,0.302,-0.103,-3.735,6.927,5.496,9.822,7.761,4.277,-3.018,-4.868,6.757,8.777,-4.615,6.260
35.3100,5,-1.780,0.296,-0.101,-3.735,6.927,5.495,9.823,7.762,4.277,-3.018,-4.867,6.757,8.778,-4.614,6.260
35.3200,5,-1.782,0.290,-0.099,-3.734,6.928,5.495,9.824,7.763,4.278,-3.017,-4.867,6.757,8.779,-4.614,6.260
35.3300,5,-1.784,0.285,-0.098,-3.733,6.928,5.495,9.825,7.764,4.278,-3.016,-4.866,6.757,8.779,-4.613,6.259
35.3400,5,-1.785,0.279,-0.096,-3.733,6.929,5.494,9.826,7.765,4.279,-3.015,-4.866,6.756,8.780,-4.612,6.259
35.3500,5,-1.787,0.273,-0.095,-3.732,6.929,5.494,9.827,7.766,4.279,-3.014,-4.865,6.756,8.781,-4.612,6.258
35.3600,5,-1.789,0.267,-0.093,-3.731,6.930,5.494,9.828,7.767,4.280,-3.013,-4.864,6.756,8.782,-4.611,6.258
35.3700,5,-1.790,0.261,-0.091,-3.731,6.930,5.493,9.829,7.768,4.281,-3.012,-4.864,6.755,8.783,-4.610,6.258
35.3800,5,-1.792,0.255,-0.090,-3.730,6.931,5.493,9.830,7.769,4.281,-3.011,-4.863,6.755,8.784,-4.610,6.257
35.3900,5,-1.793,0.249,-0.088,-3.729,6.931,5.492,9.831,7.770,4.282,-3.011,-4.862,6.754,8.784,-4.609,6.257
35.4000,5,-1.795,0.244,-0.086,-3.728,6.932,5.492,9.832,7.771,4.282,-3.010,-4.862,6.754,8.785,-4.609,6.257
35.4100,5,-1.796,0.238,-0.085,-3.728,6.932,5.492,9.833,7.772,4.283,-3.009,-4.861,6.754,8.786,-4.608,6.256
35.4200,5,-1.797,0.232,-0.083,-3.727,6.933,5.491,9.834,7.773,4.283,-3.008,-4.860,6.753,8.787,-4.607,6.256
35.4300,5,-1.798,0.226,-0.081,-3.726,6.933,5.491,9.835,7.774,4.284,-3.007,-4.860,6.753,8.788,-4.607,6.255
35.4400,5,-1.799,0.220,-0.080,-3.726,6.934,5.491,9.836,7.774,4.284,-3.006,-4.859,6.753,8.788,-4.606,6.255
35.4500,5,-1.800,0.213,-0.078,-3.725,6.934,5.490,9.837,7.775,4.285,-3.005,-4.858,6.752,8.789,-4.605,6.255
35.4600,5,-1.801,0.207,-0.076,-3.724,6.935,5.490,9.838,7.776,4.286,-3.005,-4.858,6.752,8.790,-4.605,6.254
35.4700,5,-1.802,0.201,-0.075,-3.724,6.935,5.489,9.839,7.777,4.286,-3.004,-4.857,6.751,8.791,-4.604,6.254
35.4800,5,-1.803,0.195,-0.073,-3.723,6.936,5.489,9.840,7.778,4.287,-3.003,-4.856,6.751,8.792,-4.603,6.253
35.4900,5,-1.804,0.189,-0.071,-3.722,6.936,5.489,9.840,7.779,4.287,-3.002,-4.856,6.751,8.792,-4.603,6.253
35.5000,5,-1.804,0.183,-0.070,-3.722,6.937,5.488,9.841,7.780,4.288,-3.001,-4.855,6.750,8.793,-4.602,6.252
35.5100,5,-1.805,0.177,-0.068,-3.721,6.937,5.488,9.842,7.781,4.288,-3.001,-4.854,6.750,8.794,-4.601,6.252
35.5200,5,-1.805,0.171,-0.066,-3.720,6.938,5.487,9.843,7.782,4.289,-3.000,-4.854,6.749,8.795,-4.601,6.252
35.5300,5,-1.806,0.164,-0.065,-3.720,6.938,5.487,9.844,7.783,4.289,-2.999,-4.853,6.749,8.795,-4.600,6.251
35.5400,5,-1.806,0.158,-0.063,-3.719,6.939,5.486,9.845,7.784,4.290,-2.998,-4.853,6.748,8.796,-4.600,6.251
35.5500,5,-1.806,0.152,-0.061,-3.718,6.939,5.486,9.846,7.785,4.291,-2.997,-4.852,6.748,8.797,-4.599,6.250
35.5600,5,-1.807,0.146,-0.060,-3.718,6.940,5.485,9.846,7.786,4.291,-2.997,-4.851,6.748,8.798,-4.598,6.250
35.5700,5,-1.807,0.139,-0.058,-3.717,6.940,5.485,9.847,7.787,4.292,-2.996,-4.851,6.747,8.798,-4.598,6.249
35.5800,5,-1.807,0.133,-0.056,-3.716,6.941,5.485,9.848,7.788,4.292,-2.995,-4.850,6.747,8.799,-4.597,6.249
35.5900,5,-1.807,0.127,-0.054,-3.716,6.941,5.484,9.849,7.788,4.293,-2.994,-4.849,6.746,8.800,-4.596,6.248
35.6000,5,-1.807,0.120,-0.053,-3.715,6.942,5.484,9.850,7.789,4.293,-2.994,-4.849,6.746,8.801,-4.596,6.248
35.6100,5,-1.807,0.114,-0.051,-3.715,6.942,5.483,9.851,7.790,4.294,-2.993,-4.848,6.745,8.801,-4.595,6.247
35.6200,5,-1.807,0.108,-0.049,-3.714,6.942,5.483,9.851,7.791,4.294,-2.992,-4.847,6.745,8.802,-4.594,6.247
35.6300,5,-1.807,0.101,-0.048,-3.713,6.943,5.482,9.852,7.792,4.295,-2.991,-4.847,6.744,8.803,-4.594,6.246
35.6400,5,-1.806,0.095,-0.046,-3.713,6.943,5.482,9.853,7.793,4.295,-2.991,-4.846,6.744,8.804,-4.593,6.246
35.6500,5,-1.806,0.088,-0.044,-3.712,6.944,5.481,9.854,7.794,4.296,-2.990,-4.845,6.743,8.804,-4.592,6.245
35.6600,5,-1.805,0.082,-0.042,-3.711,6.944,5.481,9.855,7.795,4.296,-2.989,-4.845,6.743,8.805,-4.592,6.245
35.6700,5,-1.805,0.075,-0.041,-3.711,6.945,5.480,9.855,7.796,4.297,-2.988,-4.844,6.742,8.806,-4.591,6.244
35.6800,5,-1.804,0.069,-0.039,-3.710,6.945,5.480,9.856,7.797,4.297,-2.988,-4.843,6.742,8.806,-4.591,6.244
35.6900,5,-1.804,0.062,-0.037,-3.710,6.946,5.479,9.857,7.798,4.298,-2.987,-4.843,6.741,8.807,-4.590,6.243
35.7000,5,-1.803,0.056,-0.036,-3.709,6.946,5.479,9.858,7.799,4.299,-2.986,-4.842,6.741,8.808,-4.589,6.243
35.7100,5,-1.802,0.049,-0.034,-3.708,6.947,5.478,9.858,7.800,4.299,-2.986,-4.841,6.740,8.808,-4.589,6.242
35.7200,5,-1.802,0.043,-0.032,-3.708,6.947,5.477,9.859,7.801,4.300,-2.985,-4.841,6.740,8.809,-4.588,6.242
35.7300,5,-1.801,0.036,-0.030,-3.707,6.948,5.477,9.860,7.802,4.300,-2.984,-4.840,6.739,8.810,-4.587,6.241
35.7400,5,-1.800,0.030,-0.029,-3.707,6.948,5.476,9.861,7.802,4.301,-2.983,-4.839,6.739,8.810,-4.587,6.241
35.7500,5,-1.799,0.023,-0.027,-3.706,6.949,5.476,9.861,7.803,4.301,-2.983,-4.839,6.738,8.811,-4.586,6.240
35.7600,5,-1.798,0.017,-0.025,-3.705,6.949,5.475,9.862,7.804,4.302,-2.982,-4.838,6.738,8.812,-4.585,6.240
35.7700,5,-1.796,0.010,-0.023,-3.705,6.950,5.475,9.863,7.805,4.302,-2.981,-4.837,6.737,8.813,-4.585,6.239
35.7800,5,-1.795,0.003,-0.022,-3.704,6.950,5.474,9.863,7.806,4.303,-2.981,-4.837,6.736,8.813,-4.584,6.238
35.7900,5,-1.794,-0.003,-0.020,-3.704,6.951,5.474,9.864,7.807,4.303,-2.980,-4.836,6.736,8.814,-4.583,6.238
35.8000,5,-1.793,-0.010,-0.018,-3.703,6.951,5.473,9.865,7.808,4.304,-2.979,-4.836,6.735,8.814,-4.583,6.237
35.8100,5,-1.791,-0.017,-0.016,-3.703,6.952,5.472,9.865,7.809,4.304,-2.979,-4.835,6.735,8.815,-4.582,6.237
35.8200,5,-1.790,-0.023,-0.015,-3.702,6.952,5.472,9.866,7.810,4.305,-2.978,-4.834,6.734,8.816,-4.582,6.236
35.8300,5,-1.788,-0.030,-0.013,-3.701,6.953,5.471,9.867,7.811,4.305,-2.977,-4.834,6.734,8.816,-4.581,6.236
35.8400,5,-1.787,-0.037,-0.011,-3.701,6.953,5.471,9.867,7.812,4.306,-2.977,-4.833,6.733,8.817,-4.580,6.235
35.8500,5,-1.785,-0.044,-0.009,-3.700,6.954,5.470,9.868,7.813,4.306,-2.976,-4.832,6.732,8.818,-4.580,6.234
35.8600,5,-1.783,-0.050,-0.008,-3.700,6.954,5.469,9.869,7.814,4.307,-2.975,-4.832,6.732,8.818,-4.579,6.234
35.8700,5,-1.782,-0.057,-0.006,-3.699,6.955,5.469,9.869,7.815,4.307,-2.975,-4.831,6.731,8.819,-4.578,6.233
35.8800,5,-1.780,-0.064,-0.004,-3.699,6.955,5.468,9.870,7.815,4.308,-2.974,-4.830,6.731,8.820,-4.578,6.233
35.8900,5,-1.778,-0.071,-0.002,-3.698,6.956,5.468,9.871,7.816,4.308,-2.974,-4.830,6.730,8.820,-4.577,6.232
35.9000,5,-1.776,-0.077,-0.001,-3.698,6.956,5.467,9.871,7.817,4.309,-2.973,-4.829,6.729,8.821,-4.576,6.231
35.9100,5,-1.774,-0.084,0.001,-3.697,6.957,5.466,9.872,7.818,4.309,-2.972,-4.828,6.729,8.822,-4.576,6.231
35.9200,5,-1.772,-0.091,0.003,-3.696,6.957,5.466,9.872,7.819,4.310,-2.972,-4.828,6.728,8.822,-4.575,6.230
35.9300,5,-1.770,-0.098,0.005,-3.696,6.958,5.465,9.873,7.820,4.310,-2.971,-4.827,6.728,8.823,-4.575,6.230
35.9400,5,-1.768,-0.105,0.006,-3.695,6.958,5.465,9.873,7.821,4.311,-2.971,-4.826,6.727,8.823,-4.574,6.229
35.9500,5,-1.765,-0.111,0.008,-3.695,6.959,5.464,9.874,7.822,4.311,-2.970,-4.826,6.726,8.824,-4.573,6.228
35.9600,5,-1.763,-0.118,0.010,-3.694,6.959,5.463,9.875,7.823,4.312,-2.969,-4.825,6.726,8.825,-4.573,6.228
35.9700,5,-1.761,-0.125,0.012,-3.694,6.960,5.463,9.875,7.824,4.312,-2.969,-4.824,6.725,8.825,-4.572,6.227
35.9800,5,-1.758,-0.132,0.013,-3.693,6.960,5.462,9.876,7.825,4.313,-2.968,-4.824,6.724,8.826,-4.571,6.226
35.9900,5,-1.756,-0.139,0.015,-3.693,6.961,5.461,9.876,7.826,4.313,-2.968,-4.823,6.724,8.826,-4.571,6.226
36.0000,5,-1.753,-0.146,0.017,-3.692,6.961,5.461,9.877,7.827,4.314,-2.967,-4.822,6.723,8.827,-4.570,6.225
36.0100,5,-1.751,-0.153,0.019,-3.692,6.962,5.460,9.877,7.827,4.314,-2.966,-4.822,6.722,8.828,-4.569,6.225
36.0200,5,-1.748,-0.159,0.020,-3.691,6.962,5.459,9.878,7.828,4.315,-2.966,-4.821,6.722,8.828,-4.569,6.224
36.0300,5,-1.746,-0.166,0.022,-3.691,6.962,5.459,9.878,7.829,4.315,-2.965,-4.821,6.721,8.829,-4.568,6.223
36.0400,5,-1.743,-0.173,0.024,-3.690,6.963,5.458,9.879,7.830,4.316,-2.965,-4.820,6.720,8.829,-4.568,6.223
36.0500,5,-1.740,-0.180,0.026,-3.690,6.963,5.457,9.880,7.831,4.316,-2.964,-4.819,6.720,8.830,-4.567,6.222
36.0600,5,-1.737,-0.187,0.027,-3.689,6.964,5.457,9.880,7.832,4.317,-2.964,-4.819,6.719,8.830,-4.566,6.221
36.0700,5,-1.734,-0.194,0.029,-3.689,6.964,5.456,9.881,7.833,4.317,-2.963,-4.818,6.718,8.831,-4.566,6.221
36.0800,5,-1.731,-0.201,0.031,-3.688,6.965,5.455,9.881,7.834,4.318,-2.963,-4.817,6.718,8.831,-4.565,6.220
36.0900,5,-1.728,-0.208,0.032,-3.688,6.965,5.455,9.881,7.835,4.319,-2.962,-4.817,6.717,8.832,-4.564,6.219
36.1000,5,-1.725,-0.215,0.034,-3.687,6.966,5.454,9.882,7.836,4.319,-2.961,-4.816,6.716,8.833,-4.564,6.219
36.1100,5,-1.722,-0.222,0.036,-3.687,6.966,5.453,9.882,7.837,4.320,-2.961,-4.815,6.716,8.833,-4.563,6.218
36.1200,5,-1.719,-0.229,0.038,-3.686,6.967,5.452,9.883,7.837,4.320,-2.960,-4.815,6.715,8.834,-4.562,6.217
36.1300,5,-1.716,-0.236,0.039,-3.686,6.967,5.452,9.883,7.838,4.321,-2.960,-4.814,6.714,8.834,-4.562,6.217
36.1400,5,-1.713,-0.243,0.041,-3.685,6.968,5.451,9.884,7.839,4.321,-2.959,-4.813,6.714,8.835,-4.561,6.216
36.1500,5,-1.710,-0.250,0.043,-3.685,6.968,5.450,9.884,7.840,4.322,-2.959,-4.813,6.713,8.835,-4.561,6.215
36.1600,5,-1.706,-0.257,0.045,-3.684,6.969,5.450,9.885,7.841,4.322,-2.958,-4.812,6.712,8.836,-4.560,6.214
36.1700,5,-1.703,-0.264,0.046,-3.684,6.969,5.449,9.885,7.842,4.322,-2.958,-4.812,6.711,8.836,-4.559,6.214
36.1800,5,-1.700,-0.271,0.048,-3.683,6.970,5.448,9.886,7.843,4.323,-2.957,-4.811,6.711,8.837,-4.559,6.213
36.1900,5,-1.696,-0.278,0.050,-3.683,6.970,5.447,9.886,7.844,4.323,-2.957,-4.810,6.710,8.837,-4.558,6.212
36.2000,5,-1.693,-0.285,0.051,-3.682,6.971,5.447,9.886,7.845,4.324,-2.956,-4.810,6.709,8.838,-4.557,6.212
36.2100,5,-1.689,-0.292,0.053,-3.682,6.971,5.446,9.887,7.846,4.324,-2.956,-4.809,6.709,8.838,-4.557,6.211
36.2200,5,-1.686,-0.299,0.055,-3.682,6.972,5.445,9.887,7.846,4.325,-2.955,-4.808,6.708,8.839,-4.556,6.210
36.2300,5,-1.682,-0.306,0.057,-3.681,6.972,5.445,9.888,7.847,4.325,-2.955,-4.808,6.707,8.839,-4.556,6.210
36.2400,5,-1.678,-0.313,0.058,-3.681,6.973,5.444,9.888,7.848,4.326,-2.954,-4.807,6.706,8.840,-4.555,6.209
36.2500,5,-1.675,-0.320,0.060,-3.680,6.973,5.443,9.888,7.849,4.326,-2.954,-4.807,6.706,8.841,-4.554,6.208
36.2600,5,-1.671,-0.327,0.062,-3.680,6.974,5.442,9.889,7.850,4.327,-2.953,-4.806,6.705,8.841,-4.554,6.207
36.2700,5,-1.667,-0.334,0.063,-3.679,6.974,5.442,9.889,7.851,4.327,-2.953,-4.805,6.704,8.841,-4.553,6.207
36.2800,5,-1.663,-0.341,0.065,-3.679,6.974,5.441,9.890,7.852,4.328,-2.953,-4.805,6.703,8.842,-4.552,6.206
36.2900,5,-1.659,-0.348,0.067,-3.678,6.975,5.440,9.890,7.853,4.328,-2.952,-4.804,6.703,8.842,-4.552,6.205
36.3000,5,-1.656,-0.355,0.068,-3.678,6.975,5.439,9.890,7.854,4.329,-2.952,-4.803,6.702,8.843,-4.551,6.205
36.3100,5,-1.652,-0.362,0.070,-3.678,6.976,5.439,9.891,7.854,4.329,-2.951,-4.803,6.701,8.843,-4.551,6.204
36.3200,5,-1.648,-0.369,0.072,-3.677,6.976,5.438,9.891,7.855,4.330,-2.951,-4.802,6.700,8.844,-4.550,6.203
36.3300,5,-1.644,-0.376,0.073,-3.677,6.977,5.437,9.891,7.856,4.330,-2.950,-4.802,6.700,8.844,-4.549,6.202
36.3400,5,-1.640,-0.383,0.075,-3.676,6.977,5.436,9.892,7.857,4.331,-2.950,-4.801,6.699,8.845,-4.549,6.202
36.3500,5,-1.636,-0.390,0.077,-3.676,6.978,5.435,9.892,7.858,4.331,-2.949,-4.800,6.698,8.845,-4.548,6.201
36.3600,5,-1.632,-0.397,0.078,-3.675,6.978,5.435,9.892,7.859,4.332,-2.949,-4.800,6.697,8.846,-4.548,6.200
36.3700,5,-1.627,-0.404,0.080,-3.675,6.979,5.434,9.893,7.860,4.332,-2.949,-4.799,6.696,8.846,-4.547,6.199
36.3800,5,-1.623,-0.411,0.082,-3.675,6.979,5.433,9.893,7.861,4.333,-2.948,-4.798,6.696,8.847,-4.546,6.199
36.3900,5,-1.619,-0.418,0.083,-3.674,6.980,5.432,9.893,7.861,4.333,-2.948,-4.798,6.695,8.847,-4.546,6.198
36.4000,5,-1.615,-0.425,0.085,-3.674,6.980,5.432,9.894,7.862,4.334,-2.947,-4.797,6.694,8.848,-4.545,6.197
36.4100,5,-1.611,-0.432,0.087,-3.673,6.981,5.431,9.894,7.863,4.334,-2.947,-4.797,6.693,8.848,-4.544,6.196
36.4200,5,-1.606,-0.439,0.088,-3.673,6.981,5.430,9.894,7.864,4.335,-2.946,-4.796,6.692,8.849,-4.544,6.196
36.4300,5,-1.602,-0.446,0.090,-3.673,6.981,5.429,9.895,7.865,4.335,-2.946,-4.795,6.692,8.849,-4.543,6.195
36.4400,5,-1.598,-0.453,0.092,-3.672,6.982,5.428,9.895,7.866,4.336,-2.946,-4.795,6.691,8.849,-4.543,6.194
36.4500,5,-1.593,-0.460,0.093,-3.672,6.982,5.428,9.895,7.867,4.336,-2.945,-4.794,6.690,8.850,-4.542,6.193
36.4600,5,-1.589,-0.467,0.095,-3.671,6.983,5.427,9.895,7.867,4.337,-2.945,-4.794,6.689,8.850,-4.541,6.193
36.4700,5,-1.584,-0.474,0.096,-3.671,6.983,5.426,9.896,7.868,4.337,-2.944,-4.793,6.689,8.851,-4.541,6.192
36.4800,5,-1.580,-0.481,0.098,-3.671,6.984,5.425,9.896,7.869,4.338,-2.944,-4.792,6.688,8.851,-4.540,6.191
36.4900,5,-1.575,-0.488,0.100,-3.670,6.984,5.424,9.896,7.870,4.338,-2.944,-4.792,6.687,8.852,-4.540,6.190
36.5000,5,-1.571,-0.495,0.101,-3.670,6.985,5.424,9.896,7.871,4.339,-2.943,-4.791,6.686,8.852,-4.539,6.190
36.5100,5,-1.566,-0.502,0.103,-3.669,6.985,5.423,9.897,7.872,4.339,-2.943,-4.791,6.685,8.852,-4.538,6.189
36.5200,5,-1.562,-0.509,0.105,-3.669,6.986,5.422,9.897,7.873,4.340,-2.943,-4.790,6.684,8.853,-4.538,6.188
36.5300,5,-1.557,-0.516,0.106,-3.669,6.986,5.421,9.897,7.873,4.340,-2.942,-4.789,6.684,8.853,-4.537,6.187
36.5400,5,-1.553,-0.523,0.108,-3.668,6.987,5.420,9.897,7.874,4.341,-2.942,-4.789,6.683,8.854,-4.537,6.186
36.5500,5,-1.548,-0.530,0.109,-3.668,6.987,5.419,9.898,7.875,4.341,-2.941,-4.788,6.682,8.854,-4.536,6.186
36.5600,5,-1.543,-0.537,0.111,-3.667,6.987,5.419,9.898,7.876,4.342,-2.941,-4.788,6.681,8.855,-4.535,6.185
36.5700,5,-1.539,-0.544,0.112,-3.667,6.988,5.418,9.898,7.877,4.342,-2.941,-4.787,6.680,8.855,-4.535,6.184
36.5800,5,-1.534,-0.550,0.114,-3.667,6.988,5.417,9.898,7.878,4.343,-2.940,-4.786,6.680,8.855,-4.534,6.183
36.5900,5,-1.529,-0.557,0.116,-3.666,6.989,5.416,9.898,7.878,4.343,-2.940,-4.786,6.679,8.856,-4.534,6.183
36.6000,5,-1.525,-0.564,0.117,-3.666,6.989,5.415,9.899,7.879,4.344,-2.940,-4.785,6.678,8.856,-4.533,6.182
36.6100,5,-1.520,-0.571,0.119,-3.666,6.990,5.415,9.899,7.880,4.344,-2.939,-4.785,6.677,8.857,-4.533,6.181
36.6200,5,-1.515,-0.578,0.120,-3.665,6.990,5.414,9.899,7.881,4.345,-2.939,-4.784,6.676,8.857,-4.532,6.180
36.6300,5,-1.510,-0.585,0.122,-3.665,6.991,5.413,9.899,7.882,4.345,-2.939,-4.783,6.675,8.857,-4.531,6.179
36.6400,5,-1.506,-0.592,0.123,-3.665,6.991,5.412,9.899,7.883,4.346,-2.938,-4.783,6.675,8.858,-4.531,6.179
36.6500,5,-1.501,-0.599,0.125,-3.664,6.991,5.411,9.899,7.883,4.346,-2.938,-4.782,6.674,8.858,-4.530,6.178
36.6600,5,-1.496,-0.606,0.126,-3.664,6.992,5.410,9.900,7.884,4.347,-2.938,-4.782,6.673,8.858,-4.530,6.177
36.6700,5,-1.491,-0.612,0.128,-3.663,6.992,5.410,9.900,7.885,4.347,-2.937,-4.781,6.672,8.859,-4.529,6.176
36.6800,5,-1.486,-0.619,0.129,-3.663,6.993,5.409,9.900,7.886,4.348,-2.937,-4.781,6.671,8.859,-4.528,6.175
36.6900,5,-1.482,-0.626,0.131,-3.663,6.993,5.408,9.900,7.887,4.348,-2.937,-4.780,6.670,8.860,-4.528,6.175
36.7000,5,-1.477,-0.633,0.132,-3.662,6.994,5.407,9.900,7.887,4.349,-2.936,-4.779,6.670,8.860,-4.527,6.174
36.7100,5,-1.472,-0.640,0.134,-3.662,6.994,5.406,9.900,7.888,4.349,-2.936,-4.779,6.669,8.860,-4.527,6.173
36.7200,5,-1.467,-0.646,0.135,-3.662,6.995,5.405,9.901,7.889,4.350,-2.936,-4.778,6.668,8.861,-4.526,6.172
36.7300,5,-1.462,-0.653,0.137,-3.661,6.995,5.404,9.901,7.890,4.350,-2.936,-4.778,6.667,8.861,-4.526,6.171
36.7400,5,-1.457,-0.660,0.138,-3.661,6.995,5.404,9.901,7.891,4.351,-2.935,-4.777,6.666,8.861,-4.525,6.171
36.7500,5,-1.452,-0.667,0.140,-3.661,6.996,5.403,9.901,7.891,4.351,-2.935,-4.777,6.665,8.862,-4.524,6.170
36.7600,5,-1.447,-0.673,0.141,-3.660,6.996,5.402,9.901,7.892,4.352,-2.935,-4.776,6.664,8.862,-4.524,6.169
36.7700,5,-1.443,-0.680,0.142,-3.660,6.997,5.401,9.901,7.893,4.352,-2.934,-4.775,6.664,8.863,-4.523,6.168
36.7800,5,-1.438,-0.687,0.144,-3.660,6.997,5.400,9.901,7.894,4.353,-2.934,-4.775,6.663,8.863,-4.523,6.167
36.7900,5,-1.433,-0.694,0.145,-3.659,6.998,5.399,9.901,7.895,4.353,-2.934,-4.774,6.662,8.863,-4.522,6.167
36.8000,5,-1.428,-0.700,0.147,-3.659,6.998,5.399,9.901,7.895,4.354,-2.934,-4.774,6.661,8.864,-4.522,6.166
36.8100,5,-1.423,-0.707,0.148,-3.659,6.998,5.398,9.902,7.896,4.354,-2.933,-4.773,6.660,8.864,-4.521,6.165
36.8200,5,-1.418,-0.714,0.150,-3.658,6.999,5.397,9.902,7.897,4.355,-2.933,-4.773,6.659,8.864,-4.520,6.164
36.8300,5,-1.413,-0.720,0.151,-3.658,6.999,5.396,9.902,7.898,4.355,-2.933,-4.772,6.658,8.865,-4.520,6.163
36.8400,5,-1.408,-0.727,0.152,-3.658,7.000,5.395,9.902,7.898,4.356,-2.932,-4.771,6.658,8.865,-4.519,6.163
36.8500,5,-1.403,-0.734,0.154,-3.658,7.000,5.394,9.902,7.899,4.356,-2.932,-4.771,6.657,8.865,-4.519,6.162
36.8600,5,-1.398,-0.740,0.155,-3.657,7.001,5.393,9.902,7.900,4.356,-2.932,-4.770,6.656,8.866,-4.518,6.161
36.8700,5,-1.393,-0.747,0.156,-3.657,7.001,5.393,9.902,7.901,4.357,-2.932,-4.770,6.655,8.866,-4.518,6.160
36.8800,5,-1.388,-0.753,0.158,-3.657,7.001,5.392,9.902,7.901,4.357,-2.931,-4.769,6.654,8.866,-4.517,6.159
36.8900,5,-1.383,-0.760,0.159,-3.656,7.002,5.391,9.902,7.902,4.358,-2.931,-4.769,6.653,8.867,-4.517,6.159
36.9000,5,-1.379,-0.766,0.161,-3.656,7.002,5.390,9.902,7.903,4.358,-2.931,-4.768,6.652,8.867,-4.516,6.158
36.9100,5,-1.374,-0.773,0.162,-3.656,7.003,5.389,9.902,7.904,4.359,-2.931,-4.768,6.652,8.867,-4.515,6.157
36.9200,5,-1.369,-0.779,0.163,-3.655,7.003,5.388,9.902,7.904,4.359,-2.930,-4.767,6.651,8.867,-4.515,6.156
36.9300,5,-1.364,-0.786,0.165,-3.655,7.003,5.387,9.902,7.905,4.360,-2.930,-4.767,6.650,8.868,-4.514,6.155
36.9400,5,-1.359,-0.792,0.166,-3.655,7.004,5.386,9.902,7.906,4.360,-2.930,-4.766,6.649,8.868,-4.514,6.155
36.9500,5,-1.354,-0.799,0.167,-3.654,7.004,5.386,9.902,7.907,4.361,-2.930,-4.766,6.648,8.868,-4.513,6.154
36.9600,5,-1.349,-0.805,0.168,-3.654,7.005,5.385,9.902,7.907,4.361,-2.930,-4.765,6.647,8.869,-4.513,6.153
36.9700,5,-1.344,-0.812,0.170,-3.654,7.005,5.384,9.903,7.908,4.362,-2.929,-4.764,6.646,8.869,-4.512,6.152
36.9800,5,-1.339,-0.818,0.171,-3.654,7.006,5.383,9.903,7.909,4.362,-2.929,-4.764,6.645,8.869,-4.512,6.151
36.9900,5,-1.334,-0.825,0.172,-3.653,7.006,5.382,9.903,7.910,4.363,-2.929,-4.763,6.645,8.870,-4.511,6.151
37.0000,5,-1.330,-0.831,0.174,-3.653,7.006,5.381,9.903,7.910,4.363,-2.929,-4.763,6.644,8.870,-4.511,6.150
37.0100,5,-1.325,-0.837,0.175,-3.653,7.007,5.380,9.903,7.911,4.364,-2.928,-4.762,6.643,8.870,-4.510,6.149
37.0200,5,-1.320,-0.844,0.176,-3.652,7.007,5.380,9.903,7.912,4.364,-2.928,-4.762,6.642,8.870,-4.510,6.148
37.0300,5,-1.315,-0.850,0.177,-3.652,7.008,5.379,9.903,7.913,4.365,-2.928,-4.761,6.641,8.871,-4.509,6.147
37.0400,5,-1.310,-0.856,0.179,-3.652,7.008,5.378,9.903,7.913,4.365,-2.928,-4.761,6.640,8.871,-4.508,6.147
37.0500,5,-1.305,-0.862,0.180,-3.652,7.008,5.377,9.903,7.914,4.366,-2.928,-4.760,6.639,8.871,-4.508,6.146
37.0600,5,-1.301,-0.869,0.181,-3.651,7.009,5.376,9.903,7.915,4.366,-2.927,-4.760,6.639,8.872,-4.507,6.145
37.0700,5,-1.296,-0.875,0.182,-3.651,7.009,5.375,9.903,7.915,4.367,-2.927,-4.759,6.638,8.872,-4.507,6.144
37.0800,5,-1.291,-0.881,0.183,-3.651,7.010,5.374,9.902,7.916,4.367,-2.927,-4.759,6.637,8.872,-4.506,6.143
37.0900,5,-1.286,-0.887,0.185,-3.651,7.010,5.374,9.902,7.917,4.368,-2.927,-4.758,6.636,8.872,-4.506,6.143
37.1000,5,-1.282,-0.893,0.186,-3.650,7.010,5.373,9.902,7.917,4.368,-2.927,-4.758,6.635,8.873,-4.505,6.142
37.1100,5,-1.277,-0.900,0.187,-3.650,7.011,5.372,9.902,7.918,4.369,-2.926,-4.757,6.634,8.873,-4.505,6.141
37.1200,5,-1.272,-0.906,0.188,-3.650,7.011,5.371,9.902,7.919,4.369,-2.926,-4.757,6.633,8.873,-4.504,6.140
37.1300,5,-1.267,-0.912,0.189,-3.650,7.012,5.370,9.902,7.920,4.370,-2.926,-4.756,6.633,8.874,-4.504,6.139
37.1400,5,-1.263,-0.918,0.190,-3.649,7.012,5.369,9.902,7.920,4.370,-2.926,-4.756,6.632,8.874,-4.503,6.139
37.1500,5,-1.258,-0.924,0.191,-3.649,7.012,5.368,9.902,7.921,4.371,-2.926,-4.755,6.631,8.874,-4.503,6.138
37.1600,5,-1.254,-0.930,0.193,-3.649,7.013,5.368,9.902,7.922,4.371,-2.926,-4.755,6.630,8.874,-4.502,6.137
37.1700,5,-1.249,-0.936,0.194,-3.648,7.013,5.367,9.902,7.922,4.372,-2.925,-4.754,6.629,8.875,-4.502,6.136
37.1800,5,-1.244,-0.942,0.195,-3.648,7.013,5.366,9.902,7.923,4.372,-2.925,-4.754,6.628,8.875,-4.501,6.135
37.1900,5,-1.240,-0.948,0.196,-3.648,7.014,5.365,9.902,7.924,4.373,-2.925,-4.753,6.627,8.875,-4.501,6.135
37.2000,5,-1.235,-0.954,0.197,-3.648,7.014,5.364,9.902,7.924,4.373,-2.925,-4.753,6.626,8.875,-4.500,6.134
37.2100,5,-1.231,-0.960,0.198,-3.647,7.015,5.363,9.902,7.925,4.374,-2.925,-4.752,6.626,8.876,-4.500,6.133
37.2200,5,-1.226,-0.965,0.199,-3.647,7.015,5.362,9.902,7.926,4.374,-2.925,-4.752,6.625,8.876,-4.499,6.132
37.2300,5,-1.222,-0.971,0.200,-3.647,7.015,5.362,9.902,7.926,4.375,-2.924,-4.751,6.624,8.876,-4.499,6.132
37.2400,5,-1.217,-0.977,0.201,-3.647,7.016,5.361,9.902,7.927,4.375,-2.924,-4.751,6.623,8.876,-4.498,6.131
37.2500,5,-1.213,-0.983,0.202,-3.647,7.016,5.360,9.902,7.928,4.376,-2.924,-4.750,6.622,8.877,-4.498,6.130
37.2600,5,-1.208,-0.989,0.203,-3.646,7.016,5.359,9.901,7.928,4.376,-2.924,-4.750,6.621,8.877,-4.497,6.129
37.2700,5,-1.204,-0.994,0.204,-3.646,7.017,5.358,9.901,7.929,4.377,-2.924,-4.750,6.620,8.877,-4.497,6.128
37.2800,5,-1.200,-1.000,0.205,-3.646,7.017,5.357,9.901,7.929,4.377,-2.924,-4.749,6.620,8.877,-4.496,6.128
37.2900,5,-1.195,-1.006,0.206,-3.646,7.018,5.356,9.901,7.930,4.378,-2.924,-4.749,6.619,8.877,-4.496,6.127
37.3000,5,-1.191,-1.012,0.207,-3.645,7.018,5.356,9.901,7.931,4.378,-2.923,-4.748,6.618,8.878,-4.495,6.126
37.3100,5,-1.187,-1.017,0.208,-3.645,7.018,5.355,9.901,7.931,4.379,-2.923,-4.748,6.617,8.878,-4.495,6.125
37.3200,5,-1.183,-1.023,0.209,-3.645,7.019,5.354,9.901,7.932,4.379,-2.923,-4.747,6.616,8.878,-4.494,6.125
37.3300,5,-1.178,-1.028,0.210,-3.645,7.019,5.353,9.901,7.933,4.380,-2.923,-4.747,6.615,8.878,-4.494,6.124
37.3400,5,-1.174,-1.034,0.211,-3.644,7.019,5.352,9.901,7.933,4.380,-2.923,-4.746,6.615,8.879,-4.493,6.123
37.3500,5,-1.170,-1.040,0.212,-3.644,7.020,5.351,9.900,7.934,4.381,-2.923,-4.746,6.614,8.879,-4.493,6.122
37.3600,5,-1.166,-1.045,0.213,-3.644,7.020,5.351,9.900,7.934,4.381,-2.923,-4.745,6.613,8.879,-4.492,6.122
37.3700,5,-1.162,-1.050,0.214,-3.644,7.020,5.350,9.900,7.935,4.382,-2.923,-4.745,6.612,8.879,-4.492,6.121
37.3800,5,-1.158,-1.056,0.215,-3.644,7.021,5.349,9.900,7.936,4.382,-2.922,-4.745,6.611,8.879,-4.491,6.120
37.3900,5,-1.154,-1.061,0.216,-3.643,7.021,5.348,9.900,7.936,4.383,-2.922,-4.744,6.610,8.880,-4.491,6.119
37.4000,5,-1.150,-1.067,0.217,-3.643,7.022,5.347,9.900,7.937,4.383,-2.922,-4.744,6.610,8.880,-4.491,6.118
37.4100,5,-1.146,-1.072,0.217,-3.643,7.022,5.346,9.900,7.937,4.384,-2.922,-4.743,6.609,8.880,-4.490,6.118
37.4200,5,-1.142,-1.077,0.218,-3.643,7.022,5.346,9.899,7.938,4.384,-2.922,-4.743,6.608,8.880,-4.490,6.117
37.4300,5,-1.138,-1.083,0.219,-3.642,7.023,5.345,9.899,7.939,4.385,-2.922,-4.742,6.607,8.880,-4.489,6.116
37.4400,5,-1.134,-1.088,0.220,-3.642,7.023,5.344,9.899,7.939,4.385,-2.922,-4.742,6.606,8.881,-4.489,6.115
37.4500,5,-1.130,-1.093,0.221,-3.642,7.023,5.343,9.899,7.940,4.386,-2.922,-4.742,6.605,8.881,-4.488,6.115
37.4600,5,-1.126,-1.098,0.222,-3.642,7.024,5.342,9.899,7.940,4.386,-2.922,-4.741,6.605,8.881,-4.488,6.114
37.4700,5,-1.122,-1.104,0.222,-3.642,7.024,5.342,9.899,7.941,4.387,-2.921,-4.741,6.604,8.881,-4.487,6.113
37.4800,5,-1.119,-1.109,0.223,-3.641,7.024,5.341,9.898,7.941,4.387,-2.921,-4.740,6.603,8.881,-4.487,6.112
37.4900,5,-1.115,-1.114,0.224,-3.641,7.025,5.340,9.898,7.942,4.388,-2.921,-4.740,6.602,8.882,-4.486,6.112
37.5000,5,-1.111,-1.119,0.225,-3.641,7.025,5.339,9.898,7.943,4.388,-2.921,-4.739,6.601,8.882,-4.486,6.111
37.5100,5,-1.108,-1.124,0.225,-3.641,7.025,5.338,9.898,7.943,4.389,-2.921,-4.739,6.600,8.882,-4.486,6.110
37.5200,5,-1.104,-1.129,0.226,-3.641,7.026,5.337,9.898,7.944,4.389,-2.921,-4.739,6.600,8.882,-4.485,6.110
37.5300,5,-1.101,-1.134,0.227,-3.640,7.026,5.337,9.898,7.944,4.390,-2.921,-4.738,6.599,8.882,-4.485,6.109
37.5400,5,-1.097,-1.139,0.228,-3.640,7.026,5.336,9.897,7.945,4.390,-2.921,-4.738,6.598,8.883,-4.484,6.108
37.5500,5,-1.094,-1.144,0.228,-3.640,7.027,5.335,9.897,7.945,4.391,-2.921,-4.737,6.597,8.883,-4.484,6.107
37.5600,5,-1.090,-1.149,0.229,-3.640,7.027,5.334,9.897,7.946,4.391,-2.921,-4.737,6.596,8.883,-4.483,6.107
37.5700,5,-1.087,-1.154,0.230,-3.640,7.027,5.333,9.897,7.946,4.392,-2.921,-4.737,6.596,8.883,-4.483,6.106
37.5800,5,-1.083,-1.159,0.231,-3.640,7.028,5.333,9.897,7.947,4.392,-2.921,-4.736,6.595,8.883,-4.482,6.105
37.5900,5,-1.080,-1.163,0.231,-3.639,7.028,5.332,9.896,7.947,4.393,-2.921,-4.736,6.594,8.883,-4.482,6.104
37.6000,5,-1.077,-1.168,0.232,-3.639,7.028,5.331,9.896,7.948,4.393,-2.921,-4.735,6.593,8.884,-4.482,6.104
37.6100,5,-1.073,-1.173,0.232,-3.639,7.029,5.330,9.896,7.949,4.394,-2.920,-4.735,6.592,8.884,-4.481,6.103
37.6200,5,-1.070,-1.178,0.233,-3.639,7.029,5.330,9.896,7.949,4.394,-2.920,-4.735,6.592,8.884,-4.481,6.102
37.6300,5,-1.067,-1.182,0.234,-3.639,7.029,5.329,9.895,7.950,4.395,-2.920,-4.734,6.591,8.884,-4.480,6.102
37.6400,5,-1.064,-1.187,0.234,-3.638,7.030,5.328,9.895,7.950,4.396,-2.920,-4.734,6.590,8.884,-4.480,6.101
37.6500,5,-1.061,-1.191,0.235,-3.638,7.030,5.327,9.895,7.951,4.396,-2.920,-4.734,6.589,8.884,-4.480,6.100
37.6600,5,-1.058,-1.196,0.236,-3.638,7.030,5.326,9.895,7.951,4.397,-2.920,-4.733,6.589,8.885,-4.479,6.100
37.6700,5,-1.055,-1.201,0.236,-3.638,7.030,5.326,9.895,7.952,4.397,-2.920,-4.733,6.588,8.885,-4.479,6.099
37.6800,5,-1.052,-1.205,0.237,-3.638,7.031,5.325,9.894,7.952,4.398,-2.920,-4.732,6.587,8.885,-4.478,6.098
37.6900,5,-1.049,-1.209,0.237,-3.638,7.031,5.324,9.894,7.953,4.398,-2.920,-4.732,6.586,8.885,-4.478,6.097
37.7000,5,-1.046,-1.214,0.238,-3.637,7.031,5.323,9.894,7.953,4.399,-2.920,-4.732,6.585,8.885,-4.477,6.097
37.7100,5,-1.043,-1.218,0.238,-3.637,7.032,5.323,9.894,7.953,4.399,-2.920,-4.731,6.585,8.885,-4.477,6.096
37.7200,5,-1.040,-1.223,0.239,-3.637,7.032,5.322,9.893,7.954,4.400,-2.920,-4.731,6.584,8.885,-4.477,6.095
37.7300,5,-1.037,-1.227,0.239,-3.637,7.032,5.321,9.893,7.954,4.400,-2.920,-4.731,6.583,8.886,-4.476,6.095
37.7400,5,-1.035,-1.231,0.240,-3.637,7.033,5.320,9.893,7.955,4.401,-2.920,-4.730,6.582,8.886,-4.476,6.094
37.7500,5,-1.032,-1.235,0.240,-3.637,7.033,5.320,9.893,7.955,4.401,-2.920,-4.730,6.582,8.886,-4.476,6.093
37.7600,5,-1.029,-1.240,0.241,-3.636,7.033,5.319,9.892,7.956,4.402,-2.920,-4.730,6.581,8.886,-4.475,6.093
37.7700,5,-1.027,-1.244,0.241,-3.636,7.033,5.318,9.892,7.956,4.402,-2.920,-4.729,6.580,8.886,-4.475,6.092
37.7800,5,-1.024,-1.248,0.242,-3.636,7.034,5.317,9.892,7.957,4.403,-2.920,-4.729,6.579,8.886,-4.474,6.091
37.7900,5,-1.022,-1.252,0.242,-3.636,7.034,5.317,9.891,7.957,4.403,-2.920,-4.729,6.579,8.886,-4.474,6.091
37.8000,5,-1.019,-1.256,0.243,-3.636,7.034,5.316,9.891,7.958,4.404,-2.920,-4.728,6.578,8.886,-4.474,6.090
37.8100,5,-1.017,-1.260,0.243,-3.636,7.035,5.315,9.891,7.958,4.404,-2.920,-4.728,6.577,8.887,-4.473,6.089
37.8200,5,-1.015,-1.264,0.243,-3.635,7.035,5.314,9.891,7.958,4.405,-2.920,-4.728,6.576,8.887,-4.473,6.089
37.8300,5,-1.012,-1.268,0.244,-3.635,7.035,5.314,9.890,7.959,4.405,-2.920,-4.727,6.576,8.887,-4.472,6.088
37.8400,5,-1.010,-1.272,0.244,-3.635,7.035,5.313,9.890,7.959,4.406,-2.920,-4.727,6.575,8.887,-4.472,6.088
37.8500,5,-1.008,-1.276,0.245,-3.635,7.036,5.312,9.890,7.960,4.406,-2.920,-4.727,6.574,8.887,-4.472,6.087
37.8600,5,-1.005,-1.280,0.245,-3.635,7.036,5.312,9.889,7.960,4.407,-2.920,-4.726,6.574,8.887,-4.471,6.086
37.8700,5,-1.003,-1.284,0.245,-3.635,7.036,5.311,9.889,7.961,4.407,-2.920,-4.726,6.573,8.887,-4.471,6.086
37.8800,5,-1.001,-1.287,0.246,-3.635,7.037,5.310,9.889,7.961,4.408,-2.920,-4.726,6.572,8.887,-4.471,6.085
37.8900,5,-0.999,-1.291,0.246,-3.634,7.037,5.309,9.889,7.961,4.408,-2.920,-4.725,6.571,8.888,-4.470,6.084
37.9000,5,-0.997,-1.295,0.246,-3.634,7.037,5.309,9.888,7.962,4.409,-2.920,-4.725,6.571,8.888,-4.470,6.084
37.9100,5,-0.995,-1.298,0.247,-3.634,7.037,5.308,9.888,7.962,4.409,-2.920,-4.725,6.570,8.888,-4.470,6.083
37.9200,5,-0.993,-1.302,0.247,-3.634,7.038,5.307,9.888,7.963,4.410,-2.920,-4.724,6.569,8.888,-4.469,6.083
37.9300,5,-0.991,-1.306,0.247,-3.634,7.038,5.307,9.887,7.963,4.410,-2.920,-4.724,6.569,8.888,-4.469,6.082
37.9400,5,-0.990,-1.309,0.247,-3.634,7.038,5.306,9.887,7.963,4.411,-2.920,-4.724,6.568,8.888,-4.469,6.081
37.9500,5,-0.988,-1.313,0.248,-3.634,7.038,5.305,9.887,7.964,4.411,-2.920,-4.724,6.567,8.888,-4.468,6.081
37.9600,5,-0.986,-1.316,0.248,-3.634,7.039,5.305,9.886,7.964,4.412,-2.920,-4.723,6.567,8.888,-4.468,6.080
37.9700,5,-0.984,-1.319,0.248,-3.633,7.039,5.304,9.886,7.964,4.412,-2.920,-4.723,6.566,8.888,-4.467,6.080
37.9800,5,-0.983,-1.323,0.248,-3.633,7.039,5.303,9.886,7.965,4.413,-2.920,-4.723,6.565,8.889,-4.467,6.079
37.9900,5,-0.981,-1.326,0.248,-3.633,7.039,5.303,9.885,7.965,4.413,-2.920,-4.722,6.565,8.889,-4.467,6.078
38.0000,5,-0.979,-1.330,0.249,-3.633,7.040,5.302,9.885,7.966,4.414,-2.920,-4.722,6.564,8.889,-4.466,6.078
38.0100,5,-0.978,-1.333,0.249,-3.633,7.040,5.301,9.885,7.966,4.414,-2.920,-4.722,6.563,8.889,-4.466,6.077
38.0200,5,-0.976,-1.336,0.249,-3.633,7.040,5.301,9.884,7.966,4.415,-2.920,-4.722,6.563,8.889,-4.466,6.077
38.0300,5,-0.975,-1.339,0.249,-3.633,7.040,5.300,9.884,7.967,4.415,-2.920,-4.721,6.562,8.889,-4.465,6.076
38.0400,5,-0.974,-1.342,0.249,-3.633,7.041,5.299,9.884,7.967,4.416,-2.920,-4.721,6.561,8.889,-4.465,6.075
38.0500,5,-0.972,-1.345,0.249,-3.632,7.041,5.299,9.883,7.967,4.416,-2.920,-4.721,6.561,8.889,-4.465,6.075
38.0600,5,-0.971,-1.348,0.250,-3.632,7.041,5.298,9.883,7.968,4.417,-2.920,-4.721,6.560,8.889,-4.465,6.074
38.0700,5,-0.970,-1.351,0.250,-3.632,7.041,5.297,9.882,7.968,4.417,-2.920,-4.720,6.559,8.889,-4.464,6.074
38.0800,5,-0.969,-1.354,0.250,-3.632,7.042,5.297,9.882,7.968,4.418,-2.920,-4.720,6.559,8.889,-4.464,6.073
38.0900,5,-0.967,-1.357,0.250,-3.632,7.042,5.296,9.882,7.968,4.418,-2.920,-4.720,6.558,8.889,-4.464,6.073
38.1000,5,-0.966,-1.360,0.250,-3.632,7.042,5.296,9.881,7.969,4.419,-2.920,-4.720,6.557,8.890,-4.463,6.072
38.1100,5,-0.965,-1.363,0.250,-3.632,7.042,5.295,9.881,7.969,4.419,-2.920,-4.719,6.557,8.890,-4.463,6.072
38.1200,5,-0.964,-1.366,0.250,-3.632,7.042,5.294,9.881,7.969,4.420,-2.920,-4.719,6.556,8.890,-4.463,6.071
38.1300,5,-0.963,-1.369,0.250,-3.632,7.043,5.294,9.880,7.970,4.420,-2.920,-4.719,6.556,8.890,-4.462,6.071
38.1400,5,-0.962,-1.372,0.250,-3.631,7.043,5.293,9.880,7.970,4.421,-2.921,-4.719,6.555,8.890,-4.462,6.070
38.1500,5,-0.961,-1.374,0.250,-3.631,7.043,5.293,9.879,7.970,4.421,-2.921,-4.718,6.554,8.890,-4.462,6.070
38.1600,5,-0.960,-1.377,0.250,-3.631,7.043,5.292,9.879,7.971,4.422,-2.921,-4.718,6.554,8.890,-4.461,6.069
38.1700,5,-0.960,-1.379,0.250,-3.631,7.043,5.291,9.879,7.971,4.422,-2.921,-4.718,6.553,8.890,-4.461,6.069
38.1800,5,-0.959,-1.382,0.250,-3.631,7.044,5.291,9.878,7.971,4.423,-2.921,-4.718,6.553,8.890,-4.461,6.068
38.1900,5,-0.958,-1.385,0.250,-3.631,7.044,5.290,9.878,7.971,4.423,-2.921,-4.718,6.552,8.890,-4.461,6.068
38.2000,5,-0.957,-1.387,0.250,-3.631,7.044,5.290,9.877,7.972,4.424,-2.921,-4.717,6.551,8.890,-4.460,6.067
38.2100,5,-0.957,-1.390,0.250,-3.631,7.044,5.289,9.877,7.972,4.424,-2.921,-4.717,6.551,8.890,-4.460,6.067
38.2200,5,-0.956,-1.392,0.250,-3.631,7.045,5.288,9.877,7.972,4.425,-2.921,-4.717,6.550,8.890,-4.460,6.066
38.2300,5,-0.956,-1.394,0.250,-3.631,7.045,5.288,9.876,7.972,4.425,-2.921,-4.717,6.550,8.890,-4.460,6.066
38.2400,5,-0.955,-1.397,0.249,-3.630,7.045,5.287,9.876,7.973,4.426,-2.921,-4.717,6.549,8.890,-4.459,6.065
38.2500,5,-0.955,-1.399,0.249,-3.630,7.045,5.287,9.875,7.973,4.426,-2.921,-4.716,6.548,8.890,-4.459,6.065
38.2600,5,-0.954,-1.401,0.249,-3.630,7.045,5.286,9.875,7.973,4.427,-2.921,-4.716,6.548,8.891,-4.459,6.064
38.2700,5,-0.954,-1.403,0.249,-3.630,7.046,5.286,9.875,7.973,4.427,-2.921,-4.716,6.547,8.891,-4.458,6.064
38.2800,5,-0.954,-1.405,0.249,-3.630,7.046,5.285,9.874,7.974,4.428,-2.922,-4.716,6.547,8.891,-4.458,6.063
38.2900,5,-0.953,-1.408,0.249,-3.630,7.046,5.285,9.874,7.974,4.428,-2.922,-4.716,6.546,8.891,-4.458,6.063
38.3000,5,-0.953,-1.410,0.249,-3.630,7.046,5.284,9.873,7.974,4.429,-2.922,-4.715,6.546,8.891,-4.458,6.062
38.3100,5,-0.953,-1.412,0.248,-3.630,7.046,5.284,9.873,7.974,4.429,-2.922,-4.715,6.545,8.891,-4.457,6.062
38.3200,5,-0.953,-1.414,0.248,-3.630,7.046,5.283,9.872,7.974,4.430,-2.922,-4.715,6.545,8.891,-4.457,6.061
38.3300,5,-0.952,-1.416,0.248,-3.630,7.047,5.283,9.872,7.975,4.430,-2.922,-4.715,6.544,8.891,-4.457,6.061
38.3400,5,-0.952,-1.418,0.248,-3.630,7.047,5.282,9.872,7.975,4.431,-2.922,-4.715,6.544,8.891,-4.457,6.061
38.3500,5,-0.952,-1.419,0.248,-3.630,7.047,5.282,9.871,7.975,4.431,-2.922,-4.715,6.543,8.891,-4.456,6.060
38.3600,5,-0.952,-1.421,0.247,-3.629,7.047,5.281,9.871,7.975,4.432,-2.922,-4.714,6.543,8.891,-4.456,6.060
38.3700,5,-0.952,-1.423,0.247,-3.629,7.047,5.281,9.870,7.975,4.432,-2.922,-4.714,6.542,8.891,-4.456,6.059
38.3800,5,-0.952,-1.425,0.247,-3.629,7.047,5.280,9.870,7.975,4.433,-2.923,-4.714,6.542,8.891,-4.456,6.059
38.3900,5,-0.953,-1.426,0.246,-3.629,7.048,5.280,9.869,7.976,4.433,-2.923,-4.714,6.541,8.891,-4.455,6.058
38.4000,5,-0.953,-1.428,0.246,-3.629,7.048,5.279,9.869,7.976,4.434,-2.923,-4.714,6.541,8.891,-4.455,6.058
38.4100,5,-0.953,-1.430,0.246,-3.629,7.048,5.279,9.868,7.976,4.434,-2.923,-4.714,6.540,8.891,-4.455,6.058
38.4200,5,-0.953,-1.431,0.245,-3.629,7.048,5.278,9.868,7.976,4.434,-2.923,-4.714,6.540,8.891,-4.455,6.057
38.4300,5,-0.953,-1.433,0.245,-3.629,7.048,5.278,9.867,7.976,4.435,-2.923,-4.713,6.539,8.891,-4.455,6.057
38.4400,5,-0.954,-1.434,0.245,-3.629,7.048,5.277,9.867,7.976,4.435,-2.923,-4.713,6.539,8.891,-4.454,6.056
38.4500,5,-0.954,-1.436,0.244,-3.629,7.049,5.277,9.866,7.977,4.436,-2.923,-4.713,6.538,8.891,-4.454,6.056
38.4600,5,-0.954,-1.437,0.244,-3.629,7.049,5.276,9.866,7.977,4.436,-2.924,-4.713,6.538,8.891,-4.454,6.056
38.4700,5,-0.955,-1.438,0.244,-3.629,7.049,5.276,9.865,7.977,4.437,-2.924,-4.713,6.537,8.891,-4.454,6.055
38.4800,5,-0.955,-1.440,0.243,-3.629,7.049,5.275,9.865,7.977,4.437,-2.924,-4.713,6.537,8.891,-4.454,6.055
38.4900,5,-0.956,-1.441,0.243,-3.629,7.049,5.275,9.864,7.977,4.438,-2.924,-4.713,6.536,8.891,-4.453,6.055
38.5000,5,-0.956,-1.442,0.242,-3.629,7.049,5.275,9.864,7.977,4.438,-2.924,-4.713,6.536,8.891,-4.453,6.054
38.5100,5,-0.957,-1.443,0.242,-3.629,7.049,5.274,9.863,7.977,4.439,-2.924,-4.712,6.536,8.891,-4.453,6.054
38.5200,5,-0.957,-1.445,0.242,-3.629,7.050,5.274,9.863,7.977,4.439,-2.924,-4.712,6.535,8.891,-4.453,6.054
38.5300,5,-0.958,-1.446,0.241,-3.628,7.050,5.273,9.862,7.978,4.440,-2.924,-4.712,6.535,8.891,-4.453,6.053
38.5400,5,-0.958,-1.447,0.241,-3.628,7.050,5.273,9.862,7.978,4.440,-2.925,-4.712,6.534,8.891,-4.452,6.053
38.5500,5,-0.959,-1.448,0.240,-3.628,7.050,5.273,9.861,7.978,4.441,-2.925,-4.712,6.534,8.891,-4.452,6.053
38.5600,5,-0.960,-1.449,0.240,-3.628,7.050,5.272,9.861,7.978,4.441,-2.925,-4.712,6.534,8.891,-4.452,6.052
38.5700,5,-0.961,-1.450,0.239,-3.628,7.050,5.272,9.860,7.978,4.442,-2.925,-4.712,6.533,8.891,-4.452,6.052
38.5800,5,-0.961,-1.451,0.239,-3.628,7.050,5.271,9.860,7.978,4.442,-2.925,-4.712,6.533,8.891,-4.452,6.052
38.5900,5,-0.962,-1.451,0.238,-3.628,7.050,5.271,9.859,7.978,4.442,-2.925,-4.712,6.532,8.891,-4.451,6.051
38.6000,5,-0.963,-1.452,0.238,-3.628,7.051,5.271,9.859,7.978,4.443,-2.926,-4.712,6.532,8.891,-4.451,6.051
38.6100,5,-0.964,-1.453,0.237,-3.628,7.051,5.270,9.858,7.978,4.443,-2.926,-4.712,6.532,8.891,-4.451,6.051
38.6200,5,-0.965,-1.454,0.236,-3.628,7.051,5.270,9.858,7.978,4.444,-2.926,-4.711,6.531,8.891,-4.451,6.050
38.6300,5,-0.966,-1.454,0.236,-3.628,7.051,5.269,9.857,7.978,4.444,-2.926,-4.711,6.531,8.891,-4.451,6.050
38.6400,5,-0.967,-1.455,0.235,-3.628,7.051,5.269,9.857,7.978,4.445,-2.926,-4.711,6.530,8.891,-4.451,6.050
38.6500,5,-0.968,-1.456,0.235,-3.628,7.051,5.269,9.856,7.978,4.445,-2.926,-4.711,6.530,8.891,-4.450,6.050
38.6600,5,-0.969,-1.456,0.234,-3.628,7.051,5.268,9.856,7.978,4.446,-2.927,-4.711,6.530,8.891,-4.450,6.049
38.6700,5,-0.970,-1.457,0.233,-3.628,7.051,5.268,9.855,7.978,4.446,-2.927,-4.711,6.529,8.891,-4.450,6.049
38.6800,5,-0.971,-1.457,0.233,-3.628,7.052,5.268,9.855,7.978,4.447,-2.927,-4.711,6.529,8.891,-4.450,6.049
38.6900,5,-0.972,-1.458,0.232,-3.628,7.052,5.267,9.854,7.978,4.447,-2.927,-4.711,6.529,8.891,-4.450,6.048
38.7000,5,-0.973,-1.458,0.232,-3.628,7.052,5.267,9.853,7.978,4.447,-2.927,-4.711,6.528,8.891,-4.450,6.048
38.7100,5,-0.974,-1.458,0.231,-3.628,7.052,5.267,9.853,7.978,4.448,-2.927,-4.711,6.528,8.891,-4.450,6.048
38.7200,5,-0.975,-1.459,0.230,-3.628,7.052,5.267,9.852,7.978,4.448,-2.928,-4.711,6.528,8.891,-4.449,6.048
38.7300,5,-0.976,-1.459,0.230,-3.628,7.052,5.266,9.852,7.978,4.449,-2.928,-4.711,6.527,8.891,-4.449,6.048
38.7400,5,-0.978,-1.459,0.229,-3.628,7.052,5.266,9.851,7.978,4.449,-2.928,-4.711,6.527,8.891,-4.449,6.047
38.7500,5,-0.979,-1.459,0.228,-3.628,7.052,5.266,9.851,7.978,4.450,-2.928,-4.711,6.527,8.891,-4.449,6.047
38.7600,5,-0.980,-1.459,0.227,-3.628,7.052,5.265,9.850,7.978,4.450,-2.928,-4.711,6.527,8.891,-4.449,6.047
38.7700,5,-0.981,-1.459,0.227,-3.628,7.052,5.265,9.849,7.978,4.450,-2.929,-4.711,6.526,8.891,-4.449,6.047
38.7800,5,-0.983,-1.459,0.226,-3.628,7.052,5.265,9.849,7.978,4.451,-2.929,-4.711,6.526,8.891,-4.449,6.046
38.7900,5,-0.984,-1.459,0.225,-3.628,7.052,5.265,9.848,7.978,4.451,-2.929,-4.711,6.526,8.890,-4.448,6.046
38.8000,5,-0.985,-1.459,0.224,-3.628,7.053,5.264,9.848,7.978,4.452,-2.929,-4.711,6.525,8.890,-4.448,6.046
38.8100,5,-0.987,-1.459,0.224,-3.628,7.053,5.264,9.847,7.978,4.452,-2.929,-4.711,6.525,8.890,-4.448,6.046
38.8200,5,-0.988,-1.459,0.223,-3.628,7.053,5.264,9.846,7.978,4.453,-2.930,-4.711,6.525,8.890,-4.448,6.046
38.8300,5,-0.990,-1.459,0.222,-3.628,7.053,5.263,9.846,7.978,4.453,-2.930,-4.711,6.525,8.890,-4.448,6.045
38.8400,5,-0.991,-1.459,0.221,-3.628,7.053,5.263,9.845,7.978,4.453,-2.930,-4.711,6.524,8.890,-4.448,6.045
38.8500,5,-0.992,-1.459,0.220,-3.628,7.053,5.263,9.845,7.978,4.454,-2.930,-4.711,6.524,8.890,-4.448,6.045
38.8600,5,-0.994,-1.458,0.220,-3.628,7.053,5.263,9.844,7.978,4.454,-2.930,-4.711,6.524,8.890,-4.448,6.045
38.8700,5,-0.995,-1.458,0.219,-3.628,7.053,5.263,9.843,7.978,4.455,-2.931,-4.711,6.524,8.890,-4.448,6.045
38.8800,5,-0.997,-1.458,0.218,-3.628,7.053,5.262,9.843,7.978,4.455,-2.931,-4.711,6.524,8.890,-4.448,6.045
38.8900,5,-0.998,-1.457,0.217,-3.628,7.053,5.262,9.842,7.978,4.456,-2.931,-4.711,6.523,8.890,-4.447,6.044
38.9000,5,-1.000,-1.457,0.216,-3.628,7.053,5.262,9.842,7.978,4.456,-2.931,-4.711,6.523,8.890,-4.447,6.044
38.9100,5,-1.001,-1.456,0.215,-3.628,7.053,5.262,9.841,7.978,4.456,-2.932,-4.711,6.523,8.890,-4.447,6.044
38.9200,5,-1.003,-1.456,0.214,-3.628,7.053,5.262,9.840,7.978,4.457,-2.932,-4.711,6.523,8.890,-4.447,6.044
38.9300,5,-1.004,-1.455,0.213,-3.628,7.053,5.261,9.840,7.977,4.457,-2.932,-4.711,6.522,8.890,-4.447,6.044
38.9400,5,-1.006,-1.454,0.213,-3.628,7.053,5.261,9.839,7.977,4.458,-2.932,-4.711,6.522,8.890,-4.447,6.044
38.9500,5,-1.008,-1.454,0.212,-3.628,7.053,5.261,9.838,7.977,4.458,-2.932,-4.711,6.522,8.889,-4.447,6.044
38.9600,5,-1.009,-1.453,0.211,-3.628,7.053,5.261,9.838,7.977,4.458,-2.933,-4.711,6.522,8.889,-4.447,6.044
38.9700,5,-1.011,-1.452,0.210,-3.628,7.054,5.261,9.837,7.977,4.459,-2.933,-4.711,6.522,8.889,-4.447,6.044
38.9800,5,-1.012,-1.452,0.209,-3.628,7.054,5.261,9.837,7.977,4.459,-2.933,-4.711,6.522,8.889,-4.447,6.043
38.9900,5,-1.014,-1.451,0.208,-3.628,7.054,5.260,9.836,7.977,4.460,-2.933,-4.711,6.521,8.889,-4.447,6.043
39.0000,5,-1.016,-1.450,0.207,-3.628,7.054,5.260,9.835,7.977,4.460,-2.934,-4.711,6.521,8.889,-4.447,6.043
39.0100,5,-1.017,-1.449,0.206,-3.628,7.054,5.260,9.835,7.976,4.460,-2.934,-4.711,6.521,8.889,-4.447,6.043
39.0200,5,-1.019,-1.448,0.205,-3.628,7.054,5.260,9.834,7.976,4.461,-2.934,-4.711,6.521,8.889,-4.446,6.043
39.0300,5,-1.021,-1.447,0.204,-3.628,7.054,5.260,9.833,7.976,4.461,-2.934,-4.711,6.521,8.889,-4.446,6.043
39.0400,5,-1.022,-1.446,0.203,-3.628,7.054,5.260,9.833,7.976,4.462,-2.935,-4.711,6.521,8.889,-4.446,6.043
39.0500,5,-1.024,-1.445,0.202,-3.628,7.054,5.260,9.832,7.976,4.462,-2.935,-4.712,6.521,8.889,-4.446,6.043
39.0600,5,-1.026,-1.444,0.201,-3.628,7.054,5.259,9.831,7.976,4.462,-2.935,-4.712,6.520,8.888,-4.446,6.043
39.0700,5,-1.027,-1.443,0.200,-3.628,7.054,5.259,9.831,7.976,4.463,-2.935,-4.712,6.520,8.888,-4.446,6.043
39.0800,5,-1.029,-1.442,0.199,-3.628,7.054,5.259,9.830,7.975,4.463,-2.936,-4.712,6.520,8.888,-4.446,6.043
39.0900,5,-1.031,-1.440,0.198,-3.628,7.054,5.259,9.829,7.975,4.463,-2.936,-4.712,6.520,8.888,-4.446,6.043
39.1000,5,-1.032,-1.439,0.197,-3.628,7.054,5.259,9.828,7.975,4.464,-2.936,-4.712,6.520,8.888,-4.446,6.043
39.1100,5,-1.034,-1.438,0.195,-3.628,7.054,5.259,9.828,7.975,4.464,-2.937,-4.712,6.520,8.888,-4.446,6.043
39.1200,5,-1.036,-1.437,0.194,-3.628,7.054,5.259,9.827,7.975,4.465,-2.937,-4.712,6.520,8.888,-4.446,6.043
39.1300,5,-1.037,-1.435,0.193,-3.628,7.054,5.259,9.826,7.974,4.465,-2.937,-4.712,6.520,8.888,-4.446,6.043
39.1400,5,-1.039,-1.434,0.192,-3.628,7.054,5.259,9.826,7.974,4.465,-2.937,-4.712,6.520,8.888,-4.446,6.043
39.1500,5,-1.041,-1.432,0.191,-3.628,7.054,5.259,9.825,7.974,4.466,-2.938,-4.712,6.520,8.887,-4.446,6.043
39.1600,5,-1.042,-1.431,0.190,-3.628,7.054,5.259,9.824,7.974,4.466,-2.938,-4.713,6.520,8.887,-4.446,6.043
39.1700,5,-1.044,-1.429,0.189,-3.628,7.054,5.259,9.824,7.974,4.466,-2.938,-4.713,6.520,8.887,-4.446,6.043
39.1800,5,-1.046,-1.428,0.188,-3.629,7.054,5.259,9.823,7.973,4.467,-2.939,-4.713,6.520,8.887,-4.446,6.043
39.1900,5,-1.047,-1.426,0.186,-3.629,7.054,5.259,9.822,7.973,4.467,-2.939,-4.713,6.520,8.887,-4.446,6.043
39.2000,5,-1.049,-1.425,0.185,-3.629,7.054,5.259,9.821,7.973,4.467,-2.939,-4.713,6.519,8.887,-4.446,6.043
39.2100,5,-1.051,-1.423,0.184,-3.629,7.054,5.259,9.821,7.973,4.468,-2.939,-4.713,6.519,8.887,-4.446,6.043
39.2200,5,-1.052,-1.421,0.183,-3.629,7.054,5.259,9.820,7.972,4.468,-2.940,-4.713,6.519,8.887,-4.446,6.043
39.2300,5,-1.054,-1.419,0.182,-3.629,7.054,5.259,9.819,7.972,4.468,-2.940,-4.713,6.519,8.886,-4.446,6.043
39.2400,5,-1.056,-1.418,0.180,-3.629,7.054,5.259,9.819,7.972,4.469,-2.940,-4.714,6.519,8.886,-4.446,6.043
39.2500,5,-1.057,-1.416,0.179,-3.629,7.054,5.259,9.818,7.972,4.469,-2.941,-4.714,6.519,8.886,-4.446,6.043
39.2600,5,-1.059,-1.414,0.178,-3.629,7.054,5.259,9.817,7.971,4.470,-2.941,-4.714,6.519,8.886,-4.446,6.043
39.2700,5,-1.061,-1.412,0.177,-3.629,7.054,5.259,9.816,7.971,4.470,-2.941,-4.714,6.519,8.886,-4.446,6.043
39.2800,5,-1.062,-1.410,0.176,-3.629,7.054,5.259,9.816,7.971,4.470,-2.942,-4.714,6.519,8.886,-4.446,6.043
39.2900,5,-1.064,-1.408,0.174,-3.629,7.054,5.259,9.815,7.971,4.471,-2.942,-4.714,6.519,8.886,-4.446,6.043
39.3000,5,-1.065,-1.406,0.173,-3.629,7.054,5.259,9.814,7.970,4.471,-2.942,-4.714,6.520,8.885,-4.446,6.043
39.3100,5,-1.067,-1.404,0.172,-3.629,7.054,5.259,9.813,7.970,4.471,-2.943,-4.715,6.520,8.885,-4.446,6.043
39.3200,5,-1.069,-1.402,0.170,-3.629,7.053,5.259,9.813,7.970,4.471,-2.943,-4.715,6.520,8.885,-4.446,6.043
39.3300,5,-1.070,-1.400,0.169,-3.629,7.053,5.259,9.812,7.970,4.472,-2.943,-4.715,6.520,8.885,-4.446,6.044
39.3400,5,-1.072,-1.398,0.168,-3.630,7.053,5.259,9.811,7.969,4.472,-2.943,-4.715,6.520,8.885,-4.446,6.044
39.3500,5,-1.073,-1.396,0.167,-3.630,7.053,5.259,9.810,7.969,4.472,-2.944,-4.715,6.520,8.885,-4.446,6.044
39.3600,5,-1.075,-1.393,0.165,-3.630,7.053,5.259,9.810,7.969,4.473,-2.944,-4.715,6.520,8.885,-4.446,6.044
39.3700,5,-1.076,-1.391,0.164,-3.630,7.053,5.259,9.809,7.968,4.473,-2.944,-4.716,6.520,8.884,-4.446,6.044
39.3800,5,-1.078,-1.389,0.163,-3.630,7.053,5.259,9.808,7.968,4.473,-2.945,-4.716,6.520,8.884,-4.446,6.044
39.3900,5,-1.079,-1.387,0.161,-3.630,7.053,5.259,9.807,7.968,4.474,-2.945,-4.716,6.520,8.884,-4.446,6.044
39.4000,5,-1.081,-1.384,0.160,-3.630,7.053,5.259,9.806,7.967,4.474,-2.946,-4.716,6.520,8.884,-4.446,6.044
39.4100,5,-1.082,-1.382,0.159,-3.630,7.053,5.259,9.806,7.967,4.474,-2.946,-4.716,6.520,8.884,-4.446,6.045
39.4200,5,-1.083,-1.379,0.157,-3.630,7.053,5.260,9.805,7.967,4.475,-2.946,-4.717,6.520,8.884,-4.446,6.045
39.4300,5,-1.085,-1.377,0.156,-3.630,7.053,5.260,9.804,7.966,4.475,-2.947,-4.717,6.520,8.883,-4.446,6.045
39.4400,5,-1.086,-1.375,0.155,-3.630,7.053,5.260,9.803,7.966,4.475,-2.947,-4.717,6.521,8.883,-4.447,6.045
39.4500,5,-1.088,-1.372,0.153,-3.630,7.053,5.260,9.802,7.966,4.475,-2.947,-4.717,6.521,8.883,-4.447,6.045
39.4600,5,-1.089,-1.369,0.152,-3.631,7.053,5.260,9.802,7.965,4.476,-2.948,-4.717,6.521,8.883,-4.447,6.045
39.4700,5,-1.090,-1.367,0.150,-3.631,7.053,5.260,9.801,7.965,4.476,-2.948,-4.718,6.521,8.883,-4.447,6.046
39.4800,5,-1.092,-1.364,0.149,-3.631,7.053,5.260,9.800,7.965,4.476,-2.948,-4.718,6.521,8.883,-4.447,6.046
39.4900,5,-1.093,-1.362,0.148,-3.631,7.053,5.260,9.799,7.964,4.477,-2.949,-4.718,6.521,8.882,-4.447,6.046
39.5000,5,-1.094,-1.359,0.146,-3.631,7.052,5.261,9.798,7.964,4.477,-2.949,-4.718,6.521,8.882,-4.447,6.046
39.5100,5,-1.095,-1.356,0.145,-3.631,7.052,5.261,9.798,7.964,4.477,-2.949,-4.718,6.522,8.882,-4.447,6.046
39.5200,5,-1.096,-1.353,0.143,-3.631,7.052,5.261,9.797,7.963,4.477,-2.950,-4.719,6.522,8.882,-4.447,6.047
39.5300,5,-1.098,-1.351,0.142,-3.631,7.052,5.261,9.796,7.963,4.478,-2.950,-4.719,6.522,8.882,-4.447,6.047
39.5400,5,-1.099,-1.348,0.140,-3.631,7.052,5.261,9.795,7.962,4.478,-2.951,-4.719,6.522,8.881,-4.447,6.047
39.5500,5,-1.100,-1.345,0.139,-3.631,7.052,5.261,9.794,7.962,4.478,-2.951,-4.719,6.522,8.881,-4.447,6.047
39.5600,5,-1.101,-1.342,0.137,-3.632,7.052,5.262,9.793,7.962,4.478,-2.951,-4.720,6.522,8.881,-4.447,6.047
39.5700,5,-1.102,-1.339,0.136,-3.632,7.052,5.262,9.793,7.961,4.479,-2.952,-4.720,6.523,8.881,-4.447,6.048
39.5800,5,-1.103,-1.336,0.135,-3.632,7.052,5.262,9.792,7.961,4.479,-2.952,-4.720,6.523,8.881,-4.448,6.048
39.5900,5,-1.104,-1.333,0.133,-3.632,7.052,5.262,9.791,7.960,4.479,-2.952,-4.720,6.523,8.880,-4.448,6.048
39.6000,5,-1.105,-1.330,0.132,-3.632,7.052,5.263,9.790,7.960,4.479,-2.953,-4.721,6.523,8.880,-4.448,6.048
39.6100,5,-1.106,-1.327,0.130,-3.632,7.052,5.263,9.789,7.960,4.480,-2.953,-4.721,6.523,8.880,-4.448,6.049
39.6200,5,-1.107,-1.324,0.129,-3.632,7.051,5.263,9.788,7.959,4.480,-2.954,-4.721,6.524,8.880,-4.448,6.049
39.6300,5,-1.108,-1.321,0.127,-3.632,7.051,5.263,9.787,7.959,4.480,-2.954,-4.721,6.524,8.880,-4.448,6.049
39.6400,5,-1.108,-1.318,0.126,-3.632,7.051,5.263,9.787,7.958,4.480,-2.954,-4.722,6.524,8.879,-4.448,6.049
39.6500,5,-1.109,-1.315,0.124,-3.633,7.051,5.264,9.786,7.958,4.481,-2.955,-4.722,6.524,8.879,-4.448,6.050
39.6600,5,-1.110,-1.312,0.123,-3.633,7.051,5.264,9.785,7.958,4.481,-2.955,-4.722,6.525,8.879,-4.448,6.050
39.6700,5,-1.111,-1.308,0.121,-3.633,7.051,5.264,9.784,7.957,4.481,-2.956,-4.722,6.525,8.879,-4.448,6.050
39.6800,5,-1.111,-1.305,0.119,-3.633,7.051,5.264,9.783,7.957,4.481,-2.956,-4.723,6.525,8.878,-4.449,6.051
39.6900,5,-1.112,-1.302,0.118,-3.633,7.051,5.265,9.782,7.956,4.482,-2.956,-4.723,6.525,8.878,-4.449,6.051
39.7000,5,-1.113,-1.299,0.116,-3.633,7.051,5.265,9.781,7.956,4.482,-2.957,-4.723,6.526,8.878,-4.449,6.051
39.7100,5,-1.113,-1.295,0.115,-3.633,7.050,5.265,9.780,7.955,4.482,-2.957,-4.723,6.526,8.878,-4.449,6.051
39.7200,5,-1.114,-1.292,0.113,-3.634,7.050,5.266,9.780,7.955,4.482,-2.958,-4.724,6.526,8.878,-4.449,6.052
39.7300,5,-1.114,-1.289,0.112,-3.634,7.050,5.266,9.779,7.954,4.482,-2.958,-4.724,6.526,8.877,-4.449,6.052
39.7400,5,-1.115,-1.285,0.110,-3.634,7.050,5.266,9.778,7.954,4.483,-2.959,-4.724,6.527,8.877,-4.449,6.052
39.7500,5,-1.115,-1.282,0.109,-3.634,7.050,5.266,9.777,7.953,4.483,-2.959,-4.725,6.527,8.877,-4.449,6.053
39.7600,5,-1.116,-1.278,0.107,-3.634,7.050,5.267,9.776,7.953,4.483,-2.959,-4.725,6.527,8.877,-4.450,6.053
39.7700,5,-1.116,-1.275,0.105,-3.634,7.050,5.267,9.775,7.952,4.483,-2.960,-4.725,6.528,8.876,-4.450,6.053
39.7800,5,-1.116,-1.271,0.104,-3.634,7.050,5.267,9.774,7.952,4.483,-2.960,-4.725,6.528,8.876,-4.450,6.054
39.7900,5,-1.117,-1.268,0.102,-3.635,7.049,5.268,9.773,7.952,4.484,-2.961,-4.726,6.528,8.876,-4.450,6.054
39.8000,5,-1.117,-1.264,0.101,-3.635,7.049,5.268,9.772,7.951,4.484,-2.961,-4.726,6.529,8.876,-4.450,6.054
39.8100,5,-1.117,-1.261,0.099,-3.635,7.049,5.268,9.771,7.951,4.484,-2.962,-4.726,6.529,8.875,-4.450,6.055
39.8200,5,-1.117,-1.257,0.097,-3.635,7.049,5.269,9.770,7.950,4.484,-2.962,-4.727,6.529,8.875,-4.450,6.055
39.8300,5,-1.117,-1.253,0.096,-3.635,7.049,5.269,9.769,7.950,4.484,-2.962,-4.727,6.530,8.875,-4.451,6.056
39.8400,5,-1.117,-1.250,0.094,-3.635,7.049,5.269,9.769,7.949,4.485,-2.963,-4.727,6.530,8.875,-4.451,6.056
39.8500,5,-1.117,-1.246,0.093,-3.635,7.049,5.270,9.768,7.949,4.485,-2.963,-4.728,6.530,8.874,-4.451,6.056
39.8600,5,-1.117,-1.242,0.091,-3.636,7.049,5.270,9.767,7.948,4.485,-2.964,-4.728,6.531,8.874,-4.451,6.057
39.8700,5,-1.117,-1.238,0.089,-3.636,7.048,5.270,9.766,7.948,4.485,-2.964,-4.728,6.531,8.874,-4.451,6.057
39.8800,5,-1.117,-1.235,0.088,-3.636,7.048,5.271,9.765,7.947,4.485,-2.965,-4.729,6.531,8.874,-4.451,6.058
39.8900,5,-1.117,-1.231,0.086,-3.636,7.048,5.271,9.764,7.946,4.485,-2.965,-4.729,6.532,8.873,-4.451,6.058
39.9000,5,-1.117,-1.227,0.084,-3.636,7.048,5.272,9.763,7.946,4.486,-2.966,-4.729,6.532,8.873,-4.452,6.058
39.9100,5,-1.117,-1.223,0.083,-3.636,7.048,5.272,9.762,7.945,4.486,-2.966,-4.729,6.533,8.873,-4.452,6.059
39.9200,5,-1.116,-1.219,0.081,-3.637,7.048,5.272,9.761,7.945,4.486,-2.967,-4.730,6.533,8.873,-4.452,6.059
39.9300,5,-1.116,-1.215,0.079,-3.637,7.047,5.273,9.760,7.944,4.486,-2.967,-4.730,6.533,8.872,-4.452,6.060
39.9400,5,-1.116,-1.212,0.078,-3.637,7.047,5.273,9.759,7.944,4.486,-2.967,-4.731,6.534,8.872,-4.452,6.060
39.9500,5,-1.115,-1.208,0.076,-3.637,7.047,5.274,9.758,7.943,4.486,-2.968,-4.731,6.534,8.872,-4.452,6.060
39.9600,5,-1.115,-1.204,0.074,-3.637,7.047,5.274,9.757,7.943,4.487,-2.968,-4.731,6.535,8.872,-4.453,6.061
39.9700,5,-1.114,-1.200,0.073,-3.637,7.047,5.274,9.756,7.942,4.487,-2.969,-4.732,6.535,8.871,-4.453,6.061
39.9800,5,-1.114,-1.196,0.071,-3.638,7.047,5.275,9.755,7.942,4.487,-2.969,-4.732,6.535,8.871,-4.453,6.062
39.9900,5,-1.113,-1.192,0.069,-3.638,7.047,5.275,9.754,7.941,4.487,-2.970,-4.732,6.536,8.871,-4.453,6.062
40.0000,5,-1.112,-1.188,0.068,-3.638,7.046,5.276,9.753,7.941,4.487,-2.970,-4.733,6.536,8.870,-4.453,6.063
40.0100,5,-1.111,-1.184,0.066,-3.638,7.046,5.276,9.752,7.940,4.487,-2.971,-4.733,6.537,8.870,-4.454,6.063
40.0200,5,-1.111,-1.179,0.064,-3.638,7.046,5.277,9.751,7.939,4.487,-2.971,-4.733,6.537,8.870,-4.454,6.064
40.0300,5,-1.110,-1.175,0.063,-3.638,7.046,5.277,9.750,7.939,4.487,-2.972,-4.734,6.538,8.870,-4.454,6.064
40.0400,5,-1.109,-1.171,0.061,-3.639,7.046,5.278,9.749,7.938,4.488,-2.972,-4.734,6.538,8.869,-4.454,6.064
40.0500,5,-1.108,-1.167,0.059,-3.639,7.046,5.278,9.748,7.938,4.488,-2.973,-4.734,6.539,8.869,-4.454,6.065
40.0600,5,-1.107,-1.163,0.058,-3.639,7.045,5.279,9.747,7.937,4.488,-2.973,-4.735,6.539,8.869,-4.454,6.065
40.0700,5,-1.106,-1.159,0.056,-3.639,7.045,5.279,9.746,7.937,4.488,-2.974,-4.735,6.539,8.868,-4.455,6.066
40.0800,5,-1.105,-1.154,0.054,-3.639,7.045,5.279,9.745,7.936,4.488,-2.974,-4.735,6.540,8.868,-4.455,6.066
40.0900,5,-1.104,-1.150,0.052,-3.640,7.045,5.280,9.744,7.935,4.488,-2.975,-4.736,6.540,8.868,-4.455,6.067
40.1000,5,-1.102,-1.146,0.051,-3.640,7.045,5.280,9.743,7.935,4.488,-2.975,-4.736,6.541,8.867,-4.455,6.067
40.1100,5,-1.101,-1.142,0.049,-3.640,7.044,5.281,9.742,7.934,4.488,-2.976,-4.737,6.541,8.867,-4.455,6.068
40.1200,5,-1.100,-1.137,0.047,-3.640,7.044,5.281,9.741,7.934,4.488,-2.976,-4.737,6.542,8.867,-4.456,6.068
40.1300,5,-1.098,-1.133,0.046,-3.640,7.044,5.282,9.740,7.933,4.488,-2.977,-4.737,6.542,8.867,-4.456,6.069
40.1400,5,-1.097,-1.129,0.044,-3.641,7.044,5.282,9.739,7.932,4.489,-2.977,-4.738,6.543,8.866,-4.456,6.069
40.1500,5,-1.095,-1.124,0.042,-3.641,7.044,5.283,9.738,7.932,4.489,-2.978,-4.738,6.543,8.866,-4.456,6.070
40.1600,5,-1.094,-1.120,0.040,-3.641,7.044,5.284,9.737,7.931,4.489,-2.978,-4.739,6.544,8.866,-4.456,6.070
40.1700,5,-1.092,-1.116,0.039,-3.641,7.043,5.284,9.736,7.930,4.489,-2.979,-4.739,6.544,8.865,-4.457,6.071
40.1800,5,-1.090,-1.111,0.037,-3.641,7.043,5.285,9.735,7.930,4.489,-2.979,-4.739,6.545,8.865,-4.457,6.072
40.1900,5,-1.089,-1.107,0.035,-3.642,7.043,5.285,9.734,7.929,4.489,-2.980,-4.740,6.546,8.865,-4.457,6.072
40.2000,5,-1.087,-1.102,0.033,-3.642,7.043,5.286,9.733,7.929,4.489,-2.980,-4.740,6.546,8.864,-4.457,6.073
40.2100,5,-1.085,-1.098,0.032,-3.642,7.043,5.286,9.732,7.928,4.489,-2.981,-4.740,6.547,8.864,-4.458,6.073
40.2200,5,-1.083,-1.093,0.030,-3.642,7.042,5.287,9.731,7.927,4.489,-2.981,-4.741,6.547,8.864,-4.458,6.074
40.2300,5,-1.081,-1.089,0.028,-3.642,7.042,5.287,9.730,7.927,4.489,-2.982,-4.741,6.548,8.863,-4.458,6.074
40.2400,5,-1.079,-1.085,0.027,-3.643,7.042,5.288,9.729,7.926,4.489,-2.982,-4.742,6.548,8.863,-4.458,6.075
40.2500,5,-1.077,-1.080,0.025,-3.643,7.042,5.288,9.728,7.925,4.489,-2.983,-4.742,6.549,8.863,-4.458,6.075
40.2600,5,-1.075,-1.075,0.023,-3.643,7.042,5.289,9.727,7.925,4.489,-2.984,-4.742,6.549,8.862,-4.459,6.076
40.2700,5,-1.073,-1.071,0.021,-3.643,7.041,5.290,9.726,7.924,4.489,-2.984,-4.743,6.550,8.862,-4.459,6.076
40.2800,5,-1.070,-1.066,0.020,-3.644,7.041,5.290,9.725,7.924,4.490,-2.985,-4.743,6.551,8.862,-4.459,6.077
40.2900,5,-1.068,-1.062,0.018,-3.644,7.041,5.291,9.724,7.923,4.490,-2.985,-4.744,6.551,8.861,-4.459,6.078
40.3000,5,-1.066,-1.057,0.016,-3.644,7.041,5.291,9.723,7.922,4.490,-2.986,-4.744,6.552,8.861,-4.460,6.078
40.3100,5,-1.063,-1.053,0.014,-3.644,7.041,5.292,9.721,7.922,4.490,-2.986,-4.745,6.552,8.861,-4.460,6.079
40.3200,5,-1.061,-1.048,0.013,-3.644,7.040,5.292,9.720,7.921,4.490,-2.987,-4.745,6.553,8.860,-4.460,6.079
40.3300,5,-1.058,-1.043,0.011,-3.645,7.040,5.293,9.719,7.920,4.490,-2.987,-4.745,6.553,8.860,-4.460,6.080
40.3400,5,-1.055,-1.039,0.009,-3.645,7.040,5.294,9.718,7.920,4.490,-2.988,-4.746,6.554,8.860,-4.461,6.081
40.3500,5,-1.053,-1.034,0.007,-3.645,7.040,5.294,9.717,7.919,4.490,-2.988,-4.746,6.555,8.859,-4.461,6.081
40.3600,5,-1.050,-1.029,0.006,-3.645,7.039,5.295,9.716,7.918,4.490,-2.989,-4.747,6.555,8.859,-4.461,6.082
40.3700,5,-1.047,-1.025,0.004,-3.646,7.039,5.295,9.715,7.918,4.490,-2.990,-4.747,6.556,8.859,-4.461,6.082
40.3800,5,-1.044,-1.020,0.002,-3.646,7.039,5.296,9.714,7.917,4.490,-2.990,-4.748,6.557,8.858,-4.462,6.083
40.3900,5,-1.041,-1.015,0.000,-3.646,7.039,5.297,9.713,7.916,4.490,-2.991,-4.748,6.557,8.858,-4.462,6.084
40.4000,5,-1.038,-1.011,-0.001,-3.646,7.039,5.297,9.712,7.916,4.490,-2.991,-4.748,6.558,8.858,-4.462,6.084
40.4100,5,-1.035,-1.006,-0.003,-3.646,7.038,5.298,9.711,7.915,4.490,-2.992,-4.749,6.558,8.857,-4.462,6.085
40.4200,5,-1.032,-1.001,-0.005,-3.647,7.038,5.299,9.710,7.914,4.490,-2.992,-4.749,6.559,8.857,-4.463,6.085
40.4300,5,-1.029,-0.996,-0.007,-3.647,7.038,5.299,9.708,7.914,4.490,-2.993,-4.750,6.560,8.857,-4.463,6.086
40.4400,5,-1.026,-0.992,-0.008,-3.647,7.038,5.300,9.707,7.913,4.490,-2.993,-4.750,6.560,8.856,-4.463,6.087
40.4500,5,-1.022,-0.987,-0.010,-3.647,7.037,5.301,9.706,7.912,4.490,-2.994,-4.751,6.561,8.856,-4.463,6.087
40.4600,5,-1.019,-0.982,-0.012,-3.648,7.037,5.301,9.705,7.911,4.490,-2.995,-4.751,6.562,8.856,-4.464,6.088
40.4700,5,-1.016,-0.977,-0.014,-3.648,7.037,5.302,9.704,7.911,4.490,-2.995,-4.751,6.562,8.855,-4.464,6.089
40.4800,5,-1.012,-0.972,-0.015,-3.648,7.037,5.303,9.703,7.910,4.490,-2.996,-4.752,6.563,8.855,-4.464,6.089
40.4900,5,-1.009,-0.968,-0.017,-3.648,7.037,5.303,9.702,7.909,4.490,-2.996,-4.752,6.564,8.854,-4.464,6.090
40.5000,5,-1.005,-0.963,-0.019,-3.649,7.036,5.304,9.701,7.909,4.490,-2.997,-4.753,6.564,8.854,-4.465,6.091
40.5100,5,-1.001,-0.958,-0.021,-3.649,7.036,5.305,9.700,7.908,4.490,-2.998,-4.753,6.565,8.854,-4.465,6.091
40.5200,5,-0.997,-0.953,-0.022,-3.649,7.036,5.305,9.698,7.907,4.490,-2.998,-4.754,6.566,8.853,-4.465,6.092
40.5300,5,-0.994,-0.948,-0.024,-3.649,7.036,5.306,9.697,7.907,4.490,-2.999,-4.754,6.566,8.853,-4.465,6.093
40.5400,5,-0.990,-0.943,-0.026,-3.650,7.035,5.307,9.696,7.906,4.490,-2.999,-4.755,6.567,8.853,-4.466,6.093
40.5500,5,-0.986,-0.939,-0.028,-3.650,7.035,5.307,9.695,7.905,4.490,-3.000,-4.755,6.568,8.852,-4.466,6.094
40.5600,5,-0.982,-0.934,-0.029,-3.650,7.035,5.308,9.694,7.904,4.490,-3.000,-4.756,6.568,8.852,-4.466,6.095
40.5700,5,-0.978,-0.929,-0.031,-3.650,7.035,5.309,9.693,7.904,4.489,-3.001,-4.756,6.569,8.852,-4.467,6.095
40.5800,5,-0.974,-0.924,-0.033,-3.651,7.034,5.309,9.692,7.903,4.489,-3.002,-4.756,6.570,8.851,-4.467,6.096
40.5900,5,-0.969,-0.919,-0.035,-3.651,7.034,5.310,9.691,7.902,4.489,-3.002,-4.757,6.570,8.851,-4.467,6.097
40.6000,5,-0.965,-0.914,-0.036,-3.651,7.034,5.311,9.689,7.902,4.489,-3.003,-4.757,6.571,8.850,-4.467,6.097
40.6100,5,-0.961,-0.909,-0.038,-3.651,7.034,5.311,9.688,7.901,4.489,-3.003,-4.758,6.572,8.850,-4.468,6.098
40.6200,5,-0.956,-0.904,-0.040,-3.652,7.033,5.312,9.687,7.900,4.489,-3.004,-4.758,6.573,8.850,-4.468,6.099
40.6300,5,-0.952,-0.899,-0.041,-3.652,7.033,5.313,9.686,7.899,4.489,-3.005,-4.759,6.573,8.849,-4.468,6.099
40.6400,5,-0.947,-0.894,-0.043,-3.652,7.033,5.314,9.685,7.899,4.489,-3.005,-4.759,6.574,8.849,-4.468,6.100
40.6500,5,-0.943,-0.889,-0.045,-3.652,7.033,5.314,9.684,7.898,4.489,-3.006,-4.760,6.575,8.849,-4.469,6.101
40.6600,5,-0.938,-0.885,-0.047,-3.653,7.033,5.315,9.683,7.897,4.489,-3.006,-4.760,6.575,8.848,-4.469,6.101
40.6700,5,-0.934,-0.880,-0.048,-3.653,7.032,5.316,9.681,7.896,4.489,-3.007,-4.761,6.576,8.848,-4.469,6.102
40.6800,5,-0.929,-0.875,-0.050,-3.653,7.032,5.317,9.680,7.896,4.489,-3.008,-4.761,6.577,8.847,-4.470,6.103
40.6900,5,-0.924,-0.870,-0.052,-3.653,7.032,5.317,9.679,7.895,4.489,-3.008,-4.762,6.578,8.847,-4.470,6.104
40.7000,5,-0.919,-0.865,-0.053,-3.654,7.032,5.318,9.678,7.894,4.489,-3.009,-4.762,6.578,8.847,-4.470,6.104
40.7100,5,-0.914,-0.860,-0.055,-3.654,7.031,5.319,9.677,7.894,4.489,-3.009,-4.763,6.579,8.846,-4.470,6.105
40.7200,5,-0.909,-0.855,-0.057,-3.654,7.031,5.319,9.676,7.893,4.488,-3.010,-4.763,6.580,8.846,-4.471,6.106
40.7300,5,-0.904,-0.850,-0.059,-3.655,7.031,5.320,9.675,7.892,4.488,-3.011,-4.764,6.581,8.845,-4.471,6.106
40.7400,5,-0.899,-0.845,-0.060,-3.655,7.031,5.321,9.673,7.891,4.488,-3.011,-4.764,6.581,8.845,-4.471,6.107
40.7500,5,-0.894,-0.840,-0.062,-3.655,7.030,5.322,9.672,7.891,4.488,-3.012,-4.765,6.582,8.845,-4.472,6.108
40.7600,5,-0.889,-0.835,-0.064,-3.655,7.030,5.323,9.671,7.890,4.488,-3.012,-4.765,6.583,8.844,-4.472,6.109
40.7700,5,-0.883,-0.830,-0.065,-3.656,7.030,5.323,9.670,7.889,4.488,-3.013,-4.766,6.584,8.844,-4.472,6.109
40.7800,5,-0.878,-0.825,-0.067,-3.656,7.029,5.324,9.669,7.888,4.488,-3.014,-4.766,6.584,8.843,-4.473,6.110
40.7900,5,-0.872,-0.820,-0.069,-3.656,7.029,5.325,9.668,7.888,4.488,-3.014,-4.766,6.585,8.843,-4.473,6.111
40.8000,5,-0.867,-0.815,-0.070,-3.656,7.029,5.326,9.666,7.887,4.488,-3.015,-4.767,6.586,8.843,-4.473,6.112
40.8100,5,-0.861,-0.810,-0.072,-3.657,7.029,5.326,9.665,7.886,4.488,-3.016,-4.767,6.587,8.842,-4.473,6.112
40.8200,5,-0.856,-0.805,-0.074,-3.657,7.028,5.327,9.664,7.885,4.487,-3.016,-4.768,6.587,8.842,-4.474,6.113
40.8300,5,-0.850,-0.800,-0.075,-3.657,7.028,5.328,9.663,7.885,4.487,-3.017,-4.768,6.588,8.841,-4.474,6.114
40.8400,5,-0.844,-0.795,-0.077,-3.658,7.028,5.329,9.662,7.884,4.487,-3.017,-4.769,6.589,8.841,-4.474,6.115
40.8500,5,-0.839,-0.790,-0.079,-3.658,7.028,5.329,9.661,7.883,4.487,-3.018,-4.769,6.590,8.841,-4.475,6.115
40.8600,5,-0.833,-0.785,-0.080,-3.658,7.027,5.330,9.659,7.882,4.487,-3.019,-4.770,6.591,8.840,-4.475,6.116
40.8700,5,-0.827,-0.780,-0.082,-3.658,7.027,5.331,9.658,7.881,4.487,-3.019,-4.770,6.591,8.840,-4.475,6.117
40.8800,5,-0.821,-0.775,-0.084,-3.659,7.027,5.332,9.657,7.881,4.487,-3.020,-4.771,6.592,8.839,-4.476,6.118
40.8900,5,-0.815,-0.770,-0.085,-3.659,7.027,5.333,9.656,7.880,4.486,-3.021,-4.771,6.593,8.839,-4.476,6.118
40.9000,5,-0.809,-0.765,-0.087,-3.659,7.026,5.333,9.655,7.879,4.486,-3.021,-4.772,6.594,8.839,-4.476,6.119
40.9100,5,-0.803,-0.760,-0.089,-3.659,7.026,5.334,9.653,7.878,4.486,-3.022,-4.772,6.595,8.838,-4.476,6.120
40.9200,5,-0.796,-0.755,-0.090,-3.660,7.026,5.335,9.652,7.878,4.486,-3.022,-4.773,6.595,8.838,-4.477,6.121
40.9300,5,-0.790,-0.750,-0.092,-3.660,7.026,5.336,9.651,7.877,4.486,-3.023,-4.773,6.596,8.837,-4.477,6.121
40.9400,5,-0.784,-0.745,-0.094,-3.660,7.025,5.337,9.650,7.876,4.486,-3.024,-4.774,6.597,8.837,-4.477,6.122
40.9500,5,-0.777,-0.740,-0.095,-3.661,7.025,5.337,9.649,7.875,4.486,-3.024,-4.774,6.598,8.837,-4.478,6.123
40.9600,5,-0.771,-0.735,-0.097,-3.661,7.025,5.338,9.648,7.875,4.485,-3.025,-4.775,6.599,8.836,-4.478,6.124
40.9700,5,-0.765,-0.730,-0.098,-3.661,7.024,5.339,9.646,7.874,4.485,-3.026,-4.775,6.599,8.836,-4.478,6.124
40.9800,5,-0.758,-0.725,-0.100,-3.661,7.024,5.340,9.645,7.873,4.485,-3.026,-4.776,6.600,8.835,-4.479,6.125
40.9900,5,-0.751,-0.720,-0.102,-3.662,7.024,5.341,9.644,7.872,4.485,-3.027,-4.777,6.601,8.835,-4.479,6.126
41.0000,5,-0.745,-0.715,-0.103,-3.662,7.024,5.341,9.643,7.871,4.485,-3.028,-4.777,6.602,8.834,-4.479,6.127
41.0100,5,-0.738,-0.710,-0.105,-3.662,7.023,5.342,9.642,7.871,4.485,-3.028,-4.778,6.603,8.834,-4.480,6.128
41.0200,5,-0.731,-0.705,-0.106,-3.663,7.023,5.343,9.640,7.870,4.484,-3.029,-4.778,6.604,8.834,-4.480,6.128
41.0300,5,-0.725,-0.700,-0.108,-3.663,7.023,5.344,9.639,7.869,4.484,-3.030,-4.779,6.604,8.833,-4.480,6.129
41.0400,5,-0.718,-0.695,-0.110,-3.663,7.023,5.345,9.638,7.868,4.484,-3.030,-4.779,6.605,8.833,-4.481,6.130
41.0500,5,-0.711,-0.690,-0.111,-3.664,7.022,5.346,9.637,7.867,4.484,-3.031,-4.780,6.606,8.832,-4.481,6.131
41.0600,5,-0.704,-0.685,-0.113,-3.664,7.022,5.346,9.636,7.867,4.484,-3.031,-4.780,6.607,8.832,-4.481,6.131
41.0700,5,-0.697,-0.680,-0.114,-3.664,7.022,5.347,9.634,7.866,4.483,-3.032,-4.781,6.608,8.832,-4.482,6.132
41.0800,5,-0.690,-0.675,-0.116,-3.664,7.021,5.348,9.633,7.865,4.483,-3.033,-4.781,6.608,8.831,-4.482,6.133
41.0900,5,-0.683,-0.670,-0.117,-3.665,7.021,5.349,9.632,7.864,4.483,-3.033,-4.782,6.609,8.831,-4.482,6.134
41.1000,5,-0.676,-0.665,-0.119,-3.665,7.021,5.350,9.631,7.864,4.483,-3.034,-4.782,6.610,8.830,-4.482,6.135
41.1100,5,-0.668,-0.660,-0.120,-3.665,7.021,5.351,9.630,7.863,4.483,-3.035,-4.783,6.611,8.830,-4.483,6.135
41.1200,5,-0.661,-0.655,-0.122,-3.666,7.020,5.351,9.628,7.862,4.482,-3.035,-4.783,6.612,8.829,-4.483,6.136
41.1300,5,-0.654,-0.650,-0.123,-3.666,7.020,5.352,9.627,7.861,4.482,-3.036,-4.784,6.613,8.829,-4.483,6.137
41.1400,5,-0.646,-0.645,-0.125,-3.666,7.020,5.353,9.626,7.860,4.482,-3.037,-4.784,6.614,8.829,-4.484,6.138
41.1500,5,-0.639,-0.640,-0.127,-3.666,7.019,5.354,9.625,7.860,4.482,-3.037,-4.785,6.614,8.828,-4.484,6.139
41.1600,5,-0.632,-0.635,-0.128,-3.667,7.019,5.355,9.623,7.859,4.481,-3.038,-4.785,6.615,8.828,-4.484,6.139
41.1700,5,-0.624,-0.630,-0.130,-3.667,7.019,5.356,9.622,7.858,4.481,-3.039,-4.786,6.616,8.827,-4.485,6.140
41.1800,5,-0.617,-0.625,-0.131,-3.667,7.019,5.357,9.621,7.857,4.481,-3.039,-4.786,6.617,8.827,-4.485,6.141
41.1900,5,-0.609,-0.620,-0.133,-3.668,7.018,5.357,9.620,7.856,4.481,-3.040,-4.787,6.618,8.826,-4.485,6.142
41.2000,5,-0.601,-0.615,-0.134,-3.668,7.018,5.358,9.619,7.856,4.481,-3.041,-4.787,6.619,8.826,-4.486,6.143
41.2100,5,-0.594,-0.611,-0.135,-3.668,7.018,5.359,9.617,7.855,4.480,-3.041,-4.788,6.619,8.826,-4.486,6.143
41.2200,5,-0.586,-0.606,-0.137,-3.669,7.018,5.360,9.616,7.854,4.480,-3.042,-4.788,6.620,8.825,-4.486,6.144
41.2300,5,-0.578,-0.601,-0.138,-3.669,7.017,5.361,9.615,7.853,4.480,-3.043,-4.789,6.621,8.825,-4.487,6.145
41.2400,5,-0.570,-0.596,-0.140,-3.669,7.017,5.362,9.614,7.852,4.480,-3.043,-4.789,6.622,8.824,-4.487,6.146
41.2500,5,-0.562,-0.591,-0.141,-3.669,7.017,5.362,9.613,7.852,4.479,-3.044,-4.790,6.623,8.824,-4.487,6.147
41.2600,5,-0.555,-0.586,-0.143,-3.670,7.016,5.363,9.611,7.851,4.479,-3.044,-4.791,6.624,8.823,-4.488,6.147
41.2700,5,-0.547,-0.581,-0.144,-3.670,7.016,5.364,9.610,7.850,4.479,-3.045,-4.791,6.625,8.823,-4.488,6.148
41.2800,5,-0.539,-0.576,-0.146,-3.670,7.016,5.365,9.609,7.849,4.479,-3.046,-4.792,6.625,8.823,-4.488,6.149
41.2900,5,-0.531,-0.571,-0.147,-3.671,7.016,5.366,9.608,7.848,4.478,-3.046,-4.792,6.626,8.822,-4.489,6.150
41.3000,5,-0.523,-0.567,-0.148,-3.671,7.015,5.367,9.606,7.847,4.478,-3.047,-4.793,6.627,8.822,-4.489,6.151
41.3100,5,-0.514,-0.562,-0.150,-3.671,7.015,5.368,9.605,7.847,4.478,-3.048,-4.793,6.628,8.821,-4.489,6.151
41.3200,5,-0.506,-0.557,-0.151,-3.672,7.015,5.368,9.604,7.846,4.478,-3.048,-4.794,6.629,8.821,-4.490,6.152
41.3300,5,-0.498,-0.552,-0.153,-3.672,7.014,5.369,9.603,7.845,4.477,-3.049,-4.794,6.630,8.820,-4.490,6.153
41.3400,5,-0.490,-0.547,-0.154,-3.672,7.014,5.370,9.602,7.844,4.477,-3.050,-4.795,6.631,8.820,-4.490,6.154
41.3500,5,-0.482,-0.543,-0.155,-3.672,7.014,5.371,9.600,7.843,4.477,-3.050,-4.795,6.632,8.820,-4.491,6.155
41.3600,5,-0.473,-0.538,-0.157,-3.673,7.014,5.372,9.599,7.843,4.476,-3.051,-4.796,6.632,8.819,-4.491,6.155
41.3700,5,-0.465,-0.533,-0.158,-3.673,7.013,5.373,9.598,7.842,4.476,-3.052,-4.796,6.633,8.819,-4.491,6.156
41.3800,5,-0.457,-0.528,-0.159,-3.673,7.013,5.374,9.597,7.841,4.476,-3.052,-4.797,6.634,8.818,-4.492,6.157
41.3900,5,-0.448,-0.523,-0.161,-3.674,7.013,5.375,9.595,7.840,4.476,-3.053,-4.797,6.635,8.818,-4.492,6.158
41.4000,5,-0.440,-0.519,-0.162,-3.674,7.012,5.375,9.594,7.839,4.475,-3.054,-4.798,6.636,8.817,-4.492,6.159
41.4100,5,-0.431,-0.514,-0.163,-3.674,7.012,5.376,9.593,7.839,4.475,-3.054,-4.799,6.637,8.817,-4.493,6.159
41.4200,5,-0.423,-0.509,-0.165,-3.675,7.012,5.377,9.592,7.838,4.475,-3.055,-4.799,6.638,8.816,-4.493,6.160
41.4300,5,-0.414,-0.504,-0.166,-3.675,7.011,5.378,9.591,7.837,4.474,-3.056,-4.800,6.638,8.816,-4.493,6.161
41.4400,5,-0.406,-0.500,-0.167,-3.675,7.011,5.379,9.589,7.836,4.474,-3.056,-4.800,6.639,8.816,-4.494,6.162
41.4500,5,-0.397,-0.495,-0.169,-3.675,7.011,5.380,9.588,7.835,4.474,-3.057,-4.801,6.640,8.815,-4.494,6.163
41.4600,5,-0.389,-0.490,-0.170,-3.676,7.011,5.381,9.587,7.834,4.473,-3.058,-4.801,6.641,8.815,-4.494,6.163
41.4700,5,-0.380,-0.486,-0.171,-3.676,7.010,5.381,9.586,7.834,4.473,-3.058,-4.802,6.642,8.814,-4.495,6.164
41.4800,5,-0.371,-0.481,-0.173,-3.676,7.010,5.382,9.584,7.833,4.473,-3.059,-4.802,6.643,8.814,-4.495,6.165
41.4900,5,-0.362,-0.476,-0.174,-3.677,7.010,5.383,9.583,7.832,4.472,-3.060,-4.803,6.644,8.813,-4.495,6.166
41.5000,5,-0.354,-0.471,-0.175,-3.677,7.009,5.384,9.582,7.831,4.472,-3.060,-4.803,6.645,8.813,-4.496,6.167
41.5100,5,-0.345,-0.467,-0.176,-3.677,7.009,5.385,9.581,7.830,4.472,-3.061,-4.804,6.645,8.813,-4.496,6.167
41.5200,5,-0.336,-0.462,-0.178,-3.678,7.009,5.386,9.580,7.830,4.471,-3.062,-4.804,6.646,8.812,-4.496,6.168
41.5300,5,-0.327,-0.458,-0.179,-3.678,7.009,5.387,9.578,7.829,4.471,-3.062,-4.805,6.647,8.812,-4.497,6.169
41.5400,5,-0.318,-0.453,-0.180,-3.678,7.008,5.388,9.577,7.828,4.471,-3.063,-4.805,6.648,8.811,-4.497,6.170
41.5500,5,-0.310,-0.448,-0.181,-3.679,7.008,5.388,9.576,7.827,4.470,-3.064,-4.806,6.649,8.811,-4.497,6.171
41.5600,5,-0.301,-0.444,-0.182,-3.679,7.008,5.389,9.575,7.826,4.470,-3.064,-4.807,6.650,8.810,-4.498,6.171
41.5700,5,-0.292,-0.439,-0.184,-3.679,7.007,5.390,9.573,7.825,4.470,-3.065,-4.807,6.651,8.810,-4.498,6.172
41.5800,5,-0.283,-0.435,-0.185,-3.679,7.007,5.391,9.572,7.825,4.469,-3.066,-4.808,6.652,8.809,-4.498,6.173
41.5900,5,-0.274,-0.430,-0.186,-3.680,7.007,5.392,9.571,7.824,4.469,-3.066,-4.808,6.652,8.809,-4.499,6.174
41.6000,5,-0.265,-0.425,-0.187,-3.680,7.007,5.393,9.570,7.823,4.469,-3.067,-4.809,6.653,8.809,-4.499,6.175
41.6100,5,-0.256,-0.421,-0.188,-3.680,7.006,5.394,9.569,7.822,4.468,-3.068,-4.809,6.654,8.808,-4.499,6.175
41.6200,5,-0.247,-0.416,-0.189,-3.681,7.006,5.394,9.567,7.821,4.468,-3.068,-4.810,6.655,8.808,-4.500,6.176
41.6300,6,-0.238,-0.412,-0.191,-3.681,7.006,5.395,9.566,7.821,4.468,-3.069,-4.810,6.656,8.807,-4.500,6.177
41.6400,6,-0.229,-0.407,-0.192,-3.681,7.005,5.396,9.565,7.820,4.467,-3.070,-4.811,6.657,8.807,-4.501,6.178
41.6500,6,-0.220,-0.403,-0.193,-3.682,7.005,5.397,9.564,7.819,4.467,-3.070,-4.811,6.658,8.806,-4.501,6.179
41.6600,6,-0.211,-0.398,-0.194,-3.682,7.005,5.398,9.562,7.818,4.466,-3.071,-4.812,6.658,8.806,-4.501,6.179
41.6700,6,-0.201,-0.394,-0.195,-3.682,7.004,5.399,9.561,7.817,4.466,-3.072,-4.813,6.659,8.805,-4.502,6.180
41.6800,6,-0.192,-0.389,-0.196,-3.683,7.004,5.400,9.560,7.816,4.466,-3.072,-4.813,6.660,8.805,-4.502,6.181
41.6900,6,-0.183,-0.385,-0.197,-3.683,7.004,5.401,9.559,7.816,4.465,-3.073,-4.814,6.661,8.805,-4.502,6.182
41.7000,6,-0.174,-0.381,-0.198,-3.683,7.004,5.401,9.557,7.815,4.465,-3.074,-4.814,6.662,8.804,-4.503,6.183
41.7100,6,-0.165,-0.376,-0.199,-3.683,7.003,5.402,9.556,7.814,4.465,-3.074,-4.815,6.663,8.804,-4.503,6.183
41.7200,6,-0.156,-0.372,-0.200,-3.684,7.003,5.403,9.555,7.813,4.464,-3.075,-4.815,6.664,8.803,-4.503,6.184
41.7300,6,-0.146,-0.367,-0.201,-3.684,7.003,5.404,9.554,7.812,4.464,-3.076,-4.816,6.665,8.803,-4.504,6.185
41.7400,6,-0.137,-0.363,-0.202,-3.684,7.002,5.405,9.553,7.812,4.463,-3.076,-4.816,6.665,8.802,-4.504,6.186
41.7500,6,-0.128,-0.359,-0.203,-3.685,7.002,5.406,9.551,7.811,4.463,-3.077,-4.817,6.666,8.802,-4.504,6.187
41.7600,6,-0.119,-0.354,-0.204,-3.685,7.002,5.406,9.550,7.810,4.463,-3.078,-4.817,6.667,8.802,-4.505,6.187
41.7700,6,-0.109,-0.350,-0.205,-3.685,7.002,5.407,9.549,7.809,4.462,-3.078,-4.818,6.668,8.801,-4.505,6.188
41.7800,6,-0.100,-0.346,-0.206,-3.686,7.001,5.408,9.548,7.808,4.462,-3.079,-4.818,6.669,8.801,-4.505,6.189
41.7900,6,-0.091,-0.341,-0.207,-3.686,7.001,5.409,9.546,7.807,4.461,-3.080,-4.819,6.670,8.800,-4.506,6.190
41.8000,6,-0.082,-0.337,-0.208,-3.686,7.001,5.410,9.545,7.807,4.461,-3.080,-4.820,6.671,8.800,-4.506,6.190
41.8100,6,-0.072,-0.333,-0.209,-3.687,7.000,5.411,9.544,7.806,4.461,-3.081,-4.820,6.671,8.799,-4.506,6.191
41.8200,6,-0.063,-0.329,-0.210,-3.687,7.000,5.412,9.543,7.805,4.460,-3.082,-4.821,6.672,8.799,-4.507,6.192
41.8300,6,-0.054,-0.324,-0.211,-3.687,7.000,5.412,9.541,7.804,4.460,-3.082,-4.821,6.673,8.798,-4.507,6.193
41.8400,6,-0.045,-0.320,-0.212,-3.688,6.999,5.413,9.540,7.803,4.459,-3.083,-4.822,6.674,8.798,-4.507,6.193
41.8500,6,-0.035,-0.316,-0.213,-3.688,6.999,5.414,9.539,7.802,4.459,-3.084,-4.822,6.675,8.798,-4.508,6.194
41.8600,6,-0.026,-0.312,-0.214,-3.688,6.999,5.415,9.538,7.802,4.458,-3.084,-4.823,6.676,8.797,-4.508,6.195
41.8700,6,-0.017,-0.307,-0.215,-3.688,6.999,5.416,9.537,7.801,4.458,-3.085,-4.823,6.676,8.797,-4.508,6.196
41.8800,6,-0.007,-0.303,-0.216,-3.689,6.998,5.417,9.535,7.800,4.457,-3.086,-4.824,6.677,8.796,-4.509,6.197
41.8900,6,0.002,-0.299,-0.217,-3.689,6.998,5.417,9.534,7.799,4.457,-3.086,-4.824,6.678,8.796,-4.509,6.197
41.9000,6,0.011,-0.295,-0.218,-3.689,6.998,5.418,9.533,7.798,4.457,-3.087,-4.825,6.679,8.795,-4.509,6.198
41.9100,6,0.021,-0.291,-0.218,-3.690,6.997,5.419,9.532,7.798,4.456,-3.088,-4.826,6.680,8.795,-4.510,6.199
41.9200,6,0.030,-0.287,-0.219,-3.690,6.997,5.420,9.530,7.797,4.456,-3.088,-4.826,6.681,8.794,-4.510,6.200
41.9300,6,0.039,-0.283,-0.220,-3.690,6.997,5.421,9.529,7.796,4.455,-3.089,-4.827,6.681,8.794,-4.511,6.200
41.9400,6,0.048,-0.279,-0.221,-3.691,6.996,5.422,9.528,7.795,4.455,-3.090,-4.827,6.682,8.794,-4.511,6.201
41.9500,6,0.058,-0.274,-0.222,-3.691,6.996,5.422,9.527,7.794,4.454,-3.090,-4.828,6.683,8.793,-4.511,6.202
41.9600,6,0.067,-0.270,-0.223,-3.691,6.996,5.423,9.526,7.793,4.454,-3.091,-4.828,6.684,8.793,-4.512,6.203
41.9700,6,0.076,-0.266,-0.223,-3.692,6.996,5.424,9.524,7.793,4.453,-3.092,-4.829,6.685,8.792,-4.512,6.203
41.9800,6,0.086,-0.262,-0.224,-3.692,6.995,5.425,9.523,7.792,4.453,-3.092,-4.829,6.686,8.792,-4.512,6.204
41.9900,6,0.095,-0.258,-0.225,-3.692,6.995,5.426,9.522,7.791,4.452,-3.093,-4.830,6.686,8.791,-4.513,6.205
42.0000,6,0.104,-0.254,-0.226,-3.692,6.995,5.426,9.521,7.790,4.452,-3.094,-4.830,6.687,8.791,-4.513,6.205
42.0100,6,0.113,-0.250,-0.226,-3.693,6.994,5.427,9.519,7.789,4.451,-3.094,-4.831,6.688,8.790,-4.513,6.206
42.0200,6,0.123,-0.246,-0.227,-3.693,6.994,5.428,9.518,7.788,4.451,-3.095,-4.832,6.689,8.790,-4.514,6.207
42.0300,6,0.132,-0.242,-0.228,-3.693,6.994,5.429,9.517,7.788,4.450,-3.096,-4.832,6.690,8.790,-4.514,6.208
42.0400,6,0.141,-0.239,-0.229,-3.694,6.993,5.430,9.516,7.787,4.450,-3.096,-4.833,6.690,8.789,-4.514,6.208
42.0500,6,0.150,-0.235,-0.229,-3.694,6.993,5.431,9.514,7.786,4.449,-3.097,-4.833,6.691,8.789,-4.515,6.209
42.0600,6,0.159,-0.231,-0.230,-3.694,6.993,5.431,9.513,7.785,4.449,-3.098,-4.834,6.692,8.788,-4.515,6.210
42.0700,6,0.169,-0.227,-0.231,-3.695,6.993,5.432,9.512,7.784,4.448,-3.098,-4.834,6.693,8.788,-4.515,6.211
42.0800,6,0.178,-0.223,-0.231,-3.695,6.992,5.433,9.511,7.783,4.448,-3.099,-4.835,6.694,8.787,-4.516,6.211
42.0900,6,0.187,-0.219,-0.232,-3.695,6.992,5.434,9.510,7.783,4.447,-3.100,-4.835,6.694,8.787,-4.516,6.212
42.1000,6,0.196,-0.215,-0.233,-3.696,6.992,5.434,9.508,7.782,4.447,-3.100,-4.836,6.695,8.787,-4.516,6.213
42.1100,6,0.205,-0.211,-0.233,-3.696,6.991,5.435,9.507,7.781,4.446,-3.101,-4.837,6.696,8.786,-4.517,6.213
42.1200,6,0.214,-0.208,-0.234,-3.696,6.991,5.436,9.506,7.780,4.446,-3.102,-4.837,6.697,8.786,-4.517,6.214
42.1300,6,0.223,-0.204,-0.234,-3.696,6.991,5.437,9.505,7.779,4.445,-3.102,-4.838,6.698,8.785,-4.517,6.215
42.1400,6,0.233,-0.200,-0.235,-3.697,6.990,5.438,9.503,7.778,4.445,-3.103,-4.838,6.698,8.785,-4.518,6.216
42.1500,6,0.242,-0.196,-0.236,-3.697,6.990,5.438,9.502,7.778,4.444,-3.104,-4.839,6.699,8.784,-4.518,6.216
42.1600,6,0.251,-0.193,-0.236,-3.697,6.990,5.439,9.501,7.777,4.444,-3.104,-4.839,6.700,8.784,-4.518,6.217
42.1700,6,0.260,-0.189,-0.237,-3.698,6.990,5.440,9.500,7.776,4.443,-3.105,-4.840,6.701,8.783,-4.519,6.218
42.1800,6,0.269,-0.185,-0.237,-3.698,6.989,5.441,9.499,7.775,4.443,-3.106,-4.840,6.701,8.783,-4.519,6.218
42.1900,6,0.278,-0.181,-0.238,-3.698,6.989,5.441,9.497,7.774,4.442,-3.106,-4.841,6.702,8.783,-4.520,6.219
42.2000,6,0.287,-0.178,-0.238,-3.699,6.989,5.442,9.496,7.774,4.442,-3.107,-4.841,6.703,8.782,-4.520,6.220
42.2100,6,0.296,-0.174,-0.239,-3.699,6.988,5.443,9.495,7.773,4.441,-3.108,-4.842,6.704,8.782,-4.520,6.220
42.2200,6,0.304,-0.170,-0.239,-3.699,6.988,5.444,9.494,7.772,4.440,-3.108,-4.843,6.705,8.781,-4.521,6.221
42.2300,6,0.313,-0.167,-0.240,-3.700,6.988,5.444,9.492,7.771,4.440,-3.109,-4.843,6.705,8.781,-4.521,6.222
42.2400,6,0.322,-0.163,-0.240,-3.700,6.987,5.445,9.491,7.770,4.439,-3.110,-4.844,6.706,8.780,-4.521,6.222
42.2500,6,0.331,-0.160,-0.241,-3.700,6.987,5.446,9.490,7.769,4.439,-3.110,-4.844,6.707,8.780,-4.522,6.223
42.2600,6,0.340,-0.156,-0.241,-3.700,6.987,5.447,9.489,7.769,4.438,-3.111,-4.845,6.708,8.780,-4.522,6.224
42.2700,6,0.349,-0.152,-0.242,-3.701,6.987,5.447,9.488,7.768,4.438,-3.112,-4.845,6.708,8.779,-4.522,6.224
42.2800,6,0.357,-0.149,-0.242,-3.701,6.986,5.448,9.486,7.767,4.437,-3.112,-4.846,6.709,8.779,-4.523,6.225
42.2900,6,0.366,-0.145,-0.243,-3.701,6.986,5.449,9.485,7.766,4.436,-3.113,-4.846,6.710,8.778,-4.523,6.226
42.3000,6,0.375,-0.142,-0.243,-3.702,6.986,5.450,9.484,7.765,4.436,-3.114,-4.847,6.711,8.778,-4.523,6.226
42.3100,6,0.383,-0.138,-0.244,-3.702,6.985,5.450,9.483,7.764,4.435,-3.114,-4.847,6.711,8.777,-4.524,6.227
42.3200,6,0.392,-0.135,-0.244,-3.702,6.985,5.451,9.482,7.764,4.435,-3.115,-4.848,6.712,8.777,-4.524,6.228
42.3300,6,0.401,-0.131,-0.244,-3.703,6.985,5.452,9.480,7.763,4.434,-3.116,-4.849,6.713,8.776,-4.524,6.228
42.3400,6,0.409,-0.128,-0.245,-3.703,6.984,5.453,9.479,7.762,4.433,-3.116,-4.849,6.713,8.776,-4.525,6.229
42.3500,6,0.418,-0.124,-0.245,-3.703,6.984,5.453,9.478,7.761,4.433,-3.117,-4.850,6.714,8.776,-4.525,6.229
42.3600,6,0.426,-0.121,-0.245,-3.703,6.984,5.454,9.477,7.760,4.432,-3.118,-4.850,6.715,8.775,-4.525,6.230
42.3700,6,0.435,-0.118,-0.246,-3.704,6.984,5.455,9.475,7.759,4.432,-3.118,-4.851,6.716,8.775,-4.526,6.231
42.3800,6,0.443,-0.114,-0.246,-3.704,6.983,5.455,9.474,7.759,4.431,-3.119,-4.851,6.716,8.774,-4.526,6.231
42.3900,6,0.452,-0.111,-0.246,-3.704,6.983,5.456,9.473,7.758,4.430,-3.120,-4.852,6.717,8.774,-4.527,6.232
42.4000,6,0.460,-0.107,-0.247,-3.705,6.983,5.457,9.472,7.757,4.430,-3.120,-4.852,6.718,8.773,-4.527,6.233
42.4100,6,0.469,-0.104,-0.247,-3.705,6.982,5.457,9.471,7.756,4.429,-3.121,-4.853,6.718,8.773,-4.527,6.233
42.4200,6,0.477,-0.101,-0.247,-3.705,6.982,5.458,9.469,7.755,4.428,-3.122,-4.854,6.719,8.773,-4.528,6.234
42.4300,6,0.485,-0.097,-0.247,-3.706,6.982,5.459,9.468,7.754,4.428,-3.122,-4.854,6.720,8.772,-4.528,6.234
42.4400,6,0.493,-0.094,-0.248,-3.706,6.981,5.460,9.467,7.754,4.427,-3.123,-4.855,6.720,8.772,-4.528,6.235
42.4500,6,0.502,-0.091,-0.248,-3.706,6.981,5.460,9.466,7.753,4.427,-3.124,-4.855,6.721,8.771,-4.529,6.236
42.4600,6,0.510,-0.088,-0.248,-3.707,6.981,5.461,9.465,7.752,4.426,-3.124,-4.856,6.722,8.771,-4.529,6.236
42.4700,6,0.518,-0.084,-0.248,-3.707,6.981,5.462,9.463,7.751,4.425,-3.125,-4.856,6.722,8.770,-4.529,6.237
42.4800,6,0.526,-0.081,-0.249,-3.707,6.980,5.462,9.462,7.750,4.425,-3.126,-4.857,6.723,8.770,-4.530,6.237
42.4900,6,0.534,-0.078,-0.249,-3.707,6.980,5.463,9.461,7.749,4.424,-3.126,-4.857,6.724,8.770,-4.530,6.238
42.5000,6,0.542,-0.075,-0.249,-3.708,6.980,5.464,9.460,7.749,4.423,-3.127,-4.858,6.724,8.769,-4.530,6.238
42.5100,6,0.550,-0.071,-0.249,-3.708,6.979,5.464,9.459,7.748,4.423,-3.128,-4.858,6.725,8.769,-4.531,6.239
42.5200,6,0.558,-0.068,-0.249,-3.708,6.979,5.465,9.457,7.747,4.422,-3.128,-4.859,6.726,8.768,-4.531,6.240
42.5300,6,0.566,-0.065,-0.249,-3.709,6.979,5.465,9.456,7.746,4.421,-3.129,-4.860,6.726,8.768,-4.531,6.240
42.5400,6,0.574,-0.062,-0.249,-3.709,6.978,5.466,9.455,7.745,4.421,-3.130,-4.860,6.727,8.767,-4.532,6.241
42.5500,6,0.581,-0.059,-0.250,-3.709,6.978,5.467,9.454,7.744,4.420,-3.130,-4.861,6.728,8.767,-4.532,6.241
42.5600,6,0.589,-0.056,-0.250,-3.710,6.978,5.467,9.453,7.744,4.419,-3.131,-4.861,6.728,8.767,-4.532,6.242
42.5700,6,0.597,-0.053,-0.250,-3.710,6.978,5.468,9.451,7.743,4.419,-3.131,-4.862,6.729,8.766,-4.533,6.242
42.5800,6,0.605,-0.049,-0.250,-3.710,6.977,5.469,9.450,7.742,4.418,-3.132,-4.862,6.730,8.766,-4.533,6.243
42.5900,6,0.612,-0.046,-0.250,-3.710,6.977,5.469,9.449,7.741,4.417,-3.133,-4.863,6.730,8.765,-4.534,6.243
42.6000,6,0.620,-0.043,-0.250,-3.711,6.977,5.470,9.448,7.740,4.416,-3.133,-4.863,6.731,8.765,-4.534,6.244
42.6100,6,0.627,-0.040,-0.250,-3.711,6.976,5.471,9.447,7.739,4.416,-3.134,-4.864,6.731,8.764,-4.534,6.245
42.6200,6,0.635,-0.037,-0.250,-3.711,6.976,5.471,9.445,7.739,4.415,-3.135,-4.865,6.732,8.764,-4.535,6.245
42.6300,6,0.642,-0.034,-0.250,-3.712,6.976,5.472,9.444,7.738,4.414,-3.135,-4.865,6.733,8.764,-4.535,6.246
42.6400,6,0.650,-0.031,-0.250,-3.712,6.975,5.472,9.443,7.737,4.414,-3.136,-4.866,6.733,8.763,-4.535,6.246
42.6500,6,0.657,-0.028,-0.250,-3.712,6.975,5.473,9.442,7.736,4.413,-3.137,-4.866,6.734,8.763,-4.536,6.247
42.6600,6,0.664,-0.025,-0.250,-3.712,6.975,5.473,9.441,7.735,4.412,-3.137,-4.867,6.735,8.762,-4.536,6.247
42.6700,6,0.671,-0.022,-0.250,-3.713,6.975,5.474,9.439,7.735,4.411,-3.138,-4.867,6.735,8.762,-4.536,6.248
42.6800,6,0.679,-0.019,-0.250,-3.713,6.974,5.475,9.438,7.734,4.411,-3.139,-4.868,6.736,8.761,-4.537,6.248
42.6900,6,0.686,-0.016,-0.250,-3.713,6.974,5.475,9.437,7.733,4.410,-3.139,-4.868,6.736,8.761,-4.537,6.249
42.7000,6,0.693,-0.014,-0.250,-3.714,6.974,5.476,9.436,7.732,4.409,-3.140,-4.869,6.737,8.761,-4.537,6.249
42.7100,6,0.700,-0.011,-0.250,-3.714,6.973,5.476,9.435,7.731,4.408,-3.140,-4.869,6.737,8.760,-4.538,6.250
42.7200,6,0.707,-0.008,-0.250,-3.714,6.973,5.477,9.434,7.730,4.408,-3.141,-4.870,6.738,8.760,-4.538,6.250
42.7300,6,0.714,-0.005,-0.249,-3.715,6.973,5.477,9.432,7.730,4.407,-3.142,-4.871,6.739,8.759,-4.538,6.251
42.7400,6,0.721,-0.002,-0.249,-3.715,6.972,5.478,9.431,7.729,4.406,-3.142,-4.871,6.739,8.759,-4.539,6.251
42.7500,6,0.727,0.001,-0.249,-3.715,6.972,5.479,9.430,7.728,4.405,-3.143,-4.872,6.740,8.758,-4.539,6.251
42.7600,6,0.734,0.004,-0.249,-3.715,6.972,5.479,9.429,7.727,4.405,-3.144,-4.872,6.740,8.758,-4.539,6.252
42.7700,6,0.741,0.006,-0.249,-3.716,6.972,5.480,9.428,7.726,4.404,-3.144,-4.873,6.741,8.758,-4.540,6.252
42.7800,6,0.748,0.009,-0.249,-3.716,6.971,5.480,9.427,7.725,4.403,-3.145,-4.873,6.741,8.757,-4.540,6.253
42.7900,6,0.754,0.012,-0.249,-3.716,6.971,5.481,9.425,7.725,4.402,-3.146,-4.874,6.742,8.757,-4.541,6.253
42.8000,6,0.761,0.015,-0.248,-3.717,6.971,5.481,9.424,7.724,4.401,-3.146,-4.874,6.742,8.756,-4.541,6.254
42.8100,6,0.767,0.018,-0.248,-3.717,6.970,5.482,9.423,7.723,4.401,-3.147,-4.875,6.743,8.756,-4.541,6.254
42.8200,6,0.774,0.020,-0.248,-3.717,6.970,5.482,9.422,7.722,4.400,-3.147,-4.876,6.743,8.756,-4.542,6.255
42.8300,6,0.780,0.023,-0.248,-3.717,6.970,5.483,9.421,7.721,4.399,-3.148,-4.876,6.744,8.755,-4.542,6.255
42.8400,6,0.787,0.026,-0.247,-3.718,6.969,5.483,9.420,7.720,4.398,-3.149,-4.877,6.744,8.755,-4.542,6.255
42.8500,6,0.793,0.028,-0.247,-3.718,6.969,5.484,9.418,7.720,4.397,-3.149,-4.877,6.745,8.754,-4.543,6.256
42.8600,6,0.799,0.031,-0.247,-3.718,6.969,5.484,9.417,7.719,4.397,-3.150,-4.878,6.745,8.754,-4.543,6.256
42.8700,6,0.805,0.034,-0.247,-3.719,6.969,5.485,9.416,7.718,4.396,-3.151,-4.878,6.746,8.754,-4.543,6.257
42.8800,6,0.811,0.036,-0.246,-3.719,6.968,5.485,9.415,7.717,4.395,-3.151,-4.879,6.746,8.753,-4.544,6.257
42.8900,6,0.817,0.039,-0.246,-3.719,6.968,5.486,9.414,7.716,4.394,-3.152,-4.879,6.747,8.753,-4.544,6.258
42.9000,6,0.823,0.042,-0.246,-3.719,6.968,5.486,9.413,7.715,4.393,-3.152,-4.880,6.747,8.752,-4.544,6.258
42.9100,6,0.829,0.044,-0.245,-3.720,6.967,5.487,9.411,7.715,4.392,-3.153,-4.880,6.748,8.752,-4.545,6.258
42.9200,6,0.835,0.047,-0.245,-3.720,6.967,5.487,9.410,7.714,4.392,-3.154,-4.881,6.748,8.752,-4.545,6.259
42.9300,6,0.841,0.050,-0.245,-3.720,6.967,5.488,9.409,7.713,4.391,-3.154,-4.882,6.749,8.751,-4.545,6.259
42.9400,6,0.847,0.052,-0.244,-3.721,6.966,5.488,9.408,7.712,4.390,-3.155,-4.882,6.749,8.751,-4.546,6.259
42.9500,6,0.852,0.055,-0.244,-3.721,6.966,5.489,9.407,7.711,4.389,-3.156,-4.883,6.750,8.750,-4.546,6.260
42.9600,6,0.858,0.057,-0.244,-3.721,6.966,5.489,9.406,7.711,4.388,-3.156,-4.883,6.750,8.750,-4.546,6.260
42.9700,6,0.864,0.060,-0.243,-3.721,6.966,5.489,9.405,7.710,4.387,-3.157,-4.884,6.751,8.750,-4.547,6.261
42.9800,6,0.869,0.062,-0.243,-3.722,6.965,5.490,9.403,7.709,4.387,-3.157,-4.884,6.751,8.749,-4.547,6.261
42.9900,6,0.875,0.065,-0.242,-3.722,6.965,5.490,9.402,7.708,4.386,-3.158,-4.885,6.751,8.749,-4.548,6.261
43.0000,6,0.880,0.067,-0.242,-3.722,6.965,5.491,9.401,7.707,4.385,-3.159,-4.885,6.752,8.748,-4.548,6.262
43.0100,6,0.885,0.070,-0.241,-3.722,6.964,5.491,9.400,7.706,4.384,-3.159,-4.886,6.752,8.748,-4.548,6.262
43.0200,6,0.891,0.072,-0.241,-3.723,6.964,5.492,9.399,7.706,4.383,-3.160,-4.886,6.753,8.748,-4.549,6.262
43.0300,6,0.896,0.075,-0.241,-3.723,6.964,5.492,9.398,7.705,4.382,-3.160,-4.887,6.753,8.747,-4.549,6.263
43.0400,6,0.901,0.077,-0.240,-3.723,6.963,5.492,9.397,7.704,4.381,-3.161,-4.888,6.754,8.747,-4.549,6.263
43.0500,6,0.906,0.080,-0.240,-3.724,6.963,5.493,9.396,7.703,4.380,-3.162,-4.888,6.754,8.746,-4.550,6.263
43.0600,6,0.911,0.082,-0.239,-3.724,6.963,5.493,9.394,7.702,4.379,-3.162,-4.889,6.754,8.746,-4.550,6.264
43.0700,6,0.916,0.085,-0.239,-3.724,6.963,5.494,9.393,7.702,4.379,-3.163,-4.889,6.755,8.746,-4.550,6.264
43.0800,6,0.921,0.087,-0.238,-3.724,6.962,5.494,9.392,7.701,4.378,-3.163,-4.890,6.755,8.745,-4.551,6.264
43.0900,6,0.926,0.090,-0.237,-3.725,6.962,5.494,9.391,7.700,4.377,-3.164,-4.890,6.755,8.745,-4.551,6.264
43.1000,6,0.931,0.092,-0.237,-3.725,6.962,5.495,9.390,7.699,4.376,-3.165,-4.891,6.756,8.744,-4.551,6.265
43.1100,6,0.936,0.094,-0.236,-3.725,6.961,5.495,9.389,7.698,4.375,-3.165,-4.891,6.756,8.744,-4.552,6.265
43.1200,6,0.940,0.097,-0.236,-3.725,6.961,5.495,9.388,7.697,4.374,-3.166,-4.892,6.757,8.744,-4.552,6.265
43.1300,6,0.945,0.099,-0.235,-3.726,6.961,5.496,9.387,7.697,4.373,-3.166,-4.892,6.757,8.743,-4.552,6.266
43.1400,6,0.949,0.102,-0.235,-3.726,6.960,5.496,9.386,7.696,4.372,-3.167,-4.893,6.757,8.743,-4.553,6.266
43.1500,6,0.954,0.104,-0.234,-3.726,6.960,5.496,9.385,7.695,4.371,-3.168,-4.894,6.758,8.743,-4.553,6.266
43.1600,6,0.958,0.106,-0.233,-3.726,6.960,5.497,9.383,7.694,4.370,-3.168,-4.894,6.758,8.742,-4.553,6.266
43.1700,6,0.963,0.109,-0.233,-3.727,6.960,5.497,9.382,7.693,4.369,-3.169,-4.895,6.758,8.742,-4.554,6.267
43.1800,6,0.967,0.111,-0.232,-3.727,6.959,5.497,9.381,7.693,4.368,-3.169,-4.895,6.759,8.741,-4.554,6.267
43.1900,6,0.971,0.113,-0.231,-3.727,6.959,5.498,9.380,7.692,4.367,-3.170,-4.896,6.759,8.741,-4.554,6.267
43.2000,6,0.975,0.116,-0.231,-3.727,6.959,5.498,9.379,7.691,4.366,-3.170,-4.896,6.759,8.741,-4.555,6.267
43.2100,6,0.979,0.118,-0.230,-3.728,6.958,5.498,9.378,7.690,4.365,-3.171,-4.897,6.760,8.740,-4.555,6.268
43.2200,6,0.983,0.120,-0.229,-3.728,6.958,5.499,9.377,7.689,4.364,-3.172,-4.897,6.760,8.740,-4.555,6.268
43.2300,6,0.987,0.122,-0.229,-3.728,6.958,5.499,9.376,7.688,4.363,-3.172,-4.898,6.760,8.740,-4.556,6.268
43.2400,6,0.991,0.125,-0.228,-3.729,6.957,5.499,9.375,7.688,4.362,-3.173,-4.898,6.760,8.739,-4.556,6.268
43.2500,6,0.995,0.127,-0.227,-3.729,6.957,5.499,9.374,7.687,4.361,-3.173,-4.899,6.761,8.739,-4.557,6.269
43.2600,6,0.999,0.129,-0.227,-3.729,6.957,5.500,9.373,7.686,4.360,-3.174,-4.900,6.761,8.738,-4.557,6.269
43.2700,6,1.003,0.131,-0.226,-3.729,6.957,5.500,9.372,7.685,4.360,-3.175,-4.900,6.761,8.738,-4.557,6.269
43.2800,6,1.006,0.134,-0.225,-3.730,6.956,5.500,9.370,7.684,4.359,-3.175,-4.901,6.762,8.738,-4.558,6.269
43.2900,6,1.010,0.136,-0.224,-3.730,6.956,5.501,9.369,7.684,4.358,-3.176,-4.901,6.762,8.737,-4.558,6.269
43.3000,6,1.014,0.138,-0.223,-3.730,6.956,5.501,9.368,7.683,4.356,-3.176,-4.902,6.762,8.737,-4.558,6.269
43.3100,6,1.017,0.140,-0.223,-3.730,6.955,5.501,9.367,7.682,4.355,-3.177,-4.902,6.762,8.737,-4.559,6.270
43.3200,6,1.020,0.143,-0.222,-3.730,6.955,5.501,9.366,7.681,4.354,-3.177,-4.903,6.763,8.736,-4.559,6.270
43.3300,6,1.024,0.145,-0.221,-3.731,6.955,5.502,9.365,7.680,4.353,-3.178,-4.903,6.763,8.736,-4.559,6.270
43.3400,6,1.027,0.147,-0.220,-3.731,6.955,5.502,9.364,7.680,4.352,-3.178,-4.904,6.763,8.735,-4.560,6.270
43.3500,6,1.030,0.149,-0.219,-3.731,6.954,5.502,9.363,7.679,4.351,-3.179,-4.904,6.763,8.735,-4.560,6.270
43.3600,6,1.033,0.151,-0.219,-3.731,6.954,5.502,9.362,7.678,4.350,-3.180,-4.905,6.764,8.735,-4.560,6.270
43.3700,6,1.037,0.153,-0.218,-3.732,6.954,5.502,9.361,7.677,4.349,-3.180,-4.905,6.764,8.734,-4.561,6.271
43.3800,6,1.040,0.156,-0.217,-3.732,6.953,5.503,9.360,7.676,4.348,-3.181,-4.906,6.764,8.734,-4.561,6.271
43.3900,6,1.043,0.158,-0.216,-3.732,6.953,5.503,9.359,7.675,4.347,-3.181,-4.907,6.764,8.734,-4.561,6.271
43.4000,6,1.046,0.160,-0.215,-3.732,6.953,5.503,9.358,7.675,4.346,-3.182,-4.907,6.764,8.733,-4.562,6.271
43.4100,6,1.048,0.162,-0.214,-3.733,6.952,5.503,9.357,7.674,4.345,-3.182,-4.908,6.765,8.733,-4.562,6.271
43.4200,6,1.051,0.164,-0.213,-3.733,6.952,5.503,9.356,7.673,4.344,-3.183,-4.908,6.765,8.733,-4.562,6.271
43.4300,6,1.054,0.166,-0.212,-3.733,6.952,5.504,9.355,7.672,4.343,-3.183,-4.909,6.765,8.732,-4.563,6.271
43.4400,6,1.057,0.168,-0.211,-3.733,6.952,5.504,9.354,7.671,4.342,-3.184,-4.909,6.765,8.732,-4.563,6.271
43.4500,6,1.059,0.171,-0.210,-3.734,6.951,5.504,9.353,7.671,4.341,-3.185,-4.910,6.765,8.732,-4.563,6.272
43.4600,6,1.062,0.173,-0.210,-3.734,6.951,5.504,9.352,7.670,4.340,-3.185,-4.910,6.765,8.731,-4.564,6.272
43.4700,6,1.064,0.175,-0.209,-3.734,6.951,5.504,9.351,7.669,4.339,-3.186,-4.911,6.766,8.731,-4.564,6.272
43.4800,6,1.067,0.177,-0.208,-3.734,6.950,5.504,9.350,7.668,4.338,-3.186,-4.911,6.766,8.731,-4.564,6.272
43.4900,6,1.069,0.179,-0.207,-3.735,6.950,5.505,9.349,7.667,4.337,-3.187,-4.912,6.766,8.730,-4.565,6.272
43.5000,6,1.071,0.181,-0.206,-3.735,6.950,5.505,9.348,7.667,4.336,-3.187,-4.912,6.766,8.730,-4.565,6.272
43.5100,6,1.074,0.183,-0.205,-3.735,6.950,5.505,9.347,7.666,4.334,-3.188,-4.913,6.766,8.730,-4.565,6.272
43.5200,6,1.076,0.185,-0.204,-3.735,6.949,5.505,9.346,7.665,4.333,-3.188,-4.913,6.766,8.729,-4.566,6.272
43.5300,6,1.078,0.187,-0.203,-3.735,6.949,5.505,9.345,7.664,4.332,-3.189,-4.914,6.766,8.729,-4.566,6.272
43.5400,6,1.080,0.189,-0.202,-3.736,6.949,5.505,9.344,7.663,4.331,-3.189,-4.915,6.767,8.729,-4.566,6.272
43.5500,6,1.082,0.191,-0.201,-3.736,6.948,5.505,9.343,7.663,4.330,-3.190,-4.915,6.767,8.728,-4.567,6.272
43.5600,6,1.084,0.193,-0.199,-3.736,6.948,5.505,9.342,7.662,4.329,-3.190,-4.916,6.767,8.728,-4.567,6.272
43.5700,6,1.086,0.195,-0.198,-3.736,6.948,5.505,9.341,7.661,4.328,-3.191,-4.916,6.767,8.728,-4.567,6.272
43.5800,6,1.088,0.198,-0.197,-3.737,6.947,5.506,9.340,7.660,4.327,-3.191,-4.917,6.767,8.727,-4.568,6.272
43.5900,6,1.089,0.200,-0.196,-3.737,6.947,5.506,9.339,7.659,4.326,-3.192,-4.917,6.767,8.727,-4.568,6.272
43.6000,6,1.091,0.202,-0.195,-3.737,6.947,5.506,9.338,7.659,4.324,-3.192,-4.918,6.767,8.727,-4.568,6.272
43.6100,6,1.093,0.204,-0.194,-3.737,6.947,5.506,9.337,7.658,4.323,-3.193,-4.918,6.767,8.726,-4.569,6.272
43.6200,6,1.094,0.206,-0.193,-3.737,6.946,5.506,9.336,7.657,4.322,-3.193,-4.919,6.767,8.726,-4.569,6.272
43.6300,6,1.096,0.208,-0.192,-3.738,6.946,5.506,9.335,7.656,4.321,-3.194,-4.919,6.767,8.726,-4.569,6.272
43.6400,6,1.097,0.210,-0.191,-3.738,6.946,5.506,9.334,7.656,4.320,-3.194,-4.920,6.767,8.725,-4.570,6.272
43.6500,6,1.099,0.212,-0.190,-3.738,6.945,5.506,9.333,7.655,4.319,-3.195,-4.920,6.767,8.725,-4.570,6.272
43.6600,6,1.100,0.214,-0.188,-3.738,6.945,5.506,9.332,7.654,4.318,-3.195,-4.921,6.767,8.725,-4.570,6.272
43.6700,6,1.102,0.216,-0.187,-3.738,6.945,5.506,9.331,7.653,4.316,-3.196,-4.921,6.767,8.724,-4.571,6.272
43.6800,6,1.103,0.218,-0.186,-3.739,6.945,5.506,9.330,7.652,4.315,-3.197,-4.922,6.767,8.724,-4.571,6.272
43.6900,6,1.104,0.220,-0.185,-3.739,6.944,5.506,9.329,7.652,4.314,-3.197,-4.922,6.768,8.724,-4.571,6.272
43.7000,6,1.105,0.222,-0.184,-3.739,6.944,5.506,9.328,7.651,4.313,-3.197,-4.923,6.768,8.723,-4.572,6.272
43.7100,6,1.106,0.224,-0.183,-3.739,6.944,5.506,9.327,7.650,4.312,-3.198,-4.924,6.768,8.723,-4.572,6.272
43.7200,6,1.107,0.226,-0.181,-3.740,6.943,5.506,9.326,7.649,4.311,-3.198,-4.924,6.768,8.723,-4.572,6.272
43.7300,6,1.108,0.228,-0.180,-3.740,6.943,5.506,9.325,7.648,4.309,-3.199,-4.925,6.768,8.723,-4.573,6.272
43.7400,6,1.109,0.230,-0.179,-3.740,6.943,5.506,9.324,7.648,4.308,-3.199,-4.925,6.768,8.722,-4.573,6.272
43.7500,6,1.110,0.232,-0.178,-3.740,6.943,5.506,9.323,7.647,4.307,-3.200,-4.926,6.768,8.722,-4.573,6.272
43.7600,6,1.111,0.234,-0.177,-3.740,6.942,5.506,9.322,7.646,4.306,-3.200,-4.926,6.767,8.722,-4.574,6.272
43.7700,6,1.112,0.236,-0.175,-3.741,6.942,5.506,9.322,7.645,4.305,-3.201,-4.927,6.767,8.721,-4.574,6.272
43.7800,6,1.112,0.238,-0.174,-3.741,6.942,5.506,9.321,7.645,4.304,-3.201,-4.927,6.767,8.721,-4.574,6.272
43.7900,6,1.113,0.240,-0.173,-3.741,6.941,5.506,9.320,7.644,4.302,-3.202,-4.928,6.767,8.721,-4.575,6.272
43.8000,6,1.114,0.242,-0.171,-3.741,6.941,5.506,9.319,7.643,4.301,-3.202,-4.928,6.767,8.720,-4.575,6.272
43.8100,6,1.114,0.244,-0.170,-3.741,6.941,5.506,9.318,7.642,4.300,-3.203,-4.929,6.767,8.720,-4.575,6.272
43.8200,6,1.115,0.246,-0.169,-3.741,6.941,5.506,9.317,7.641,4.299,-3.203,-4.929,6.767,8.720,-4.576,6.271
43.8300,6,1.115,0.248,-0.168,-3.742,6.940,5.506,9.316,7.641,4.298,-3.204,-4.930,6.767,8.720,-4.576,6.271
43.8400,6,1.116,0.250,-0.166,-3.742,6.940,5.506,9.315,7.640,4.296,-3.204,-4.930,6.767,8.719,-4.576,6.271
43.8500,6,1.116,0.252,-0.165,-3.742,6.940,5.506,9.314,7.639,4.295,-3.205,-4.931,6.767,8.719,-4.577,6.271
43.8600,6,1.116,0.254,-0.164,-3.742,6.939,5.506,9.313,7.638,4.294,-3.205,-4.931,6.767,8.719,-4.577,6.271
43.8700,6,1.117,0.256,-0.162,-3.742,6.939,5.506,9.312,7.638,4.293,-3.206,-4.932,6.767,8.718,-4.577,6.271
43.8800,6,1.117,0.258,-0.161,-3.743,6.939,5.505,9.312,7.637,4.291,-3.206,-4.932,6.767,8.718,-4.578,6.271
43.8900,6,1.117,0.260,-0.160,-3.743,6.939,5.505,9.311,7.636,4.290,-3.207,-4.933,6.767,8.718,-4.578,6.271
43.9000,6,1.117,0.262,-0.158,-3.743,6.938,5.505,9.310,7.635,4.289,-3.207,-4.933,6.767,8.718,-4.578,6.270
43.9100,6,1.117,0.264,-0.157,-3.743,6.938,5.505,9.309,7.634,4.288,-3.208,-4.934,6.766,8.717,-4.579,6.270
43.9200,6,1.117,0.266,-0.156,-3.743,6.938,5.505,9.308,7.634,4.287,-3.208,-4.934,6.766,8.717,-4.579,6.270
43.9300,6,1.117,0.268,-0.154,-3.744,6.937,5.505,9.307,7.633,4.285,-3.208,-4.935,6.766,8.717,-4.579,6.270
43.9400,6,1.117,0.270,-0.153,-3.744,6.937,5.505,9.306,7.632,4.284,-3.209,-4.935,6.766,8.716,-4.580,6.270
43.9500,6,1.117,0.272,-0.151,-3.744,6.937,5.505,9.305,7.631,4.283,-3.209,-4.936,6.766,8.716,-4.580,6.270
43.9600,6,1.117,0.274,-0.150,-3.744,6.937,5.504,9.304,7.631,4.282,-3.210,-4.937,6.766,8.716,-4.580,6.269
43.9700,6,1.117,0.276,-0.149,-3.744,6.936,5.504,9.304,7.630,4.280,-3.210,-4.937,6.766,8.716,-4.581,6.269
43.9800,6,1.117,0.278,-0.147,-3.744,6.936,5.504,9.303,7.629,4.279,-3.211,-4.938,6.766,8.715,-4.581,6.269
43.9900,6,1.117,0.280,-0.146,-3.745,6.936,5.504,9.302,7.628,4.278,-3.211,-4.938,6.765,8.715,-4.581,6.269
44.0000,6,1.116,0.282,-0.144,-3.745,6.935,5.504,9.301,7.628,4.277,-3.212,-4.939,6.765,8.715,-4.582,6.269
44.0100,6,1.116,0.284,-0.143,-3.745,6.935,5.504,9.300,7.627,4.275,-3.212,-4.939,6.765,8.715,-4.582,6.268
44.0200,6,1.116,0.286,-0.142,-3.745,6.935,5.503,9.299,7.626,4.274,-3.212,-4.940,6.765,8.714,-4.582,6.268
44.0300,6,1.115,0.288,-0.140,-3.745,6.935,5.503,9.298,7.625,4.273,-3.213,-4.940,6.765,8.714,-4.583,6.268
44.0400,6,1.115,0.290,-0.139,-3.745,6.934,5.503,9.298,7.625,4.271,-3.213,-4.941,6.764,8.714,-4.583,6.268
44.0500,6,1.114,0.292,-0.137,-3.746,6.934,5.503,9.297,7.624,4.270,-3.214,-4.941,6.764,8.714,-4.583,6.267
44.0600,6,1.114,0.294,-0.136,-3.746,6.934,5.503,9.296,7.623,4.269,-3.214,-4.942,6.764,8.713,-4.584,6.267
44.0700,6,1.113,0.296,-0.134,-3.746,6.934,5.502,9.295,7.622,4.268,-3.215,-4.942,6.764,8.713,-4.584,6.267
44.0800,6,1.113,0.298,-0.133,-3.746,6.933,5.502,9.294,7.622,4.266,-3.215,-4.943,6.764,8.713,-4.584,6.267
44.0900,6,1.112,0.300,-0.131,-3.746,6.933,5.502,9.293,7.621,4.265,-3.215,-4.943,6.763,8.712,-4.585,6.266
44.1000,6,1.111,0.302,-0.130,-3.746,6.933,5.502,9.293,7.620,4.264,-3.216,-4.944,6.763,8.712,-4.585,6.266
44.1100,6,1.110,0.304,-0.128,-3.747,6.932,5.502,9.292,7.619,4.262,-3.216,-4.944,6.763,8.712,-4.585,6.266
44.1200,6,1.110,0.306,-0.127,-3.747,6.932,5.501,9.291,7.619,4.261,-3.217,-4.945,6.763,8.712,-4.585,6.266
44.1300,6,1.109,0.308,-0.125,-3.747,6.932,5.501,9.290,7.618,4.260,-3.217,-4.945,6.762,8.711,-4.586,6.265
44.1400,6,1.108,0.310,-0.124,-3.747,6.932,5.501,9.289,7.617,4.259,-3.218,-4.946,6.762,8.711,-4.586,6.265
44.1500,6,1.107,0.312,-0.122,-3.747,6.931,5.501,9.288,7.616,4.257,-3.218,-4.946,6.762,8.711,-4.586,6.265
44.1600,6,1.106,0.314,-0.121,-3.747,6.931,5.500,9.288,7.616,4.256,-3.218,-4.947,6.762,8.711,-4.587,6.265
44.1700,6,1.105,0.316,-0.119,-3.748,6.931,5.500,9.287,7.615,4.255,-3.219,-4.947,6.761,8.711,-4.587,6.264
44.1800,6,1.105,0.318,-0.118,-3.748,6.930,5.500,9.286,7.614,4.253,-3.219,-4.948,6.761,8.710,-4.587,6.264
44.1900,6,1.104,0.320,-0.116,-3.748,6.930,5.500,9.285,7.613,4.252,-3.220,-4.948,6.761,8.710,-4.588,6.264
44.2000,6,1.103,0.322,-0.115,-3.748,6.930,5.499,9.284,7.613,4.251,-3.220,-4.949,6.761,8.710,-4.588,6.263
44.2100,6,1.102,0.324,-0.113,-3.748,6.930,5.499,9.284,7.612,4.249,-3.220,-4.949,6.760,8.710,-4.588,6.263
44.2200,6,1.100,0.326,-0.111,-3.748,6.929,5.499,9.283,7.611,4.248,-3.221,-4.950,6.760,8.709,-4.589,6.263
44.2300,6,1.099,0.328,-0.110,-3.748,6.929,5.498,9.282,7.610,4.247,-3.221,-4.950,6.760,8.709,-4.589,6.262
44.2400,6,1.098,0.330,-0.108,-3.749,6.929,5.498,9.281,7.610,4.245,-3.222,-4.951,6.759,8.709,-4.589,6.262
44.2500,6,1.097,0.333,-0.107,-3.749,6.929,5.498,9.280,7.609,4.244,-3.222,-4.951,6.759,8.709,-4.590,6.262
44.2600,6,1.096,0.335,-0.105,-3.749,6.928,5.497,9.280,7.608,4.243,-3.222,-4.952,6.759,8.708,-4.590,6.261
44.2700,6,1.095,0.337,-0.104,-3.749,6.928,5.497,9.279,7.607,4.241,-3.223,-4.952,6.758,8.708,-4.590,6.261
44.2800,6,1.094,0.339,-0.102,-3.749,6.928,5.497,9.278,7.607,4.240,-3.223,-4.953,6.758,8.708,-4.590,6.261
44.2900,6,1.092,0.341,-0.100,-3.749,6.928,5.496,9.277,7.606,4.239,-3.224,-4.953,6.758,8.708,-4.591,6.260
44.3000,6,1.091,0.343,-0.099,-3.749,6.927,5.496,9.276,7.605,4.237,-3.224,-4.954,6.757,8.707,-4.591,6.260
44.3100,6,1.090,0.345,-0.097,-3.750,6.927,5.496,9.276,7.604,4.236,-3.224,-4.954,6.757,8.707,-4.591,6.259
44.3200,6,1.088,0.347,-0.095,-3.750,6.927,5.495,9.275,7.604,4.235,-3.225,-4.955,6.757,8.707,-4.592,6.259
44.3300,6,1.087,0.349,-0.094,-3.750,6.926,5.495,9.274,7.603,4.233,-3.225,-4.955,6.756,8.707,-4.592,6.259
44.3400,6,1.086,0.352,-0.092,-3.750,6.926,5.495,9.273,7.602,4.232,-3.226,-4.956,6.756,8.707,-4.592,6.258
44.3500,6,1.084,0.354,-0.091,-3.750,6.926,5.494,9.273,7.602,4.231,-3.226,-4.956,6.756,8.706,-4.593,6.258
44.3600,6,1.083,0.356,-0.089,-3.750,6.926,5.494,9.272,7.601,4.229,-3.226,-4.957,6.755,8.706,-4.593,6.258
44.3700,6,1.081,0.358,-0.087,-3.750,6.925,5.494,9.271,7.600,4.228,-3.227,-4.957,6.755,8.706,-4.593,6.257
44.3800,6,1.080,0.360,-0.086,-3.750,6.925,5.493,9.270,7.599,4.226,-3.227,-4.958,6.755,8.706,-4.594,6.257
44.3900,6,1.079,0.362,-0.084,-3.751,6.925,5.493,9.270,7.599,4.225,-3.227,-4.958,6.754,8.706,-4.594,6.256
44.4000,6,1.077,0.364,-0.082,-3.751,6.925,5.492,9.269,7.598,4.224,-3.228,-4.959,6.754,8.705,-4.594,6.256
44.4100,6,1.076,0.367,-0.081,-3.751,6.924,5.492,9.268,7.597,4.222,-3.228,-4.959,6.753,8.705,-4.594,6.256
44.4200,6,1.074,0.369,-0.079,-3.751,6.924,5.492,9.267,7.596,4.221,-3.229,-4.960,6.753,8.705,-4.595,6.255
44.4300,6,1.073,0.371,-0.077,-3.751,6.924,5.491,9.267,7.596,4.220,-3.229,-4.960,6.753,8.705,-4.595,6.255
44.4400,6,1.071,0.373,-0.076,-3.751,6.923,5.491,9.266,7.595,4.218,-3.229,-4.960,6.752,8.704,-4.595,6.254
44.4500,6,1.070,0.375,-0.074,-3.751,6.923,5.490,9.265,7.594,4.217,-3.230,-4.961,6.752,8.704,-4.596,6.254
44.4600,6,1.068,0.378,-0.072,-3.751,6.923,5.490,9.264,7.594,4.216,-3.230,-4.961,6.751,8.704,-4.596,6.253
44.4700,6,1.066,0.380,-0.071,-3.752,6.923,5.490,9.264,7.593,4.214,-3.230,-4.962,6.751,8.704,-4.596,6.253
44.4800,6,1.065,0.382,-0.069,-3.752,6.922,5.489,9.263,7.592,4.213,-3.231,-4.962,6.750,8.704,-4.597,6.252
44.4900,6,1.063,0.384,-0.067,-3.752,6.922,5.489,9.262,7.591,4.211,-3.231,-4.963,6.750,8.703,-4.597,6.252
44.5000,6,1.062,0.387,-0.066,-3.752,6.922,5.488,9.262,7.591,4.210,-3.231,-4.963,6.749,8.703,-4.597,6.252
44.5100,6,1.060,0.389,-0.064,-3.752,6.922,5.488,9.261,7.590,4.209,-3.232,-4.964,6.749,8.703,-4.597,6.251
44.5200,6,1.058,0.391,-0.062,-3.752,6.921,5.487,9.260,7.589,4.207,-3.232,-4.964,6.749,8.703,-4.598,6.251
44.5300,6,1.057,0.393,-0.061,-3.752,6.921,5.487,9.259,7.589,4.206,-3.232,-4.965,6.748,8.703,-4.598,6.250
44.5400,6,1.055,0.396,-0.059,-3.752,6.921,5.486,9.259,7.588,4.204,-3.233,-4.965,6.748,8.703,-4.598,6.250
44.5500,6,1.053,0.398,-0.057,-3.753,6.921,5.486,9.258,7.587,4.203,-3.233,-4.966,6.747,8.702,-4.599,6.249
44.5600,6,1.052,0.400,-0.056,-3.753,6.920,5.485,9.257,7.587,4.202,-3.233,-4.966,6.747,8.702,-4.599,6.249
44.5700,6,1.050,0.402,-0.054,-3.753,6.920,5.485,9.257,7.586,4.200,-3.234,-4.967,6.746,8.702,-4.599,6.248
44.5800,6,1.048,0.405,-0.052,-3.753,6.920,5.484,9.256,7.585,4.199,-3.234,-4.967,6.746,8.702,-4.600,6.248
44.5900,6,1.047,0.407,-0.050,-3.753,6.920,5.484,9.255,7.584,4.197,-3.234,-4.968,6.745,8.702,-4.600,6.247
44.6000,6,1.045,0.409,-0.049,-3.753,6.919,5.483,9.255,7.584,4.196,-3.235,-4.968,6.745,8.701,-4.600,6.247
44.6100,6,1.043,0.412,-0.047,-3.753,6.919,5.483,9.254,7.583,4.195,-3.235,-4.969,6.744,8.701,-4.600,6.246
44.6200,6,1.042,0.414,-0.045,-3.753,6.919,5.482,9.253,7.582,4.193,-3.235,-4.969,6.744,8.701,-4.601,6.246
44.6300,6,1.040,0.416,-0.044,-3.753,6.919,5.482,9.252,7.582,4.192,-3.236,-4.970,6.743,8.701,-4.601,6.245
44.6400,6,1.038,0.419,-0.042,-3.754,6.918,5.481,9.252,7.581,4.190,-3.236,-4.970,6.743,8.701,-4.601,6.245
44.6500,6,1.037,0.421,-0.040,-3.754,6.918,5.481,9.251,7.580,4.189,-3.236,-4.971,6.742,8.700,-4.602,6.244
44.6600,6,1.035,0.423,-0.038,-3.754,6.918,5.480,9.250,7.580,4.188,-3.237,-4.971,6.742,8.700,-4.602,6.244
44.6700,6,1.033,0.426,-0.037,-3.754,6.918,5.480,9.250,7.579,4.186,-3.237,-4.971,6.741,8.700,-4.602,6.243
44.6800,6,1.032,0.428,-0.035,-3.754,6.917,5.479,9.249,7.578,4.185,-3.237,-4.972,6.740,8.700,-4.603,6.242
44.6900,6,1.030,0.431,-0.033,-3.754,6.917,5.479,9.248,7.577,4.183,-3.238,-4.972,6.740,8.700,-4.603,6.242
44.7000,6,1.028,0.433,-0.031,-3.754,6.917,5.478,9.248,7.577,4.182,-3.238,-4.973,6.739,8.700,-4.603,6.241
44.7100,6,1.027,0.435,-0.030,-3.754,6.917,5.478,9.247,7.576,4.181,-3.238,-4.973,6.739,8.699,-4.603,6.241
44.7200,6,1.025,0.438,-0.028,-3.754,6.916,5.477,9.246,7.575,4.179,-3.239,-4.974,6.738,8.699,-4.604,6.240
44.7300,6,1.023,0.440,-0.026,-3.754,6.916,5.477,9.246,7.575,4.178,-3.239,-4.974,6.738,8.699,-4.604,6.240
44.7400,6,1.022,0.443,-0.024,-3.754,6.916,5.476,9.245,7.574,4.176,-3.239,-4.975,6.737,8.699,-4.604,6.239
44.7500,6,1.020,0.445,-0.023,-3.755,6.916,5.475,9.245,7.573,4.175,-3.240,-4.975,6.737,8.699,-4.605,6.239
44.7600,6,1.018,0.448,-0.021,-3.755,6.915,5.475,9.244,7.573,4.174,-3.240,-4.976,6.736,8.699,-4.605,6.238
44.7700,6,1.017,0.450,-0.019,-3.755,6.915,5.474,9.243,7.572,4.172,-3.240,-4.976,6.735,8.698,-4.605,6.237
44.7800,6,1.015,0.453,-0.017,-3.755,6.915,5.474,9.243,7.571,4.171,-3.241,-4.977,6.735,8.698,-4.605,6.237
44.7900,6,1.013,0.455,-0.016,-3.755,6.915,5.473,9.242,7.571,4.169,-3.241,-4.977,6.734,8.698,-4.606,6.236
44.8000,6,1.012,0.458,-0.014,-3.755,6.914,5.472,9.241,7.570,4.168,-3.241,-4.977,6.734,8.698,-4.606,6.236
44.8100,6,1.010,0.460,-0.012,-3.755,6.914,5.472,9.241,7.569,4.166,-3.242,-4.978,6.733,8.698,-4.606,6.235
44.8200,6,1.009,0.463,-0.010,-3.755,6.914,5.471,9.240,7.569,4.165,-3.242,-4.978,6.732,8.698,-4.607,6.234
44.8300,6,1.007,0.465,-0.009,-3.755,6.914,5.471,9.239,7.568,4.164,-3.242,-4.979,6.732,8.698,-4.607,6.234
44.8400,6,1.005,0.468,-0.007,-3.755,6.913,5.470,9.239,7.567,4.162,-3.242,-4.979,6.731,8.697,-4.607,6.233
44.8500,6,1.004,0.470,-0.005,-3.755,6.913,5.469,9.238,7.567,4.161,-3.243,-4.980,6.731,8.697,-4.607,6.233
44.8600,6,1.002,0.473,-0.003,-3.756,6.913,5.469,9.237,7.566,4.159,-3.243,-4.980,6.730,8.697,-4.608,6.232
44.8700,6,1.001,0.475,-0.002,-3.756,6.913,5.468,9.237,7.565,4.158,-3.243,-4.981,6.729,8.697,-4.608,6.231
44.8800,6,0.999,0.478,0.000,-3.756,6.912,5.468,9.236,7.565,4.156,-3.244,-4.981,6.729,8.697,-4.608,6.231
44.8900,6,0.998,0.481,0.002,-3.756,6.912,5.467,9.236,7.564,4.155,-3.244,-4.982,6.728,8.697,-4.608,6.230
44.9000,6,0.996,0.483,0.004,-3.756,6.912,5.466,9.235,7.563,4.154,-3.244,-4.982,6.727,8.696,-4.609,6.230
44.9100,6,0.995,0.486,0.005,-3.756,6.912,5.466,9.234,7.563,4.152,-3.244,-4.982,6.727,8.696,-4.609,6.229
44.9200,6,0.993,0.488,0.007,-3.756,6.911,5.465,9.234,7.562,4.151,-3.245,-4.983,6.726,8.696,-4.609,6.228
44.9300,6,0.992,0.491,0.009,-3.756,6.911,5.464,9.233,7.561,4.149,-3.245,-4.983,6.725,8.696,-4.610,6.228
44.9400,6,0.990,0.494,0.011,-3.756,6.911,5.464,9.233,7.561,4.148,-3.245,-4.984,6.725,8.696,-4.610,6.227
44.9500,6,0.989,0.496,0.012,-3.756,6.911,5.463,9.232,7.560,4.146,-3.246,-4.984,6.724,8.696,-4.610,6.226
44.9600,6,0.988,0.499,0.014,-3.756,6.910,5.462,9.231,7.559,4.145,-3.246,-4.985,6.723,8.696,-4.610,6.226
44.9700,6,0.986,0.502,0.016,-3.756,6.910,5.462,9.231,7.559,4.144,-3.246,-4.985,6.723,8.695,-4.611,6.225
44.9800,6,0.985,0.504,0.018,-3.756,6.910,5.461,9.230,7.558,4.142,-3.246,-4.986,6.722,8.695,-4.611,6.224
44.9900,6,0.983,0.507,0.019,-3.756,6.910,5.460,9.230,7.557,4.141,-3.247,-4.986,6.721,8.695,-4.611,6.224
45.0000,6,0.982,0.510,0.021,-3.757,6.909,5.460,9.229,7.557,4.139,-3.247,-4.987,6.721,8.695,-4.611,6.223
45.0100,6,0.981,0.512,0.023,-3.757,6.909,5.459,9.228,7.556,4.138,-3.247,-4.987,6.720,8.695,-4.612,6.222
45.0200,6,0.980,0.515,0.024,-3.757,6.909,5.458,9.228,7.555,4.136,-3.247,-4.987,6.719,8.695,-4.612,6.222
45.0300,6,0.978,0.518,0.026,-3.757,6.909,5.458,9.227,7.555,4.135,-3.248,-4.988,6.719,8.695,-4.612,6.221
45.0400,6,0.977,0.521,0.028,-3.757,6.908,5.457,9.227,7.554,4.134,-3.248,-4.988,6.718,8.695,-4.613,6.220
45.0500,6,0.976,0.523,0.030,-3.757,6.908,5.456,9.226,7.553,4.132,-3.248,-4.989,6.717,8.694,-4.613,6.220
45.0600,6,0.975,0.526,0.031,-3.757,6.908,5.456,9.226,7.553,4.131,-3.249,-4.989,6.717,8.694,-4.613,6.219
45.0700,6,0.974,0.529,0.033,-3.757,6.908,5.455,9.225,7.552,4.129,-3.249,-4.990,6.716,8.694,-4.613,6.218
45.0800,6,0.972,0.532,0.035,-3.757,6.907,5.454,9.224,7.552,4.128,-3.249,-4.990,6.715,8.694,-4.614,6.218
45.0900,6,0.971,0.534,0.037,-3.757,6.907,5.453,9.224,7.551,4.126,-3.249,-4.990,6.714,8.694,-4.614,6.217
45.1000,6,0.970,0.537,0.038,-3.757,6.907,5.453,9.223,7.550,4.125,-3.250,-4.991,6.714,8.694,-4.614,6.216
45.1100,6,0.969,0.540,0.040,-3.757,6.907,5.452,9.223,7.550,4.124,-3.250,-4.991,6.713,8.694,-4.614,6.216
45.1200,6,0.968,0.543,0.042,-3.757,6.907,5.451,9.222,7.549,4.122,-3.250,-4.992,6.712,8.694,-4.615,6.215
45.1300,6,0.967,0.546,0.044,-3.757,6.906,5.451,9.222,7.548,4.121,-3.250,-4.992,6.711,8.693,-4.615,6.214
45.1400,6,0.966,0.548,0.045,-3.757,6.906,5.450,9.221,7.548,4.119,-3.251,-4.993,6.711,8.693,-4.615,6.214
45.1500,6,0.965,0.551,0.047,-3.757,6.906,5.449,9.220,7.547,4.118,-3.251,-4.993,6.710,8.693,-4.615,6.213
45.1600,6,0.964,0.554,0.049,-3.758,6.906,5.448,9.220,7.546,4.116,-3.251,-4.993,6.709,8.693,-4.616,6.212
45.1700,6,0.964,0.557,0.050,-3.758,6.905,5.448,9.219,7.546,4.115,-3.251,-4.994,6.709,8.693,-4.616,6.211
45.1800,6,0.963,0.560,0.052,-3.758,6.905,5.447,9.219,7.545,4.114,-3.252,-4.994,6.708,8.693,-4.616,6.211
45.1900,6,0.962,0.563,0.054,-3.758,6.905,5.446,9.218,7.545,4.112,-3.252,-4.995,6.707,8.693,-4.616,6.210
45.2000,6,0.961,0.566,0.056,-3.758,6.905,5.445,9.218,7.544,4.111,-3.252,-4.995,6.706,8.693,-4.617,6.209
45.2100,6,0.960,0.569,0.057,-3.758,6.904,5.445,9.217,7.543,4.109,-3.252,-4.996,6.706,8.693,-4.617,6.209
45.2200,6,0.960,0.572,0.059,-3.758,6.904,5.444,9.217,7.543,4.108,-3.253,-4.996,6.705,8.692,-4.617,6.208
45.2300,6,0.959,0.574,0.061,-3.758,6.904,5.443,9.216,7.542,4.106,-3.253,-4.996,6.704,8.692,-4.618,6.207
45.2400,6,0.958,0.577,0.062,-3.758,6.904,5.442,9.216,7.542,4.105,-3.253,-4.997,6.703,8.692,-4.618,6.206
45.2500,6,0.958,0.580,0.064,-3.758,6.904,5.442,9.215,7.541,4.104,-3.253,-4.997,6.702,8.692,-4.618,6.206
45.2600,6,0.957,0.583,0.066,-3.758,6.903,5.441,9.215,7.540,4.102,-3.254,-4.998,6.702,8.692,-4.618,6.205
45.2700,6,0.956,0.586,0.067,-3.758,6.903,5.440,9.214,7.540,4.101,-3.254,-4.998,6.701,8.692,-4.619,6.204
45.2800,6,0.956,0.589,0.069,-3.758,6.903,5.439,9.214,7.539,4.099,-3.254,-4.999,6.700,8.692,-4.619,6.203
45.2900,6,0.955,0.592,0.071,-3.758,6.903,5.439,9.213,7.538,4.098,-3.254,-4.999,6.699,8.692,-4.619,6.203
45.3000,6,0.955,0.595,0.072,-3.758,6.902,5.438,9.212,7.538,4.097,-3.254,-4.999,6.699,8.692,-4.619,6.202
45.3100,6,0.955,0.598,0.074,-3.758,6.902,5.437,9.212,7.537,4.095,-3.255,-5.000,6.698,8.691,-4.620,6.201
45.3200,6,0.954,0.601,0.076,-3.758,6.902,5.436,9.211,7.537,4.094,-3.255,-5.000,6.697,8.691,-4.620,6.200
45.3300,6,0.954,0.604,0.077,-3.758,6.902,5.435,9.211,7.536,4.092,-3.255,-5.001,6.696,8.691,-4.620,6.200
45.3400,6,0.953,0.607,0.079,-3.758,6.902,5.435,9.210,7.535,4.091,-3.255,-5.001,6.695,8.691,-4.620,6.199
45.3500,6,0.953,0.610,0.081,-3.758,6.901,5.434,9.210,7.535,4.089,-3.256,-5.001,6.695,8.691,-4.621,6.198
45.3600,6,0.953,0.614,0.082,-3.758,6.901,5.433,9.209,7.534,4.088,-3.256,-5.002,6.694,8.691,-4.621,6.197
45.3700,6,0.953,0.617,0.084,-3.758,6.901,5.432,9.209,7.534,4.087,-3.256,-5.002,6.693,8.691,-4.621,6.197
45.3800,6,0.953,0.620,0.086,-3.758,6.901,5.431,9.208,7.533,4.085,-3.256,-5.003,6.692,8.691,-4.621,6.196
45.3900,6,0.952,0.623,0.087,-3.758,6.900,5.431,9.208,7.532,4.084,-3.256,-5.003,6.691,8.691,-4.621,6.195
45.4000,6,0.952,0.626,0.089,-3.759,6.900,5.430,9.207,7.532,4.082,-3.257,-5.003,6.691,8.691,-4.622,6.194
45.4100,6,0.952,0.629,0.091,-3.759,6.900,5.429,9.207,7.531,4.081,-3.257,-5.004,6.690,8.691,-4.622,6.194
45.4200,6,0.952,0.632,0.092,-3.759,6.900,5.428,9.206,7.531,4.080,-3.257,-5.004,6.689,8.691,-4.622,6.193
45.4300,6,0.952,0.635,0.094,-3.759,6.900,5.427,9.206,7.530,4.078,-3.257,-5.005,6.688,8.690,-4.622,6.192
45.4400,6,0.952,0.638,0.096,-3.759,6.899,5.427,9.206,7.530,4.077,-3.257,-5.005,6.687,8.690,-4.623,6.191
45.4500,6,0.953,0.642,0.097,-3.759,6.899,5.426,9.205,7.529,4.075,-3.258,-5.006,6.687,8.690,-4.623,6.191
45.4600,6,0.953,0.645,0.099,-3.759,6.899,5.425,9.205,7.528,4.074,-3.258,-5.006,6.686,8.690,-4.623,6.190
45.4700,6,0.953,0.648,0.100,-3.759,6.899,5.424,9.204,7.528,4.073,-3.258,-5.006,6.685,8.690,-4.623,6.189
45.4800,6,0.953,0.651,0.102,-3.759,6.899,5.423,9.204,7.527,4.071,-3.258,-5.007,6.684,8.690,-4.624,6.188
45.4900,6,0.953,0.654,0.104,-3.759,6.898,5.423,9.203,7.527,4.070,-3.258,-5.007,6.683,8.690,-4.624,6.187
45.5000,6,0.954,0.657,0.105,-3.759,6.898,5.422,9.203,7.526,4.068,-3.259,-5.007,6.682,8.690,-4.624,6.187
45.5100,6,0.954,0.661,0.107,-3.759,6.898,5.421,9.202,7.526,4.067,-3.259,-5.008,6.682,8.690,-4.624,6.186
45.5200,6,0.954,0.664,0.108,-3.759,6.898,5.420,9.202,7.525,4.066,-3.259,-5.008,6.681,8.690,-4.625,6.185
45.5300,6,0.955,0.667,0.110,-3.759,6.898,5.419,9.201,7.524,4.064,-3.259,-5.009,6.680,8.690,-4.625,6.184
45.5400,6,0.955,0.670,0.111,-3.759,6.897,5.418,9.201,7.524,4.063,-3.259,-5.009,6.679,8.690,-4.625,6.183
45.5500,6,0.956,0.674,0.113,-3.759,6.897,5.418,9.200,7.523,4.061,-3.260,-5.009,6.678,8.690,-4.625,6.183
45.5600,6,0.956,0.677,0.115,-3.759,6.897,5.417,9.200,7.523,4.060,-3.260,-5.010,6.677,8.689,-4.625,6.182
45.5700,6,0.957,0.680,0.116,-3.759,6.897,5.416,9.199,7.522,4.059,-3.260,-5.010,6.676,8.689,-4.626,6.181
45.5800,6,0.958,0.683,0.118,-3.759,6.896,5.415,9.199,7.522,4.057,-3.260,-5.011,6.676,8.689,-4.626,6.180
45.5900,6,0.958,0.687,0.119,-3.759,6.896,5.414,9.199,7.521,4.056,-3.260,-5.011,6.675,8.689,-4.626,6.180
45.6000,6,0.959,0.690,0.121,-3.759,6.896,5.413,9.198,7.520,4.055,-3.261,-5.011,6.674,8.689,-4.626,6.179
45.6100,6,0.960,0.693,0.122,-3.759,6.896,5.413,9.198,7.520,4.053,-3.261,-5.012,6.673,8.689,-4.627,6.178
45.6200,6,0.961,0.696,0.124,-3.759,6.896,5.412,9.197,7.519,4.052,-3.261,-5.012,6.672,8.689,-4.627,6.177
45.6300,6,0.962,0.700,0.125,-3.759,6.895,5.411,9.197,7.519,4.050,-3.261,-5.013,6.671,8.689,-4.627,6.176
45.6400,6,0.963,0.703,0.127,-3.759,6.895,5.410,9.196,7.518,4.049,-3.261,-5.013,6.671,8.689,-4.627,6.176
45.6500,6,0.964,0.706,0.128,-3.759,6.895,5.409,9.196,7.518,4.048,-3.261,-5.013,6.670,8.689,-4.628,6.175
45.6600,6,0.965,0.710,0.130,-3.759,6.895,5.408,9.196,7.517,4.046,-3.262,-5.014,6.669,8.689,-4.628,6.174
45.6700,6,0.966,0.713,0.131,-3.759,6.895,5.408,9.195,7.517,4.045,-3.262,-5.014,6.668,8.689,-4.628,6.173
45.6800,6,0.967,0.716,0.133,-3.759,6.895,5.407,9.195,7.516,4.044,-3.262,-5.014,6.667,8.689,-4.628,6.172
45.6900,6,0.968,0.720,0.134,-3.759,6.894,5.406,9.194,7.516,4.042,-3.262,-5.015,6.666,8.689,-4.628,6.172
45.7000,6,0.969,0.723,0.136,-3.759,6.894,5.405,9.194,7.515,4.041,-3.262,-5.015,6.665,8.689,-4.629,6.171
45.7100,6,0.970,0.726,0.137,-3.759,6.894,5.404,9.193,7.514,4.040,-3.262,-5.016,6.664,8.689,-4.629,6.170
45.7200,6,0.972,0.730,0.139,-3.759,6.894,5.403,9.193,7.514,4.038,-3.263,-5.016,6.664,8.689,-4.629,6.169
45.7300,6,0.973,0.733,0.140,-3.759,6.894,5.402,9.193,7.513,4.037,-3.263,-5.016,6.663,8.688,-4.629,6.168
45.7400,6,0.974,0.737,0.142,-3.759,6.893,5.402,9.192,7.513,4.036,-3.263,-5.017,6.662,8.688,-4.629,6.168
45.7500,6,0.976,0.740,0.143,-3.759,6.893,5.401,9.192,7.512,4.034,-3.263,-5.017,6.661,8.688,-4.630,6.167
45.7600,6,0.977,0.743,0.144,-3.759,6.893,5.400,9.191,7.512,4.033,-3.263,-5.017,6.660,8.688,-4.630,6.166
45.7700,6,0.979,0.747,0.146,-3.759,6.893,5.399,9.191,7.511,4.031,-3.263,-5.018,6.659,8.688,-4.630,6.165
45.7800,6,0.980,0.750,0.147,-3.759,6.893,5.398,9.191,7.511,4.030,-3.264,-5.018,6.658,8.688,-4.630,6.164
45.7900,6,0.982,0.754,0.149,-3.759,6.892,5.397,9.190,7.510,4.029,-3.264,-5.018,6.658,8.688,-4.630,6.164
45.8000,6,0.983,0.757,0.150,-3.759,6.892,5.396,9.190,7.510,4.028,-3.264,-5.019,6.657,8.688,-4.631,6.163
45.8100,6,0.985,0.760,0.152,-3.759,6.892,5.396,9.189,7.509,4.026,-3.264,-5.019,6.656,8.688,-4.631,6.162
45.8200,6,0.987,0.764,0.153,-3.759,6.892,5.395,9.189,7.509,4.025,-3.264,-5.019,6.655,8.688,-4.631,6.161
45.8300,6,0.988,0.767,0.154,-3.759,6.892,5.394,9.189,7.508,4.024,-3.264,-5.020,6.654,8.688,-4.631,6.160
45.8400,6,0.990,0.771,0.156,-3.759,6.891,5.393,9.188,7.508,4.022,-3.264,-5.020,6.653,8.688,-4.631,6.159
45.8500,6,0.992,0.774,0.157,-3.759,6.891,5.392,9.188,7.507,4.021,-3.265,-5.021,6.652,8.688,-4.632,6.159
45.8600,6,0.994,0.778,0.158,-3.759,6.891,5.391,9.188,7.507,4.020,-3.265,-5.021,6.651,8.688,-4.632,6.158
45.8700,6,0.996,0.781,0.160,-3.759,6.891,5.390,9.187,7.506,4.018,-3.265,-5.021,6.651,8.688,-4.632,6.157
45.8800,6,0.998,0.785,0.161,-3.759,6.891,5.389,9.187,7.506,4.017,-3.265,-5.022,6.650,8.688,-4.632,6.156
45.8900,6,1.000,0.788,0.162,-3.759,6.891,5.389,9.186,7.505,4.016,-3.265,-5.022,6.649,8.688,-4.632,6.155
45.9000,6,1.002,0.791,0.164,-3.759,6.890,5.388,9.186,7.505,4.014,-3.265,-5.022,6.648,8.688,-4.633,6.155
45.9100,6,1.004,0.795,0.165,-3.759,6.890,5.387,9.186,7.504,4.013,-3.265,-5.023,6.647,8.688,-4.633,6.154
45.9200,6,1.006,0.798,0.166,-3.759,6.890,5.386,9.185,7.504,4.012,-3.265,-5.023,6.646,8.688,-4.633,6.153
45.9300,6,1.009,0.802,0.168,-3.759,6.890,5.385,9.185,7.503,4.010,-3.266,-5.023,6.645,8.688,-4.633,6.152
45.9400,6,1.011,0.805,0.169,-3.759,6.890,5.384,9.185,7.503,4.009,-3.266,-5.024,6.644,8.688,-4.633,6.151
45.9500,6,1.013,0.809,0.170,-3.759,6.890,5.383,9.184,7.502,4.008,-3.266,-5.024,6.643,8.688,-4.634,6.151
45.9600,6,1.016,0.812,0.172,-3.759,6.889,5.382,9.184,7.502,4.007,-3.266,-5.024,6.643,8.688,-4.634,6.150
45.9700,6,1.018,0.816,0.173,-3.759,6.889,5.382,9.184,7.501,4.005,-3.266,-5.025,6.642,8.688,-4.634,6.149
45.9800,6,1.020,0.819,0.174,-3.759,6.889,5.381,9.183,7.501,4.004,-3.266,-5.025,6.641,8.688,-4.634,6.148
45.9900,6,1.023,0.823,0.175,-3.759,6.889,5.380,9.183,7.500,4.003,-3.266,-5.025,6.640,8.688,-4.634,6.147
46.0000,6,1.025,0.826,0.177,-3.759,6.889,5.379,9.183,7.500,4.002,-3.266,-5.026,6.639,8.688,-4.635,6.147
46.0100,6,1.028,0.830,0.178,-3.758,6.888,5.378,9.182,7.499,4.000,-3.267,-5.026,6.638,8.688,-4.635,6.146
46.0200,6,1.031,0.834,0.179,-3.758,6.888,5.377,9.182,7.499,3.999,-3.267,-5.026,6.637,8.688,-4.635,6.145
46.0300,6,1.033,0.837,0.180,-3.758,6.888,5.376,9.182,7.499,3.998,-3.267,-5.027,6.636,8.688,-4.635,6.144
46.0400,6,1.036,0.841,0.181,-3.758,6.888,5.376,9.181,7.498,3.997,-3.267,-5.027,6.636,8.688,-4.635,6.143
46.0500,6,1.039,0.844,0.183,-3.758,6.888,5.375,9.181,7.498,3.995,-3.267,-5.027,6.635,8.688,-4.635,6.143
46.0600,6,1.041,0.848,0.184,-3.758,6.888,5.374,9.181,7.497,3.994,-3.267,-5.028,6.634,8.688,-4.636,6.142
46.0700,6,1.044,0.851,0.185,-3.758,6.888,5.373,9.180,7.497,3.993,-3.267,-5.028,6.633,8.688,-4.636,6.141
46.0800,6,1.047,0.855,0.186,-3.758,6.887,5.372,9.180,7.496,3.992,-3.267,-5.028,6.632,8.688,-4.636,6.140
46.0900,6,1.050,0.858,0.187,-3.758,6.887,5.371,9.180,7.496,3.990,-3.267,-5.029,6.631,8.688,-4.636,6.139
46.1000,6,1.053,0.862,0.188,-3.758,6.887,5.370,9.179,7.495,3.989,-3.267,-5.029,6.630,8.688,-4.636,6.139
46.1100,6,1.056,0.865,0.190,-3.758,6.887,5.369,9.179,7.495,3.988,-3.268,-5.029,6.629,8.688,-4.636,6.138
46.1200,6,1.059,0.869,0.191,-3.758,6.887,5.369,9.179,7.495,3.987,-3.268,-5.029,6.628,8.688,-4.637,6.137
46.1300,6,1.062,0.872,0.192,-3.758,6.887,5.368,9.179,7.494,3.985,-3.268,-5.030,6.628,8.688,-4.637,6.136
46.1400,6,1.065,0.876,0.193,-3.758,6.886,5.367,9.178,7.494,3.984,-3.268,-5.030,6.627,8.688,-4.637,6.135
46.1500,6,1.068,0.880,0.194,-3.758,6.886,5.366,9.178,7.493,3.983,-3.268,-5.030,6.626,8.688,-4.637,6.135
46.1600,6,1.072,0.883,0.195,-3.758,6.886,5.365,9.178,7.493,3.982,-3.268,-5.031,6.625,8.688,-4.637,6.134
46.1700,6,1.075,0.887,0.196,-3.758,6.886,5.364,9.177,7.492,3.981,-3.268,-5.031,6.624,8.688,-4.637,6.133
46.1800,6,1.078,0.890,0.197,-3.758,6.886,5.363,9.177,7.492,3.979,-3.268,-5.031,6.623,8.688,-4.638,6.132
46.1900,6,1.081,0.894,0.198,-3.758,6.886,5.363,9.177,7.492,3.978,-3.268,-5.032,6.622,8.688,-4.638,6.131
46.2000,6,1.085,0.897,0.200,-3.758,6.885,5.362,9.177,7.491,3.977,-3.268,-5.032,6.621,8.688,-4.638,6.131
46.2100,6,1.088,0.901,0.201,-3.758,6.885,5.361,9.176,7.491,3.976,-3.268,-5.032,6.621,8.688,-4.638,6.130
46.2200,6,1.092,0.904,0.202,-3.758,6.885,5.360,9.176,7.490,3.975,-3.268,-5.032,6.620,8.688,-4.638,6.129
46.2300,6,1.095,0.908,0.203,-3.757,6.885,5.359,9.176,7.490,3.973,-3.268,-5.033,6.619,8.688,-4.638,6.128
46.2400,6,1.099,0.912,0.204,-3.757,6.885,5.358,9.175,7.489,3.972,-3.269,-5.033,6.618,8.688,-4.639,6.127
46.2500,6,1.102,0.915,0.205,-3.757,6.885,5.357,9.175,7.489,3.971,-3.269,-5.033,6.617,8.688,-4.639,6.127
46.2600,6,1.106,0.919,0.206,-3.757,6.885,5.357,9.175,7.489,3.970,-3.269,-5.034,6.616,8.688,-4.639,6.126
46.2700,6,1.109,0.922,0.207,-3.757,6.884,5.356,9.175,7.488,3.969,-3.269,-5.034,6.615,8.688,-4.639,6.125
46.2800,6,1.113,0.926,0.208,-3.757,6.884,5.355,9.174,7.488,3.968,-3.269,-5.034,6.615,8.688,-4.639,6.124
46.2900,6,1.117,0.929,0.209,-3.757,6.884,5.354,9.174,7.487,3.966,-3.269,-5.034,6.614,8.688,-4.639,6.124
46.3000,6,1.120,0.933,0.210,-3.757,6.884,5.353,9.174,7.487,3.965,-3.269,-5.035,6.613,8.688,-4.639,6.123
46.3100,6,1.124,0.936,0.211,-3.757,6.884,5.352,9.174,7.487,3.964,-3.269,-5.035,6.612,8.688,-4.640,6.122
46.3200,6,1.128,0.940,0.211,-3.757,6.884,5.352,9.174,7.486,3.963,-3.269,-5.035,6.611,8.688,-4.640,6.121
46.3300,6,1.132,0.943,0.212,-3.757,6.884,5.351,9.173,7.486,3.962,-3.269,-5.036,6.610,8.688,-4.640,6.121
46.3400,6,1.136,0.947,0.213,-3.757,6.884,5.350,9.173,7.486,3.961,-3.269,-5.036,6.609,8.688,-4.640,6.120
46.3500,6,1.139,0.951,0.214,-3.757,6.883,5.349,9.173,7.485,3.960,-3.269,-5.036,6.609,8.688,-4.640,6.119
46.3600,6,1.143,0.954,0.215,-3.757,6.883,5.348,9.173,7.485,3.959,-3.269,-5.036,6.608,8.689,-4.640,6.118
46.3700,6,1.147,0.958,0.216,-3.756,6.883,5.347,9.172,7.484,3.957,-3.269,-5.037,6.607,8.689,-4.640,6.117
46.3800,6,1.151,0.961,0.217,-3.756,6.883,5.346,9.172,7.484,3.956,-3.269,-5.037,6.606,8.689,-4.640,6.117
46.3900,6,1.155,0.965,0.218,-3.756,6.883,5.346,9.172,7.484,3.955,-3.269,-5.037,6.605,8.689,-4.641,6.116
46.4000,6,1.159,0.968,0.219,-3.756,6.883,5.345,9.172,7.483,3.954,-3.269,-5.037,6.604,8.689,-4.641,6.115
46.4100,6,1.163,0.972,0.219,-3.756,6.883,5.344,9.172,7.483,3.953,-3.269,-5.038,6.603,8.689,-4.641,6.114
46.4200,6,1.168,0.975,0.220,-3.756,6.883,5.343,9.171,7.483,3.952,-3.269,-5.038,6.603,8.689,-4.641,6.114
46.4300,6,1.172,0.979,0.221,-3.756,6.882,5.342,9.171,7.482,3.951,-3.269,-5.038,6.602,8.689,-4.641,6.113
46.4400,6,1.176,0.982,0.222,-3.756,6.882,5.342,9.171,7.482,3.950,-3.269,-5.038,6.601,8.689,-4.641,6.112
46.4500,6,1.180,0.986,0.223,-3.756,6.882,5.341,9.171,7.482,3.949,-3.269,-5.039,6.600,8.689,-4.641,6.111
46.4600,6,1.184,0.989,0.223,-3.756,6.882,5.340,9.171,7.481,3.948,-3.269,-5.039,6.599,8.689,-4.641,6.111
46.4700,6,1.189,0.993,0.224,-3.756,6.882,5.339,9.171,7.481,3.947,-3.269,-5.039,6.598,8.689,-4.642,6.110
46.4800,6,1.193,0.996,0.225,-3.755,6.882,5.338,9.170,7.481,3.945,-3.269,-5.039,6.598,8.689,-4.642,6.109
46.4900,6,1.197,1.000,0.226,-3.755,6.882,5.337,9.170,7.480,3.944,-3.269,-5.040,6.597,8.689,-4.642,6.108
46.5000,6,1.202,1.003,0.227,-3.755,6.882,5.337,9.170,7.480,3.943,-3.269,-5.040,6.596,8.689,-4.642,6.108
46.5100,6,1.206,1.007,0.227,-3.755,6.882,5.336,9.170,7.480,3.942,-3.269,-5.040,6.595,8.690,-4.642,6.107
46.5200,6,1.210,1.010,0.228,-3.755,6.881,5.335,9.170,7.479,3.941,-3.269,-5.040,6.594,8.690,-4.642,6.106
46.5300,6,1.215,1.013,0.229,-3.755,6.881,5.334,9.170,7.479,3.940,-3.269,-5.041,6.594,8.690,-4.642,6.106
46.5400,6,1.219,1.017,0.229,-3.755,6.881,5.333,9.169,7.479,3.939,-3.269,-5.041,6.593,8.690,-4.642,6.105
46.5500,6,1.224,1.020,0.230,-3.755,6.881,5.333,9.169,7.478,3.938,-3.269,-5.041,6.592,8.690,-4.642,6.104
46.5600,6,1.228,1.024,0.231,-3.755,6.881,5.332,9.169,7.478,3.937,-3.269,-5.041,6.591,8.690,-4.643,6.103
46.5700,6,1.233,1.027,0.231,-3.755,6.881,5.331,9.169,7.478,3.936,-3.269,-5.041,6.590,8.690,-4.643,6.103
46.5800,6,1.237,1.031,0.232,-3.754,6.881,5.330,9.169,7.477,3.935,-3.269,-5.042,6.589,8.690,-4.643,6.102
46.5900,6,1.242,1.034,0.233,-3.754,6.881,5.329,9.169,7.477,3.934,-3.269,-5.042,6.589,8.690,-4.643,6.101
46.6000,6,1.246,1.037,0.233,-3.754,6.881,5.329,9.169,7.477,3.933,-3.269,-5.042,6.588,8.690,-4.643,6.101
46.6100,6,1.251,1.041,0.234,-3.754,6.880,5.328,9.168,7.477,3.932,-3.269,-5.042,6.587,8.690,-4.643,6.100
46.6200,6,1.255,1.044,0.235,-3.754,6.880,5.327,9.168,7.476,3.931,-3.269,-5.043,6.586,8.691,-4.643,6.099
46.6300,6,1.260,1.048,0.235,-3.754,6.880,5.326,9.168,7.476,3.930,-3.269,-5.043,6.585,8.691,-4.643,6.098
46.6400,6,1.265,1.051,0.236,-3.754,6.880,5.326,9.168,7.476,3.929,-3.269,-5.043,6.585,8.691,-4.643,6.098
46.6500,6,1.269,1.054,0.236,-3.754,6.880,5.325,9.168,7.475,3.928,-3.269,-5.043,6.584,8.691,-4.643,6.097
46.6600,6,1.274,1.058,0.237,-3.753,6.880,5.324,9.168,7.475,3.927,-3.269,-5.043,6.583,8.691,-4.643,6.096
46.6700,6,1.279,1.061,0.237,-3.753,6.880,5.323,9.168,7.475,3.926,-3.269,-5.044,6.582,8.691,-4.643,6.096
46.6800,6,1.284,1.064,0.238,-3.753,6.880,5.322,9.168,7.475,3.925,-3.269,-5.044,6.582,8.691,-4.644,6.095
46.6900,6,1.288,1.068,0.239,-3.753,6.880,5.322,9.168,7.474,3.924,-3.269,-5.044,6.581,8.691,-4.644,6.094
46.7000,6,1.293,1.071,0.239,-3.753,6.880,5.321,9.168,7.474,3.924,-3.269,-5.044,6.580,8.691,-4.644,6.094
46.7100,6,1.298,1.074,0.240,-3.753,6.880,5.320,9.167,7.474,3.923,-3.269,-5.044,6.579,8.692,-4.644,6.093
46.7200,6,1.303,1.078,0.240,-3.753,6.880,5.319,9.167,7.474,3.922,-3.269,-5.044,6.578,8.692,-4.644,6.092
46.7300,6,1.307,1.081,0.241,-3.752,6.879,5.319,9.167,7.473,3.921,-3.269,-5.045,6.578,8.692,-4.644,6.092
46.7400,6,1.312,1.084,0.241,-3.752,6.879,5.318,9.167,7.473,3.920,-3.269,-5.045,6.577,8.692,-4.644,6.091
46.7500,6,1.317,1.088,0.241,-3.752,6.879,5.317,9.167,7.473,3.919,-3.269,-5.045,6.576,8.692,-4.644,6.090
46.7600,6,1.322,1.091,0.242,-3.752,6.879,5.316,9.167,7.473,3.918,-3.269,-5.045,6.575,8.692,-4.644,6.090
46.7700,6,1.327,1.094,0.242,-3.752,6.879,5.316,9.167,7.473,3.917,-3.268,-5.045,6.575,8.692,-4.644,6.089
46.7800,6,1.332,1.097,0.243,-3.752,6.879,5.315,9.167,7.472,3.916,-3.268,-5.046,6.574,8.692,-4.644,6.088
46.7900,6,1.336,1.101,0.243,-3.752,6.879,5.314,9.167,7.472,3.915,-3.268,-5.046,6.573,8.693,-4.644,6.088
46.8000,6,1.341,1.104,0.244,-3.751,6.879,5.314,9.167,7.472,3.915,-3.268,-5.046,6.572,8.693,-4.644,6.087
46.8100,6,1.346,1.107,0.244,-3.751,6.879,5.313,9.167,7.472,3.914,-3.268,-5.046,6.572,8.693,-4.644,6.086
46.8200,6,1.351,1.110,0.244,-3.751,6.879,5.312,9.167,7.471,3.913,-3.268,-5.046,6.571,8.693,-4.644,6.086
46.8300,6,1.356,1.113,0.245,-3.751,6.879,5.311,9.167,7.471,3.912,-3.268,-5.046,6.570,8.693,-4.644,6.085
46.8400,6,1.361,1.116,0.245,-3.751,6.879,5.311,9.167,7.471,3.911,-3.268,-5.047,6.570,8.693,-4.645,6.085
46.8500,6,1.366,1.120,0.245,-3.751,6.879,5.310,9.167,7.471,3.910,-3.268,-5.047,6.569,8.694,-4.645,6.084
46.8600,6,1.371,1.123,0.246,-3.750,6.879,5.309,9.167,7.471,3.909,-3.268,-5.047,6.568,8.694,-4.645,6.083
46.8700,6,1.376,1.126,0.246,-3.750,6.879,5.309,9.167,7.470,3.909,-3.268,-5.047,6.567,8.694,-4.645,6.083
46.8800,6,1.381,1.129,0.246,-3.750,6.879,5.308,9.167,7.470,3.908,-3.267,-5.047,6.567,8.694,-4.645,6.082
46.8900,6,1.386,1.132,0.247,-3.750,6.878,5.307,9.167,7.470,3.907,-3.267,-5.047,6.566,8.694,-4.645,6.081
46.9000,6,1.390,1.135,0.247,-3.750,6.878,5.306,9.167,7.470,3.906,-3.267,-5.047,6.565,8.694,-4.645,6.081
46.9100,6,1.395,1.138,0.247,-3.750,6.878,5.306,9.167,7.470,3.905,-3.267,-5.048,6.565,8.695,-4.645,6.080
46.9200,6,1.400,1.141,0.247,-3.749,6.878,5.305,9.167,7.470,3.905,-3.267,-5.048,6.564,8.695,-4.645,6.080
46.9300,6,1.405,1.144,0.248,-3.749,6.878,5.304,9.167,7.469,3.904,-3.267,-5.048,6.563,8.695,-4.645,6.079
46.9400,6,1.410,1.147,0.248,-3.749,6.878,5.304,9.167,7.469,3.903,-3.267,-5.048,6.562,8.695,-4.645,6.078
46.9500,6,1.415,1.150,0.248,-3.749,6.878,5.303,9.167,7.469,3.902,-3.267,-5.048,6.562,8.695,-4.645,6.078
46.9600,6,1.420,1.153,0.248,-3.749,6.878,5.302,9.167,7.469,3.901,-3.267,-5.048,6.561,8.695,-4.645,6.077
46.9700,6,1.425,1.156,0.249,-3.749,6.878,5.302,9.167,7.469,3.901,-3.266,-5.048,6.560,8.696,-4.645,6.077
46.9800,6,1.430,1.159,0.249,-3.748,6.878,5.301,9.167,7.469,3.900,-3.266,-5.048,6.560,8.696,-4.645,6.076
46.9900,6,1.435,1.162,0.249,-3.748,6.878,5.300,9.167,7.469,3.899,-3.266,-5.048,6.559,8.696,-4.645,6.075
47.0000,6,1.440,1.165,0.249,-3.748,6.878,5.300,9.167,7.468,3.898,-3.266,-5.049,6.558,8.696,-4.645,6.075
47.0100,6,1.445,1.168,0.249,-3.748,6.878,5.299,9.167,7.468,3.898,-3.266,-5.049,6.558,8.696,-4.645,6.074
47.0200,6,1.450,1.171,0.249,-3.748,6.878,5.298,9.167,7.468,3.897,-3.266,-5.049,6.557,8.697,-4.645,6.074
47.0300,6,1.454,1.174,0.249,-3.747,6.878,5.298,9.168,7.468,3.896,-3.265,-5.049,6.556,8.697,-4.645,6.073
47.0400,6,1.459,1.177,0.250,-3.747,6.878,5.297,9.168,7.468,3.895,-3.265,-5.049,6.556,8.697,-4.645,6.073
47.0500,6,1.464,1.180,0.250,-3.747,6.878,5.297,9.168,7.468,3.895,-3.265,-5.049,6.555,8.697,-4.645,6.072
47.0600,6,1.469,1.182,0.250,-3.747,6.878,5.296,9.168,7.468,3.894,-3.265,-5.049,6.554,8.697,-4.645,6.072
47.0700,6,1.474,1.185,0.250,-3.746,6.878,5.295,9.168,7.468,3.893,-3.265,-5.049,6.554,8.698,-4.645,6.071
47.0800,6,1.479,1.188,0.250,-3.746,6.878,5.295,9.168,7.467,3.893,-3.265,-5.049,6.553,8.698,-4.645,6.070
47.0900,6,1.484,1.191,0.250,-3.746,6.878,5.294,9.168,7.467,3.892,-3.264,-5.049,6.553,8.698,-4.645,6.070
47.1000,6,1.488,1.193,0.250,-3.746,6.878,5.293,9.168,7.467,3.891,-3.264,-5.050,6.552,8.698,-4.645,6.069
47.1100,6,1.493,1.196,0.250,-3.746,6.878,5.293,9.168,7.467,3.891,-3.264,-5.050,6.551,8.699,-4.645,6.069
47.1200,6,1.498,1.199,0.250,-3.745,6.878,5.292,9.169,7.467,3.890,-3.264,-5.050,6.551,8.699,-4.645,6.068
47.1300,6,1.503,1.202,0.250,-3.745,6.878,5.292,9.169,7.467,3.889,-3.264,-5.050,6.550,8.699,-4.645,6.068
47.1400,6,1.508,1.204,0.250,-3.745,6.878,5.291,9.169,7.467,3.889,-3.264,-5.050,6.549,8.699,-4.645,6.067
47.1500,6,1.512,1.207,0.250,-3.745,6.878,5.290,9.169,7.467,3.888,-3.263,-5.050,6.549,8.700,-4.645,6.067
47.1600,6,1.517,1.210,0.250,-3.744,6.878,5.290,9.169,7.467,3.887,-3.263,-5.050,6.548,8.700,-4.645,6.066
47.1700,6,1.522,1.212,0.250,-3.744,6.878,5.289,9.169,7.467,3.887,-3.263,-5.050,6.548,8.700,-4.645,6.066
47.1800,6,1.527,1.215,0.250,-3.744,6.878,5.289,9.169,7.467,3.886,-3.263,-5.050,6.547,8.700,-4.645,6.065
47.1900,6,1.531,1.217,0.250,-3.744,6.878,5.288,9.170,7.467,3.886,-3.262,-5.050,6.547,8.701,-4.645,6.065
47.2000,6,1.536,1.220,0.250,-3.744,6.878,5.288,9.170,7.467,3.885,-3.262,-5.050,6.546,8.701,-4.645,6.064
47.2100,6,1.541,1.223,0.250,-3.743,6.878,5.287,9.170,7.467,3.884,-3.262,-5.050,6.545,8.701,-4.645,6.064
47.2200,6,1.545,1.225,0.249,-3.743,6.878,5.286,9.170,7.467,3.884,-3.262,-5.050,6.545,8.701,-4.645,6.063
47.2300,6,1.550,1.228,0.249,-3.743,6.878,5.286,9.170,7.467,3.883,-3.262,-5.050,6.544,8.702,-4.644,6.063
47.2400,6,1.555,1.230,0.249,-3.743,6.878,5.285,9.171,7.467,3.883,-3.261,-5.050,6.544,8.702,-4.644,6.062
47.2500,6,1.559,1.232,0.249,-3.742,6.878,5.285,9.171,7.467,3.882,-3.261,-5.050,6.543,8.702,-4.644,6.062
47.2600,6,1.564,1.235,0.249,-3.742,6.878,5.284,9.171,7.467,3.882,-3.261,-5.050,6.543,8.702,-4.644,6.062
47.2700,6,1.568,1.237,0.249,-3.742,6.878,5.284,9.171,7.467,3.881,-3.261,-5.050,6.542,8.703,-4.644,6.061
47.2800,6,1.573,1.240,0.249,-3.741,6.878,5.283,9.171,7.467,3.881,-3.260,-5.050,6.541,8.703,-4.644,6.061
47.2900,6,1.577,1.242,0.248,-3.741,6.878,5.283,9.172,7.467,3.880,-3.260,-5.050,6.541,8.703,-4.644,6.060
47.3000,6,1.582,1.244,0.248,-3.741,6.878,5.282,9.172,7.467,3.879,-3.260,-5.050,6.540,8.704,-4.644,6.060
47.3100,6,1.586,1.247,0.248,-3.741,6.878,5.282,9.172,7.467,3.879,-3.260,-5.050,6.540,8.704,-4.644,6.059
47.3200,6,1.591,1.249,0.248,-3.740,6.878,5.281,9.172,7.467,3.878,-3.259,-5.051,6.539,8.704,-4.644,6.059
47.3300,6,1.595,1.251,0.247,-3.740,6.878,5.281,9.173,7.467,3.878,-3.259,-5.051,6.539,8.704,-4.644,6.058
47.3400,6,1.599,1.254,0.247,-3.740,6.878,5.280,9.173,7.467,3.877,-3.259,-5.051,6.538,8.705,-4.644,6.058
47.3500,6,1.604,1.256,0.247,-3.740,6.878,5.280,9.173,7.467,3.877,-3.258,-5.051,6.538,8.705,-4.644,6.058
47.3600,6,1.608,1.258,0.247,-3.739,6.878,5.279,9.174,7.467,3.877,-3.258,-5.051,6.537,8.705,-4.644,6.057
47.3700,6,1.612,1.260,0.246,-3.739,6.878,5.279,9.174,7.467,3.876,-3.258,-5.051,6.537,8.706,-4.644,6.057
47.3800,6,1.617,1.262,0.246,-3.739,6.878,5.278,9.174,7.467,3.876,-3.258,-5.050,6.536,8.706,-4.643,6.056
47.3900,6,1.621,1.264,0.246,-3.738,6.878,5.278,9.174,7.467,3.875,-3.257,-5.050,6.536,8.706,-4.643,6.056
47.4000,6,1.625,1.266,0.245,-3.738,6.878,5.277,9.175,7.467,3.875,-3.257,-5.050,6.535,8.707,-4.643,6.056
47.4100,6,1.629,1.269,0.245,-3.738,6.879,5.277,9.175,7.467,3.874,-3.257,-5.050,6.535,8.707,-4.643,6.055
47.4200,6,1.633,1.271,0.245,-3.737,6.879,5.276,9.175,7.467,3.874,-3.256,-5.050,6.534,8.707,-4.643,6.055
47.4300,6,1.637,1.273,0.244,-3.737,6.879,5.276,9.176,7.467,3.873,-3.256,-5.050,6.534,8.708,-4.643,6.055
47.4400,6,1.641,1.275,0.244,-3.737,6.879,5.275,9.176,7.467,3.873,-3.256,-5.050,6.533,8.708,-4.643,6.054
47.4500,6,1.645,1.277,0.244,-3.737,6.879,5.275,9.176,7.467,3.873,-3.255,-5.050,6.533,8.708,-4.643,6.054
47.4600,6,1.649,1.279,0.243,-3.736,6.879,5.274,9.177,7.467,3.872,-3.255,-5.050,6.533,8.709,-4.643,6.053
47.4700,6,1.653,1.280,0.243,-3.736,6.879,5.274,9.177,7.467,3.872,-3.255,-5.050,6.532,8.709,-4.643,6.053
47.4800,6,1.657,1.282,0.242,-3.736,6.879,5.274,9.177,7.468,3.871,-3.254,-5.050,6.532,8.709,-4.642,6.053
47.4900,6,1.661,1.284,0.242,-3.735,6.879,5.273,9.178,7.468,3.871,-3.254,-5.050,6.531,8.710,-4.642,6.052
47.5000,6,1.665,1.286,0.241,-3.735,6.879,5.273,9.178,7.468,3.871,-3.254,-5.050,6.531,8.710,-4.642,6.052
47.5100,6,1.669,1.288,0.241,-3.735,6.879,5.272,9.178,7.468,3.870,-3.253,-5.050,6.530,8.710,-4.642,6.052
47.5200,6,1.672,1.290,0.240,-3.734,6.879,5.272,9.179,7.468,3.870,-3.253,-5.050,6.530,8.711,-4.642,6.051
47.5300,6,1.676,1.291,0.240,-3.734,6.879,5.272,9.179,7.468,3.870,-3.253,-5.050,6.530,8.711,-4.642,6.051
47.5400,6,1.680,1.293,0.239,-3.734,6.879,5.271,9.180,7.468,3.869,-3.252,-5.050,6.529,8.712,-4.642,6.051
47.5500,6,1.683,1.295,0.239,-3.733,6.880,5.271,9.180,7.468,3.869,-3.252,-5.050,6.529,8.712,-4.642,6.050
47.5600,6,1.687,1.297,0.238,-3.733,6.880,5.270,9.180,7.469,3.869,-3.251,-5.050,6.528,8.712,-4.641,6.050
47.5700,6,1.691,1.298,0.238,-3.733,6.880,5.270,9.181,7.469,3.868,-3.251,-5.050,6.528,8.713,-4.641,6.050
47.5800,6,1.694,1.300,0.237,-3.732,6.880,5.270,9.181,7.469,3.868,-3.251,-5.050,6.528,8.713,-4.641,6.049
47.5900,6,1.698,1.301,0.237,-3.732,6.880,5.269,9.182,7.469,3.868,-3.250,-5.049,6.527,8.713,-4.641,6.049
47.6000,6,1.701,1.303,0.236,-3.732,6.880,5.269,9.182,7.469,3.868,-3.250,-5.049,6.527,8.714,-4.641,6.049
47.6100,6,1.704,1.304,0.236,-3.731,6.880,5.269,9.183,7.469,3.867,-3.250,-5.049,6.526,8.714,-4.641,6.049
47.6200,6,1.708,1.306,0.235,-3.731,6.880,5.268,9.183,7.469,3.867,-3.249,-5.049,6.526,8.715,-4.641,6.048
47.6300,6,1.711,1.307,0.234,-3.730,6.880,5.268,9.183,7.470,3.867,-3.249,-5.049,6.526,8.715,-4.640,6.048
47.6400,6,1.714,1.309,0.234,-3.730,6.880,5.268,9.184,7.470,3.867,-3.248,-5.049,6.525,8.715,-4.640,6.048
47.6500,6,1.717,1.310,0.233,-3.730,6.881,5.267,9.184,7.470,3.866,-3.248,-5.049,6.525,8.716,-4.640,6.048
47.6600,6,1.721,1.312,0.233,-3.729,6.881,5.267,9.185,7.470,3.866,-3.247,-5.049,6.525,8.716,-4.640,6.047
47.6700,6,1.724,1.313,0.232,-3.729,6.881,5.267,9.185,7.470,3.866,-3.247,-5.049,6.524,8.717,-4.640,6.047
47.6800,6,1.727,1.314,0.231,-3.729,6.881,5.266,9.186,7.471,3.866,-3.247,-5.049,6.524,8.717,-4.640,6.047
47.6900,6,1.730,1.316,0.231,-3.728,6.881,5.266,9.186,7.471,3.866,-3.246,-5.048,6.524,8.718,-4.639,6.047
47.7000,6,1.733,1.317,0.230,-3.728,6.881,5.266,9.187,7.471,3.865,-3.246,-5.048,6.523,8.718,-4.639,6.046
47.7100,6,1.736,1.318,0.229,-3.727,6.881,5.265,9.187,7.471,3.865,-3.245,-5.048,6.523,8.718,-4.639,6.046
47.7200,6,1.738,1.319,0.229,-3.727,6.881,5.265,9.188,7.472,3.865,-3.245,-5.048,6.523,8.719,-4.639,6.046
47.7300,6,1.741,1.321,0.228,-3.727,6.881,5.265,9.188,7.472,3.865,-3.244,-5.048,6.522,8.719,-4.639,6.046
47.7400,6,1.744,1.322,0.227,-3.726,6.882,5.264,9.189,7.472,3.865,-3.244,-5.048,6.522,8.720,-4.638,6.045
47.7500,6,1.747,1.323,0.226,-3.726,6.882,5.264,9.190,7.472,3.865,-3.243,-5.048,6.522,8.720,-4.638,6.045
47.7600,6,1.749,1.324,0.226,-3.725,6.882,5.264,9.190,7.472,3.864,-3.243,-5.047,6.522,8.721,-4.638,6.045
47.7700,6,1.752,1.325,0.225,-3.725,6.882,5.264,9.191,7.473,3.864,-3.243,-5.047,6.521,8.721,-4.638,6.045
47.7800,6,1.754,1.326,0.224,-3.725,6.882,5.263,9.191,7.473,3.864,-3.242,-5.047,6.521,8.722,-4.638,6.045
47.7900,6,1.757,1.327,0.223,-3.724,6.882,5.263,9.192,7.473,3.864,-3.242,-5.047,6.521,8.722,-4.637,6.044
47.8000,6,1.759,1.328,0.223,-3.724,6.882,5.263,9.192,7.474,3.864,-3.241,-5.047,6.521,8.723,-4.637,6.044
47.8100,6,1.762,1.329,0.222,-3.723,6.883,5.263,9.193,7.474,3.864,-3.241,-5.047,6.520,8.723,-4.637,6.044
47.8200,6,1.764,1.330,0.221,-3.723,6.883,5.262,9.194,7.474,3.864,-3.240,-5.047,6.520,8.724,-4.637,6.044
47.8300,6,1.766,1.331,0.220,-3.722,6.883,5.262,9.194,7.474,3.864,-3.240,-5.046,6.520,8.724,-4.637,6.044
47.8400,6,1.768,1.331,0.219,-3.722,6.883,5.262,9.195,7.475,3.864,-3.239,-5.046,6.520,8.725,-4.636,6.044
47.8500,6,1.771,1.332,0.218,-3.722,6.883,5.262,9.195,7.475,3.864,-3.239,-5.046,6.519,8.725,-4.636,6.043
47.8600,6,1.773,1.333,0.218,-3.721,6.883,5.261,9.196,7.475,3.863,-3.238,-5.046,6.519,8.726,-4.636,6.043
47.8700,6,1.775,1.334,0.217,-3.721,6.883,5.261,9.197,7.476,3.863,-3.237,-5.046,6.519,8.726,-4.636,6.043
47.8800,6,1.777,1.334,0.216,-3.720,6.884,5.261,9.197,7.476,3.863,-3.237,-5.045,6.519,8.727,-4.635,6.043
47.8900,6,1.779,1.335,0.215,-3.720,6.884,5.261,9.198,7.476,3.863,-3.236,-5.045,6.518,8.727,-4.635,6.043
47.9000,6,1.780,1.336,0.214,-3.719,6.884,5.261,9.199,7.477,3.863,-3.236,-5.045,6.518,8.728,-4.635,6.043
47.9100,6,1.782,1.336,0.213,-3.719,6.884,5.260,9.199,7.477,3.863,-3.235,-5.045,6.518,8.728,-4.635,6.043
47.9200,6,1.784,1.337,0.212,-3.718,6.884,5.260,9.200,7.477,3.863,-3.235,-5.045,6.518,8.729,-4.634,6.043
47.9300,6,1.786,1.337,0.211,-3.718,6.885,5.260,9.201,7.478,3.863,-3.234,-5.044,6.518,8.729,-4.634,6.042
47.9400,6,1.787,1.338,0.210,-3.718,6.885,5.260,9.201,7.478,3.863,-3.234,-5.044,6.517,8.730,-4.634,6.042
47.9500,6,1.789,1.338,0.209,-3.717,6.885,5.260,9.202,7.478,3.863,-3.233,-5.044,6.517,8.730,-4.634,6.042
47.9600,6,1.790,1.339,0.208,-3.717,6.885,5.260,9.203,7.479,3.864,-3.233,-5.044,6.517,8.731,-4.633,6.042
47.9700,6,1.792,1.339,0.207,-3.716,6.885,5.259,9.203,7.479,3.864,-3.232,-5.044,6.517,8.731,-4.633,6.042
47.9800,6,1.793,1.339,0.206,-3.716,6.885,5.259,9.204,7.479,3.864,-3.231,-5.043,6.517,8.732,-4.633,6.042
47.9900,6,1.794,1.340,0.205,-3.715,6.886,5.259,9.205,7.480,3.864,-3.231,-5.043,6.517,8.732,-4.633,6.042
48.0000,6,1.796,1.340,0.204,-3.715,6.886,5.259,9.205,7.480,3.864,-3.230,-5.043,6.517,8.733,-4.632,6.042
48.0100,6,1.797,1.340,0.203,-3.714,6.886,5.259,9.206,7.481,3.864,-3.230,-5.043,6.516,8.733,-4.632,6.042
48.0200,6,1.798,1.340,0.202,-3.714,6.886,5.259,9.207,7.481,3.864,-3.229,-5.042,6.516,8.734,-4.632,6.042
48.0300,6,1.799,1.340,0.201,-3.713,6.886,5.259,9.208,7.481,3.864,-3.228,-5.042,6.516,8.735,-4.632,6.042
48.0400,6,1.800,1.341,0.200,-3.713,6.887,5.259,9.208,7.482,3.864,-3.228,-5.042,6.516,8.735,-4.631,6.042
48.0500,6,1.801,1.341,0.199,-3.712,6.887,5.259,9.209,7.482,3.864,-3.227,-5.042,6.516,8.736,-4.631,6.042
48.0600,6,1.802,1.341,0.198,-3.712,6.887,5.258,9.210,7.483,3.864,-3.227,-5.041,6.516,8.736,-4.631,6.042
48.0700,6,1.803,1.341,0.197,-3.711,6.887,5.258,9.211,7.483,3.865,-3.226,-5.041,6.516,8.737,-4.630,6.042
48.0800,6,1.803,1.341,0.196,-3.711,6.887,5.258,9.211,7.483,3.865,-3.225,-5.041,6.516,8.737,-4.630,6.042
48.0900,6,1.804,1.341,0.195,-3.710,6.888,5.258,9.212,7.484,3.865,-3.225,-5.041,6.516,8.738,-4.630,6.042
48.1000,6,1.805,1.341,0.194,-3.710,6.888,5.258,9.213,7.484,3.865,-3.224,-5.040,6.515,8.739,-4.630,6.041
48.1100,6,1.805,1.341,0.193,-3.709,6.888,5.258,9.214,7.485,3.865,-3.223,-5.040,6.515,8.739,-4.629,6.041
48.1200,6,1.806,1.340,0.192,-3.709,6.888,5.258,9.215,7.485,3.865,-3.223,-5.040,6.515,8.740,-4.629,6.041
48.1300,6,1.806,1.340,0.191,-3.708,6.889,5.258,9.216,7.486,3.866,-3.222,-5.039,6.515,8.740,-4.629,6.042
48.1400,6,1.806,1.340,0.189,-3.708,6.889,5.258,9.216,7.486,3.866,-3.221,-5.039,6.515,8.741,-4.628,6.042
48.1500,6,1.807,1.340,0.188,-3.707,6.889,5.258,9.217,7.487,3.866,-3.221,-5.039,6.515,8.742,-4.628,6.042
48.1600,6,1.807,1.339,0.187,-3.707,6.889,5.258,9.218,7.487,3.866,-3.220,-5.039,6.515,8.742,-4.628,6.042
48.1700,6,1.807,1.339,0.186,-3.706,6.889,5.258,9.219,7.487,3.867,-3.219,-5.038,6.515,8.743,-4.627,6.042
48.1800,6,1.807,1.339,0.185,-3.705,6.890,5.258,9.220,7.488,3.867,-3.219,-5.038,6.515,8.744,-4.627,6.042
48.1900,6,1.807,1.338,0.184,-3.705,6.890,5.258,9.221,7.488,3.867,-3.218,-5.038,6.515,8.744,-4.627,6.042
48.2000,6,1.807,1.338,0.182,-3.704,6.890,5.258,9.221,7.489,3.867,-3.217,-5.037,6.515,8.745,-4.626,6.042
48.2100,6,1.807,1.337,0.181,-3.704,6.890,5.258,9.222,7.489,3.868,-3.217,-5.037,6.515,8.745,-4.626,6.042
48.2200,6,1.807,1.337,0.180,-3.703,6.891,5.258,9.223,7.490,3.868,-3.216,-5.037,6.515,8.746,-4.626,6.042
48.2300,6,1.806,1.336,0.179,-3.703,6.891,5.258,9.224,7.490,3.868,-3.215,-5.036,6.515,8.747,-4.625,6.042
48.2400,6,1.806,1.336,0.178,-3.702,6.891,5.258,9.225,7.491,3.868,-3.215,-5.036,6.515,8.747,-4.625,6.042
48.2500,6,1.806,1.335,0.176,-3.702,6.891,5.258,9.226,7.492,3.869,-3.214,-5.036,6.515,8.748,-4.625,6.042
48.2600,6,1.805,1.334,0.175,-3.701,6.892,5.258,9.227,7.492,3.869,-3.213,-5.035,6.515,8.749,-4.624,6.042
48.2700,6,1.805,1.334,0.174,-3.700,6.892,5.258,9.228,7.493,3.869,-3.212,-5.035,6.515,8.749,-4.624,6.042
48.2800,6,1.804,1.333,0.173,-3.700,6.892,5.258,9.229,7.493,3.870,-3.212,-5.035,6.515,8.750,-4.624,6.042
48.2900,6,1.803,1.332,0.171,-3.699,6.893,5.258,9.230,7.494,3.870,-3.211,-5.034,6.515,8.751,-4.623,6.042
48.3000,6,1.803,1.331,0.170,-3.699,6.893,5.258,9.231,7.494,3.870,-3.210,-5.034,6.515,8.751,-4.623,6.042
48.3100,6,1.802,1.330,0.169,-3.698,6.893,5.258,9.232,7.495,3.871,-3.210,-5.034,6.515,8.752,-4.623,6.043
48.3200,6,1.801,1.329,0.167,-3.698,6.893,5.258,9.232,7.495,3.871,-3.209,-5.033,6.515,8.753,-4.622,6.043
48.3300,6,1.800,1.328,0.166,-3.697,6.894,5.258,9.233,7.496,3.872,-3.208,-5.033,6.515,8.753,-4.622,6.043
48.3400,6,1.799,1.327,0.165,-3.696,6.894,5.258,9.234,7.496,3.872,-3.207,-5.033,6.515,8.754,-4.621,6.043
48.3500,6,1.798,1.326,0.163,-3.696,6.894,5.258,9.235,7.497,3.872,-3.206,-5.032,6.516,8.755,-4.621,6.043
48.3600,6,1.797,1.325,0.162,-3.695,6.894,5.258,9.236,7.498,3.873,-3.206,-5.032,6.516,8.755,-4.621,6.043
48.3700,6,1.795,1.324,0.161,-3.695,6.895,5.258,9.237,7.498,3.873,-3.205,-5.031,6.516,8.756,-4.620,6.043
48.3800,6,1.794,1.323,0.159,-3.694,6.895,5.259,9.238,7.499,3.874,-3.204,-5.031,6.516,8.757,-4.620,6.043
48.3900,6,1.793,1.322,0.158,-3.693,6.895,5.259,9.239,7.499,3.874,-3.203,-5.031,6.516,8.758,-4.620,6.044
48.4000,6,1.791,1.321,0.157,-3.693,6.896,5.259,9.240,7.500,3.875,-3.203,-5.030,6.516,8.758,-4.619,6.044
48.4100,6,1.790,1.319,0.155,-3.692,6.896,5.259,9.241,7.501,3.875,-3.202,-5.030,6.516,8.759,-4.619,6.044
48.4200,6,1.788,1.318,0.154,-3.692,6.896,5.259,9.242,7.501,3.875,-3.201,-5.029,6.516,8.760,-4.618,6.044
48.4300,6,1.786,1.317,0.153,-3.691,6.896,5.259,9.243,7.502,3.876,-3.200,-5.029,6.516,8.760,-4.618,6.044
48.4400,6,1.785,1.315,0.151,-3.690,6.897,5.259,9.245,7.502,3.876,-3.199,-5.029,6.516,8.761,-4.618,6.044
48.4500,6,1.783,1.314,0.150,-3.690,6.897,5.259,9.246,7.503,3.877,-3.199,-5.028,6.517,8.762,-4.617,6.045
48.4600,6,1.781,1.313,0.148,-3.689,6.897,5.260,9.247,7.504,3.877,-3.198,-5.028,6.517,8.763,-4.617,6.045
48.4700,6,1.779,1.311,0.147,-3.688,6.898,5.260,9.248,7.504,3.878,-3.197,-5.027,6.517,8.763,-4.616,6.045
48.4800,6,1.777,1.310,0.146,-3.688,6.898,5.260,9.249,7.505,3.878,-3.196,-5.027,6.517,8.764,-4.616,6.045
48.4900,6,1.775,1.308,0.144,-3.687,6.898,5.260,9.250,7.506,3.879,-3.195,-5.027,6.517,8.765,-4.616,6.045
48.5000,6,1.773,1.306,0.143,-3.686,6.899,5.260,9.251,7.506,3.880,-3.194,-5.026,6.517,8.766,-4.615,6.046
48.5100,6,1.770,1.305,0.141,-3.686,6.899,5.260,9.252,7.507,3.880,-3.194,-5.026,6.518,8.766,-4.615,6.046
48.5200,6,1.768,1.303,0.140,-3.685,6.899,5.261,9.253,7.508,3.881,-3.193,-5.025,6.518,8.767,-4.614,6.046
48.5300,6,1.766,1.301,0.138,-3.685,6.900,5.261,9.254,7.508,3.881,-3.192,-5.025,6.518,8.768,-4.614,6.046
48.5400,6,1.763,1.300,0.137,-3.684,6.900,5.261,9.255,7.509,3.882,-3.191,-5.025,6.518,8.769,-4.613,6.047
48.5500,6,1.761,1.298,0.135,-3.683,6.900,5.261,9.256,7.510,3.882,-3.190,-5.024,6.518,8.769,-4.613,6.047
48.5600,6,1.758,1.296,0.134,-3.683,6.901,5.261,9.258,7.510,3.883,-3.189,-5.024,6.518,8.770,-4.613,6.047
48.5700,6,1.756,1.294,0.132,-3.682,6.901,5.262,9.259,7.511,3.884,-3.189,-5.023,6.519,8.771,-4.612,6.047
48.5800,6,1.753,1.292,0.131,-3.681,6.901,5.262,9.260,7.512,3.884,-3.188,-5.023,6.519,8.772,-4.612,6.048
48.5900,6,1.750,1.290,0.130,-3.681,6.902,5.262,9.261,7.512,3.885,-3.187,-5.022,6.519,8.773,-4.611,6.048
48.6000,6,1.747,1.288,0.128,-3.680,6.902,5.262,9.262,7.513,3.885,-3.186,-5.022,6.519,8.773,-4.611,6.048
48.6100,6,1.744,1.286,0.126,-3.679,6.902,5.263,9.263,7.514,3.886,-3.185,-5.021,6.520,8.774,-4.610,6.048
48.6200,6,1.741,1.284,0.125,-3.679,6.903,5.263,9.264,7.514,3.887,-3.184,-5.021,6.520,8.775,-4.610,6.049
48.6300,6,1.738,1.282,0.123,-3.678,6.903,5.263,9.266,7.515,3.887,-3.183,-5.020,6.520,8.776,-4.609,6.049
48.6400,6,1.735,1.280,0.122,-3.677,6.903,5.263,9.267,7.516,3.888,-3.182,-5.020,6.520,8.777,-4.609,6.049
48.6500,6,1.732,1.277,0.120,-3.676,6.904,5.264,9.268,7.517,3.889,-3.181,-5.019,6.521,8.777,-4.609,6.050
48.6600,6,1.729,1.275,0.119,-3.676,6.904,5.264,9.269,7.517,3.889,-3.181,-5.019,6.521,8.778,-4.608,6.050
48.6700,6,1.725,1.273,0.117,-3.675,6.904,5.264,9.270,7.518,3.890,-3.180,-5.019,6.521,8.779,-4.608,6.050
48.6800,6,1.722,1.271,0.116,-3.674,6.905,5.264,9.272,7.519,3.891,-3.179,-5.018,6.521,8.780,-4.607,6.050
48.6900,6,1.719,1.268,0.114,-3.674,6.905,5.265,9.273,7.520,3.892,-3.178,-5.018,6.522,8.781,-4.607,6.051
48.7000,6,1.715,1.266,0.113,-3.673,6.905,5.265,9.274,7.520,3.892,-3.177,-5.017,6.522,8.781,-4.606,6.051
48.7100,6,1.711,1.263,0.111,-3.672,6.906,5.265,9.275,7.521,3.893,-3.176,-5.017,6.522,8.782,-4.606,6.051
48.7200,6,1.708,1.261,0.110,-3.672,6.906,5.266,9.276,7.522,3.894,-3.175,-5.016,6.523,8.783,-4.605,6.052
48.7300,6,1.704,1.258,0.108,-3.671,6.906,5.266,9.278,7.523,3.894,-3.174,-5.016,6.523,8.784,-4.605,6.052
48.7400,6,1.700,1.256,0.106,-3.670,6.907,5.266,9.279,7.523,3.895,-3.173,-5.015,6.523,8.785,-4.604,6.052
48.7500,6,1.696,1.253,0.105,-3.669,6.907,5.266,9.280,7.524,3.896,-3.172,-5.015,6.523,8.786,-4.604,6.053
48.7600,6,1.692,1.251,0.103,-3.669,6.908,5.267,9.281,7.525,3.897,-3.171,-5.014,6.524,8.787,-4.603,6.053
48.7700,6,1.688,1.248,0.102,-3.668,6.908,5.267,9.283,7.526,3.898,-3.170,-5.014,6.524,8.787,-4.603,6.053
48.7800,6,1.684,1.245,0.100,-3.667,6.908,5.267,9.284,7.527,3.898,-3.169,-5.013,6.524,8.788,-4.602,6.054
48.7900,6,1.680,1.242,0.098,-3.667,6.909,5.268,9.285,7.527,3.899,-3.168,-5.013,6.525,8.789,-4.602,6.054
48.8000,6,1.676,1.240,0.097,-3.666,6.909,5.268,9.286,7.528,3.900,-3.167,-5.012,6.525,8.790,-4.601,6.055
48.8100,6,1.672,1.237,0.095,-3.665,6.909,5.268,9.288,7.529,3.901,-3.166,-5.011,6.525,8.791,-4.601,6.055
48.8200,6,1.668,1.234,0.094,-3.664,6.910,5.269,9.289,7.530,3.902,-3.165,-5.011,6.526,8.792,-4.600,6.055
48.8300,6,1.663,1.231,0.092,-3.664,6.910,5.269,9.290,7.531,3.902,-3.164,-5.010,6.526,8.793,-4.600,6.056
48.8400,6,1.659,1.228,0.090,-3.663,6.911,5.270,9.292,7.531,3.903,-3.163,-5.010,6.527,8.793,-4.599,6.056
48.8500,6,1.654,1.225,0.089,-3.662,6.911,5.270,9.293,7.532,3.904,-3.162,-5.009,6.527,8.794,-4.599,6.056
48.8600,6,1.650,1.222,0.087,-3.661,6.911,5.270,9.294,7.533,3.905,-3.161,-5.009,6.527,8.795,-4.598,6.057
48.8700,6,1.645,1.219,0.085,-3.661,6.912,5.271,9.296,7.534,3.906,-3.160,-5.008,6.528,8.796,-4.598,6.057
48.8800,6,1.640,1.216,0.084,-3.660,6.912,5.271,9.297,7.535,3.907,-3.159,-5.008,6.528,8.797,-4.597,6.058
48.8900,6,1.636,1.213,0.082,-3.659,6.913,5.271,9.298,7.535,3.908,-3.158,-5.007,6.528,8.798,-4.597,6.058
48.9000,6,1.631,1.210,0.080,-3.658,6.913,5.272,9.300,7.536,3.908,-3.157,-5.007,6.529,8.799,-4.596,6.059
48.9100,6,1.626,1.206,0.079,-3.658,6.913,5.272,9.301,7.537,3.909,-3.156,-5.006,6.529,8.800,-4.596,6.059
48.9200,6,1.621,1.203,0.077,-3.657,6.914,5.273,9.302,7.538,3.910,-3.155,-5.006,6.530,8.801,-4.595,6.059
48.9300,6,1.616,1.200,0.075,-3.656,6.914,5.273,9.304,7.539,3.911,-3.154,-5.005,6.530,8.801,-4.595,6.060
48.9400,6,1.611,1.196,0.074,-3.655,6.915,5.274,9.305,7.540,3.912,-3.153,-5.004,6.531,8.802,-4.594,6.060
48.9500,6,1.606,1.193,0.072,-3.654,6.915,5.274,9.306,7.541,3.913,-3.152,-5.004,6.531,8.803,-4.594,6.061
48.9600,6,1.601,1.190,0.070,-3.654,6.915,5.274,9.308,7.541,3.914,-3.151,-5.003,6.531,8.804,-4.593,6.061
48.9700,6,1.596,1.186,0.069,-3.653,6.916,5.275,9.309,7.542,3.915,-3.150,-5.003,6.532,8.805,-4.592,6.062
48.9800,6,1.590,1.183,0.067,-3.652,6.916,5.275,9.310,7.543,3.916,-3.149,-5.002,6.532,8.806,-4.592,6.062
48.9900,6,1.585,1.179,0.065,-3.651,6.917,5.276,9.312,7.544,3.917,-3.148,-5.002,6.533,8.807,-4.591,6.063
49.0000,6,1.580,1.176,0.064,-3.651,6.917,5.276,9.313,7.545,3.918,-3.147,-5.001,6.533,8.808,-4.591,6.063
49.0100,6,1.574,1.172,0.062,-3.650,6.918,5.277,9.315,7.546,3.919,-3.146,-5.000,6.534,8.809,-4.590,6.064
49.0200,6,1.569,1.168,0.060,-3.649,6.918,5.277,9.316,7.547,3.920,-3.145,-5.000,6.534,8.810,-4.590,6.064
49.0300,6,1.563,1.165,0.059,-3.648,6.918,5.278,9.317,7.548,3.921,-3.144,-4.999,6.535,8.811,-4.589,6.064
49.0400,6,1.557,1.161,0.057,-3.647,6.919,5.278,9.319,7.548,3.922,-3.143,-4.999,6.535,8.812,-4.589,6.065
49.0500,6,1.552,1.157,0.055,-3.647,6.919,5.279,9.320,7.549,3.923,-3.142,-4.998,6.536,8.812,-4.588,6.065
49.0600,6,1.546,1.153,0.053,-3.646,6.920,5.279,9.322,7.550,3.924,-3.141,-4.997,6.536,8.813,-4.588,6.066
49.0700,6,1.540,1.150,0.052,-3.645,6.920,5.280,9.323,7.551,3.925,-3.140,-4.997,6.536,8.814,-4.587,6.066
49.0800,6,1.534,1.146,0.050,-3.644,6.921,5.280,9.324,7.552,3.926,-3.139,-4.996,6.537,8.815,-4.586,6.067
49.0900,6,1.529,1.142,0.048,-3.643,6.921,5.281,9.326,7.553,3.927,-3.138,-4.996,6.537,8.816,-4.586,6.067
49.1000,6,1.523,1.138,0.047,-3.643,6.921,5.281,9.327,7.554,3.928,-3.137,-4.995,6.538,8.817,-4.585,6.068
49.1100,6,1.517,1.134,0.045,-3.642,6.922,5.282,9.329,7.555,3.929,-3.136,-4.994,6.539,8.818,-4.585,6.068
49.1200,6,1.511,1.130,0.043,-3.641,6.922,5.282,9.330,7.556,3.930,-3.134,-4.994,6.539,8.819,-4.584,6.069
49.1300,6,1.504,1.126,0.041,-3.640,6.923,5.283,9.332,7.557,3.931,-3.133,-4.993,6.540,8.820,-4.584,6.070
49.1400,6,1.498,1.122,0.040,-3.639,6.923,5.283,9.333,7.558,3.932,-3.132,-4.993,6.540,8.821,-4.583,6.070
49.1500,6,1.492,1.117,0.038,-3.639,6.924,5.284,9.335,7.558,3.934,-3.131,-4.992,6.541,8.822,-4.582,6.071
49.1600,6,1.486,1.113,0.036,-3.638,6.924,5.284,9.336,7.559,3.935,-3.130,-4.991,6.541,8.823,-4.582,6.071
49.1700,6,1.480,1.109,0.035,-3.637,6.924,5.285,9.337,7.560,3.936,-3.129,-4.991,6.542,8.824,-4.581,6.072
49.1800,6,1.473,1.105,0.033,-3.636,6.925,5.285,9.339,7.561,3.937,-3.128,-4.990,6.542,8.825,-4.581,6.072
49.1900,6,1.467,1.101,0.031,-3.635,6.925,5.286,9.340,7.562,3.938,-3.127,-4.989,6.543,8.826,-4.580,6.073
49.2000,6,1.461,1.096,0.029,-3.634,6.926,5.286,9.342,7.563,3.939,-3.126,-4.989,6.543,8.827,-4.580,6.073
49.2100,6,1.454,1.092,0.028,-3.634,6.926,5.287,9.343,7.564,3.940,-3.125,-4.988,6.544,8.828,-4.579,6.074
49.2200,6,1.448,1.088,0.026,-3.633,6.927,5.287,9.345,7.565,3.941,-3.123,-4.988,6.544,8.829,-4.578,6.074
49.2300,6,1.441,1.083,0.024,-3.632,6.927,5.288,9.346,7.566,3.943,-3.122,-4.987,6.545,8.830,-4.578,6.075
49.2400,6,1.434,1.079,0.022,-3.631,6.928,5.289,9.348,7.567,3.944,-3.121,-4.986,6.546,8.831,-4.577,6.076
49.2500,6,1.428,1.074,0.021,-3.630,6.928,5.289,9.349,7.568,3.945,-3.120,-4.986,6.546,8.832,-4.577,6.076
49.2600,6,1.421,1.070,0.019,-3.629,6.929,5.290,9.351,7.569,3.946,-3.119,-4.985,6.547,8.833,-4.576,6.077
49.2700,6,1.414,1.065,0.017,-3.629,6.929,5.290,9.352,7.570,3.947,-3.118,-4.984,6.547,8.834,-4.575,6.077
49.2800,6,1.408,1.060,0.015,-3.628,6.930,5.291,9.354,7.571,3.949,-3.117,-4.984,6.548,8.835,-4.575,6.078
49.2900,6,1.401,1.056,0.014,-3.627,6.930,5.292,9.355,7.572,3.950,-3.116,-4.983,6.549,8.836,-4.574,6.079
49.3000,6,1.394,1.051,0.012,-3.626,6.930,5.292,9.357,7.573,3.951,-3.114,-4.982,6.549,8.837,-4.574,6.079
49.3100,6,1.387,1.046,0.010,-3.625,6.931,5.293,9.358,7.574,3.952,-3.113,-4.982,6.550,8.838,-4.573,6.080
49.3200,6,1.380,1.042,0.008,-3.624,6.931,5.293,9.360,7.575,3.953,-3.112,-4.981,6.550,8.839,-4.572,6.080
49.3300,6,1.373,1.037,0.007,-3.624,6.932,5.294,9.361,7.576,3.955,-3.111,-4.980,6.551,8.840,-4.572,6.081
49.3400,6,1.366,1.032,0.005,-3.623,6.932,5.295,9.363,7.577,3.956,-3.110,-4.980,6.552,8.841,-4.571,6.082
49.3500,6,1.359,1.027,0.003,-3.622,6.933,5.295,9.365,7.578,3.957,-3.109,-4.979,6.552,8.842,-4.570,6.082
49.3600,6,1.352,1.022,0.001,-3.621,6.933,5.296,9.366,7.579,3.958,-3.108,-4.979,6.553,8.843,-4.570,6.083
49.3700,6,1.345,1.017,-0.000,-3.620,6.934,5.296,9.368,7.580,3.960,-3.106,-4.978,6.553,8.844,-4.569,6.083
49.3800,6,1.338,1.012,-0.002,-3.619,6.934,5.297,9.369,7.581,3.961,-3.105,-4.977,6.554,8.845,-4.569,6.084
49.3900,6,1.330,1.008,-0.004,-3.618,6.935,5.298,9.371,7.582,3.962,-3.104,-4.977,6.555,8.846,-4.568,6.085
49.4000,6,1.323,1.002,-0.006,-3.618,6.935,5.298,9.372,7.583,3.963,-3.103,-4.976,6.555,8.847,-4.567,6.085
49.4100,6,1.316,0.997,-0.007,-3.617,6.936,5.299,9.374,7.584,3.965,-3.102,-4.975,6.556,8.848,-4.567,6.086
49.4200,6,1.309,0.992,-0.009,-3.616,6.936,5.300,9.375,7.585,3.966,-3.101,-4.974,6.557,8.849,-4.566,6.087
49.4300,6,1.301,0.987,-0.011,-3.615,6.937,5.300,9.377,7.586,3.967,-3.099,-4.974,6.557,8.850,-4.566,6.087
49.4400,6,1.294,0.982,-0.013,-3.614,6.937,5.301,9.379,7.587,3.969,-3.098,-4.973,6.558,8.851,-4.565,6.088
49.4500,6,1.287,0.977,-0.014,-3.613,6.938,5.302,9.380,7.588,3.970,-3.097,-4.972,6.559,8.852,-4.564,6.089
49.4600,6,1.279,0.972,-0.016,-3.612,6.938,5.302,9.382,7.589,3.971,-3.096,-4.972,6.559,8.853,-4.564,6.089
49.4700,6,1.272,0.966,-0.018,-3.611,6.939,5.303,9.383,7.590,3.973,-3.095,-4.971,6.560,8.854,-4.563,6.090
49.4800,6,1.264,0.961,-0.020,-3.611,6.939,5.304,9.385,7.591,3.974,-3.094,-4.970,6.561,8.855,-4.562,6.091
49.4900,6,1.257,0.956,-0.021,-3.610,6.940,5.304,9.386,7.592,3.975,-3.092,-4.970,6.561,8.856,-4.562,6.091
49.5000,6,1.249,0.951,-0.023,-3.609,6.940,5.305,9.388,7.593,3.977,-3.091,-4.969,6.562,8.857,-4.561,6.092
49.5100,6,1.242,0.945,-0.025,-3.608,6.941,5.306,9.390,7.594,3.978,-3.090,-4.968,6.563,8.858,-4.560,6.093
49.5200,6,1.234,0.940,-0.027,-3.607,6.941,5.306,9.391,7.595,3.979,-3.089,-4.968,6.563,8.859,-4.560,6.093
49.5300,6,1.227,0.934,-0.028,-3.606,6.942,5.307,9.393,7.596,3.981,-3.088,-4.967,6.564,8.860,-4.559,6.094
49.5400,6,1.219,0.929,-0.030,-3.605,6.942,5.308,9.394,7.597,3.982,-3.086,-4.966,6.565,8.861,-4.559,6.095
49.5500,6,1.211,0.923,-0.032,-3.604,6.943,5.308,9.396,7.598,3.983,-3.085,-4.966,6.566,8.862,-4.558,6.095
49.5600,6,1.204,0.918,-0.034,-3.604,6.943,5.309,9.398,7.599,3.985,-3.084,-4.965,6.566,8.863,-4.557,6.096
49.5700,6,1.196,0.912,-0.035,-3.603,6.944,5.310,9.399,7.600,3.986,-3.083,-4.964,6.567,8.865,-4.557,6.097
49.5800,6,1.188,0.907,-0.037,-3.602,6.944,5.311,9.401,7.601,3.988,-3.082,-4.963,6.568,8.866,-4.556,6.097
49.5900,6,1.180,0.901,-0.039,-3.601,6.945,5.311,9.402,7.602,3.989,-3.080,-4.963,6.568,8.867,-4.555,6.098
49.6000,6,1.173,0.895,-0.040,-3.600,6.945,5.312,9.404,7.603,3.990,-3.079,-4.962,6.569,8.868,-4.555,6.099
49.6100,6,1.165,0.890,-0.042,-3.599,6.946,5.313,9.406,7.605,3.992,-3.078,-4.961,6.570,8.869,-4.554,6.099
49.6200,6,1.157,0.884,-0.044,-3.598,6.946,5.313,9.407,7.606,3.993,-3.077,-4.961,6.571,8.870,-4.553,6.100
49.6300,6,1.149,0.878,-0.046,-3.597,6.947,5.314,9.409,7.607,3.995,-3.076,-4.960,6.571,8.871,-4.553,6.101
49.6400,6,1.141,0.873,-0.047,-3.596,6.947,5.315,9.411,7.608,3.996,-3.074,-4.959,6.572,8.872,-4.552,6.102
49.6500,6,1.134,0.867,-0.049,-3.596,6.948,5.316,9.412,7.609,3.997,-3.073,-4.959,6.573,8.873,-4.551,6.102
49.6600,6,1.126,0.861,-0.051,-3.595,6.948,5.316,9.414,7.610,3.999,-3.072,-4.958,6.574,8.874,-4.551,6.103
49.6700,6,1.118,0.855,-0.052,-3.594,6.949,5.317,9.415,7.611,4.000,-3.071,-4.957,6.574,8.875,-4.550,6.104
49.6800,6,1.110,0.849,-0.054,-3.593,6.949,5.318,9.417,7.612,4.002,-3.069,-4.956,6.575,8.876,-4.549,6.104
49.6900,6,1.102,0.843,-0.056,-3.592,6.950,5.319,9.419,7.613,4.003,-3.068,-4.956,6.576,8.877,-4.549,6.105
49.7000,6,1.094,0.837,-0.058,-3.591,6.950,5.319,9.420,7.614,4.005,-3.067,-4.955,6.577,8.878,-4.548,6.106
49.7100,6,1.086,0.831,-0.059,-3.590,6.951,5.320,9.422,7.615,4.006,-3.066,-4.954,6.577,8.879,-4.547,6.107
49.7200,6,1.078,0.825,-0.061,-3.589,6.951,5.321,9.424,7.616,4.008,-3.065,-4.954,6.578,8.881,-4.547,6.107
49.7300,6,1.070,0.819,-0.063,-3.588,6.952,5.322,9.425,7.617,4.009,-3.063,-4.953,6.579,8.882,-4.546,6.108
49.7400,6,1.062,0.813,-0.064,-3.587,6.952,5.322,9.427,7.618,4.011,-3.062,-4.952,6.580,8.883,-4.546,6.109
49.7500,6,1.054,0.807,-0.066,-3.586,6.953,5.323,9.429,7.620,4.012,-3.061,-4.951,6.580,8.884,-4.545,6.110
49.7600,6,1.046,0.801,-0.068,-3.586,6.953,5.324,9.430,7.621,4.014,-3.060,-4.951,6.581,8.885,-4.544,6.110
49.7700,6,1.038,0.795,-0.069,-3.585,6.954,5.325,9.432,7.622,4.015,-3.058,-4.950,6.582,8.886,-4.544,6.111
49.7800,6,1.030,0.789,-0.071,-3.584,6.954,5.326,9.434,7.623,4.017,-3.057,-4.949,6.583,8.887,-4.543,6.112
49.7900,6,1.022,0.783,-0.073,-3.583,6.955,5.326,9.435,7.624,4.018,-3.056,-4.948,6.584,8.888,-4.542,6.113
49.8000,6,1.014,0.776,-0.074,-3.582,6.955,5.327,9.437,7.625,4.020,-3.055,-4.948,6.584,8.889,-4.542,6.113
49.8100,6,1.006,0.770,-0.076,-3.581,6.956,5.328,9.438,7.626,4.021,-3.053,-4.947,6.585,8.890,-4.541,6.114
49.8200,6,0.998,0.764,-0.078,-3.580,6.956,5.329,9.440,7.627,4.023,-3.052,-4.946,6.586,8.891,-4.540,6.115
49.8300,6,0.990,0.758,-0.079,-3.579,6.957,5.329,9.442,7.628,4.024,-3.051,-4.946,6.587,8.892,-4.540,6.116
49.8400,6,0.982,0.751,-0.081,-3.578,6.957,5.330,9.443,7.629,4.026,-3.050,-4.945,6.588,8.893,-4.539,6.116
49.8500,6,0.974,0.745,-0.083,-3.577,6.958,5.331,9.445,7.630,4.027,-3.049,-4.944,6.588,8.895,-4.538,6.117
49.8600,6,0.966,0.739,-0.084,-3.576,6.958,5.332,9.447,7.631,4.029,-3.047,-4.943,6.589,8.896,-4.537,6.118
49.8700,6,0.958,0.732,-0.086,-3.576,6.959,5.333,9.448,7.633,4.030,-3.046,-4.943,6.590,8.897,-4.537,6.119
49.8800,6,0.950,0.726,-0.088,-3.575,6.959,5.333,9.450,7.634,4.032,-3.045,-4.942,6.591,8.898,-4.536,6.119
49.8900,6,0.942,0.719,-0.089,-3.574,6.960,5.334,9.452,7.635,4.033,-3.044,-4.941,6.592,8.899,-4.535,6.120
49.9000,6,0.934,0.713,-0.091,-3.573,6.960,5.335,9.454,7.636,4.035,-3.042,-4.940,6.592,8.900,-4.535,6.121
49.9100,6,0.926,0.707,-0.093,-3.572,6.961,5.336,9.455,7.637,4.037,-3.041,-4.940,6.593,8.901,-4.534,6.122
49.9200,6,0.918,0.700,-0.094,-3.571,6.962,5.337,9.457,7.638,4.038,-3.040,-4.939,6.594,8.902,-4.533,6.123
49.9300,6,0.910,0.694,-0.096,-3.570,6.962,5.337,9.459,7.639,4.040,-3.039,-4.938,6.595,8.903,-4.533,6.123
49.9400,6,0.902,0.687,-0.097,-3.569,6.963,5.338,9.460,7.640,4.041,-3.037,-4.937,6.596,8.904,-4.532,6.124
49.9500,6,0.894,0.680,-0.099,-3.568,6.963,5.339,9.462,7.641,4.043,-3.036,-4.937,6.596,8.905,-4.531,6.125
49.9600,6,0.886,0.674,-0.101,-3.567,6.964,5.340,9.464,7.643,4.045,-3.035,-4.936,6.597,8.907,-4.531,6.126
49.9700,6,0.878,0.667,-0.102,-3.566,6.964,5.341,9.465,7.644,4.046,-3.034,-4.935,6.598,8.908,-4.530,6.126
49.9800,6,0.870,0.661,-0.104,-3.565,6.965,5.342,9.467,7.645,4.048,-3.032,-4.934,6.599,8.909,-4.529,6.127
49.9900,6,0.862,0.654,-0.105,-3.564,6.965,5.342,9.469,7.646,4.049,-3.031,-4.934,6.600,8.910,-4.529,6.128
50.0000,6,0.854,0.647,-0.107,-3.563,6.966,5.343,9.470,7.647,4.051,-3.030,-4.933,6.601,8.911,-4.528,6.129
50.0100,6,0.846,0.641,-0.109,-3.563,6.966,5.344,9.472,7.648,4.052,-3.028,-4.932,6.602,8.912,-4.527,6.130
50.0200,6,0.838,0.634,-0.110,-3.562,6.967,5.345,9.474,7.649,4.054,-3.027,-4.931,6.602,8.913,-4.527,6.130
50.0300,6,0.830,0.627,-0.112,-3.561,6.967,5.346,9.475,7.650,4.056,-3.026,-4.931,6.603,8.914,-4.526,6.131
50.0400,6,0.822,0.620,-0.113,-3.560,6.968,5.347,9.477,7.651,4.057,-3.025,-4.930,6.604,8.915,-4.525,6.132
50.0500,6,0.814,0.614,-0.115,-3.559,6.968,5.347,9.479,7.653,4.059,-3.023,-4.929,6.605,8.917,-4.525,6.133
50.0600,6,0.806,0.607,-0.116,-3.558,6.969,5.348,9.480,7.654,4.061,-3.022,-4.928,6.606,8.918,-4.524,6.134
50.0700,6,0.798,0.600,-0.118,-3.557,6.970,5.349,9.482,7.655,4.062,-3.021,-4.928,6.607,8.919,-4.523,6.134
50.0800,6,0.790,0.593,-0.120,-3.556,6.970,5.350,9.484,7.656,4.064,-3.020,-4.927,6.607,8.920,-4.523,6.135
50.0900,6,0.782,0.586,-0.121,-3.555,6.971,5.351,9.486,7.657,4.065,-3.018,-4.926,6.608,8.921,-4.522,6.136
50.1000,6,0.774,0.580,-0.123,-3.554,6.971,5.352,9.487,7.658,4.067,-3.017,-4.925,6.609,8.922,-4.521,6.137
50.1100,6,0.766,0.573,-0.124,-3.553,6.972,5.352,9.489,7.659,4.069,-3.016,-4.925,6.610,8.923,-4.520,6.138
50.1200,6,0.758,0.566,-0.126,-3.552,6.972,5.353,9.491,7.660,4.070,-3.015,-4.924,6.611,8.924,-4.520,6.138
50.1300,6,0.751,0.559,-0.127,-3.551,6.973,5.354,9.492,7.661,4.072,-3.013,-4.923,6.612,8.925,-4.519,6.139
50.1400,6,0.743,0.552,-0.129,-3.550,6.973,5.355,9.494,7.663,4.074,-3.012,-4.922,6.613,8.926,-4.518,6.140
50.1500,6,0.735,0.545,-0.130,-3.549,6.974,5.356,9.496,7.664,4.075,-3.011,-4.922,6.613,8.928,-4.518,6.141
50.1600,6,0.727,0.538,-0.132,-3.549,6.974,5.357,9.497,7.665,4.077,-3.009,-4.921,6.614,8.929,-4.517,6.142
50.1700,6,0.719,0.531,-0.133,-3.548,6.975,5.358,9.499,7.666,4.079,-3.008,-4.920,6.615,8.930,-4.516,6.142
50.1800,6,0.712,0.524,-0.135,-3.547,6.975,5.358,9.501,7.667,4.080,-3.007,-4.919,6.616,8.931,-4.516,6.143
50.1900,6,0.704,0.517,-0.136,-3.546,6.976,5.359,9.503,7.668,4.082,-3.006,-4.919,6.617,8.932,-4.515,6.144
50.2000,6,0.696,0.510,-0.138,-3.545,6.976,5.360,9.504,7.669,4.084,-3.004,-4.918,6.618,8.933,-4.514,6.145
50.2100,6,0.689,0.503,-0.139,-3.544,6.977,5.361,9.506,7.670,4.085,-3.003,-4.917,6.619,8.934,-4.514,6.146
50.2200,6,0.681,0.496,-0.140,-3.543,6.978,5.362,9.508,7.672,4.087,-3.002,-4.916,6.620,8.935,-4.513,6.146
50.2300,6,0.673,0.489,-0.142,-3.542,6.978,5.363,9.509,7.673,4.089,-3.001,-4.916,6.620,8.936,-4.512,6.147
50.2400,6,0.666,0.482,-0.143,-3.541,6.979,5.364,9.511,7.674,4.090,-2.999,-4.915,6.621,8.938,-4.511,6.148
50.2500,6,0.658,0.475,-0.145,-3.540,6.979,5.364,9.513,7.675,4.092,-2.998,-4.914,6.622,8.939,-4.511,6.149
50.2600,6,0.651,0.467,-0.146,-3.539,6.980,5.365,9.515,7.676,4.094,-2.997,-4.913,6.623,8.940,-4.510,6.150
50.2700,6,0.643,0.460,-0.148,-3.538,6.980,5.366,9.516,7.677,4.095,-2.995,-4.913,6.624,8.941,-4.509,6.151
50.2800,6,0.636,0.453,-0.149,-3.537,6.981,5.367,9.518,7.678,4.097,-2.994,-4.912,6.625,8.942,-4.509,6.151
50.2900,6,0.628,0.446,-0.150,-3.536,6.981,5.368,9.520,7.680,4.099,-2.993,-4.911,6.626,8.943,-4.508,6.152
50.3000,6,0.621,0.439,-0.152,-3.535,6.982,5.369,9.521,7.681,4.100,-2.992,-4.910,6.627,8.944,-4.507,6.153
50.3100,6,0.613,0.432,-0.153,-3.534,6.982,5.370,9.523,7.682,4.102,-2.990,-4.910,6.627,8.945,-4.507,6.154
50.3200,6,0.606,0.424,-0.155,-3.534,6.983,5.371,9.525,7.683,4.104,-2.989,-4.909,6.628,8.947,-4.506,6.155
50.3300,6,0.599,0.417,-0.156,-3.533,6.984,5.371,9.527,7.684,4.105,-2.988,-4.908,6.629,8.948,-4.505,6.155
50.3400,6,0.591,0.410,-0.157,-3.532,6.984,5.372,9.528,7.685,4.107,-2.987,-4.907,6.630,8.949,-4.505,6.156
50.3500,6,0.584,0.403,-0.159,-3.531,6.985,5.373,9.530,7.686,4.109,-2.985,-4.907,6.631,8.950,-4.504,6.157
50.3600,6,0.577,0.396,-0.160,-3.530,6.985,5.374,9.532,7.687,4.111,-2.984,-4.906,6.632,8.951,-4.503,6.158
50.3700,6,0.569,0.388,-0.161,-3.529,6.986,5.375,9.533,7.689,4.112,-2.983,-4.905,6.633,8.952,-4.502,6.159
50.3800,6,0.562,0.381,-0.163,-3.528,6.986,5.376,9.535,7.690,4.114,-2.981,-4.904,6.634,8.953,-4.502,6.160
50.3900,6,0.555,0.374,-0.164,-3.527,6.987,5.377,9.537,7.691,4.116,-2.980,-4.903,6.635,8.954,-4.501,6.160
50.4000,6,0.548,0.366,-0.165,-3.526,6.987,5.378,9.539,7.692,4.117,-2.979,-4.903,6.635,8.956,-4.500,6.161
50.4100,6,0.541,0.359,-0.167,-3.525,6.988,5.378,9.540,7.693,4.119,-2.978,-4.902,6.636,8.957,-4.500,6.162
50.4200,6,0.534,0.352,-0.168,-3.524,6.988,5.379,9.542,7.694,4.121,-2.976,-4.901,6.637,8.958,-4.499,6.163
50.4300,6,0.527,0.345,-0.169,-3.523,6.989,5.380,9.544,7.695,4.123,-2.975,-4.900,6.638,8.959,-4.498,6.164
50.4400,6,0.520,0.337,-0.170,-3.522,6.990,5.381,9.545,7.697,4.124,-2.974,-4.900,6.639,8.960,-4.498,6.164
50.4500,6,0.513,0.330,-0.172,-3.521,6.990,5.382,9.547,7.698,4.126,-2.972,-4.899,6.640,8.961,-4.497,6.165
50.4600,6,0.506,0.323,-0.173,-3.520,6.991,5.383,9.549,7.699,4.128,-2.971,-4.898,6.641,8.962,-4.496,6.166
50.4700,6,0.499,0.315,-0.174,-3.519,6.991,5.384,9.551,7.700,4.129,-2.970,-4.897,6.642,8.963,-4.495,6.167
50.4800,6,0.492,0.308,-0.176,-3.518,6.992,5.385,9.552,7.701,4.131,-2.969,-4.897,6.642,8.964,-4.495,6.168
50.4900,6,0.485,0.301,-0.177,-3.517,6.992,5.385,9.554,7.702,4.133,-2.967,-4.896,6.643,8.966,-4.494,6.169
50.5000,6,0.478,0.293,-0.178,-3.516,6.993,5.386,9.556,7.703,4.135,-2.966,-4.895,6.644,8.967,-4.493,6.169
50.5100,6,0.472,0.286,-0.179,-3.516,6.993,5.387,9.558,7.704,4.136,-2.965,-4.894,6.645,8.968,-4.493,6.170
50.5200,6,0.465,0.278,-0.180,-3.515,6.994,5.388,9.559,7.706,4.138,-2.963,-4.894,6.646,8.969,-4.492,6.171
50.5300,6,0.458,0.271,-0.182,-3.514,6.994,5.389,9.561,7.707,4.140,-2.962,-4.893,6.647,8.970,-4.491,6.172
50.5400,6,0.452,0.264,-0.183,-3.513,6.995,5.390,9.563,7.708,4.141,-2.961,-4.892,6.648,8.971,-4.491,6.173
50.5500,6,0.445,0.256,-0.184,-3.512,6.996,5.391,9.564,7.709,4.143,-2.960,-4.891,6.649,8.972,-4.490,6.173
50.5600,6,0.439,0.249,-0.185,-3.511,6.996,5.392,9.566,7.710,4.145,-2.958,-4.891,6.650,8.973,-4.489,6.174
50.5700,6,0.432,0.241,-0.186,-3.510,6.997,5.392,9.568,7.711,4.147,-2.957,-4.890,6.650,8.975,-4.488,6.175
50.5800,6,0.426,0.234,-0.188,-3.509,6.997,5.393,9.570,7.712,4.148,-2.956,-4.889,6.651,8.976,-4.488,6.176
50.5900,6,0.419,0.227,-0.189,-3.508,6.998,5.394,9.571,7.714,4.150,-2.954,-4.888,6.652,8.977,-4.487,6.177
50.6000,6,0.413,0.219,-0.190,-3.507,6.998,5.395,9.573,7.715,4.152,-2.953,-4.887,6.653,8.978,-4.486,6.178
50.6100,6,0.406,0.212,-0.191,-3.506,6.999,5.396,9.575,7.716,4.154,-2.952,-4.887,6.654,8.979,-4.486,6.178
50.6200,6,0.400,0.204,-0.192,-3.505,6.999,5.397,9.577,7.717,4.155,-2.951,-4.886,6.655,8.980,-4.485,6.179
50.6300,6,0.394,0.197,-0.193,-3.504,7.000,5.398,9.578,7.718,4.157,-2.949,-4.885,6.656,8.981,-4.484,6.180
50.6400,6,0.388,0.189,-0.194,-3.503,7.000,5.399,9.580,7.719,4.159,-2.948,-4.884,6.657,8.982,-4.484,6.181
50.6500,6,0.382,0.182,-0.195,-3.502,7.001,5.399,9.582,7.720,4.161,-2.947,-4.884,6.658,8.984,-4.483,6.182
50.6600,6,0.375,0.175,-0.197,-3.501,7.002,5.400,9.583,7.722,4.162,-2.945,-4.883,6.658,8.985,-4.482,6.182
50.6700,6,0.369,0.167,-0.198,-3.500,7.002,5.401,9.585,7.723,4.164,-2.944,-4.882,6.659,8.986,-4.481,6.183
50.6800,6,0.363,0.160,-0.199,-3.499,7.003,5.402,9.587,7.724,4.166,-2.943,-4.881,6.660,8.987,-4.481,6.184
50.6900,6,0.357,0.152,-0.200,-3.498,7.003,5.403,9.589,7.725,4.168,-2.942,-4.881,6.661,8.988,-4.480,6.185
50.7000,6,0.351,0.145,-0.201,-3.498,7.004,5.404,9.590,7.726,4.169,-2.940,-4.880,6.662,8.989,-4.479,6.186
50.7100,6,0.346,0.137,-0.202,-3.497,7.004,5.405,9.592,7.727,4.171,-2.939,-4.879,6.663,8.990,-4.479,6.186
50.7200,6,0.340,0.130,-0.203,-3.496,7.005,5.405,9.594,7.728,4.173,-2.938,-4.878,6.664,8.991,-4.478,6.187
50.7300,6,0.334,0.122,-0.204,-3.495,7.005,5.406,9.596,7.730,4.175,-2.936,-4.877,6.665,8.993,-4.477,6.188
50.7400,6,0.328,0.115,-0.205,-3.494,7.006,5.407,9.597,7.731,4.176,-2.935,-4.877,6.665,8.994,-4.477,6.189
50.7500,6,0.322,0.108,-0.206,-3.493,7.006,5.408,9.599,7.732,4.178,-2.934,-4.876,6.666,8.995,-4.476,6.190
50.7600,6,0.317,0.100,-0.207,-3.492,7.007,5.409,9.601,7.733,4.180,-2.933,-4.875,6.667,8.996,-4.475,6.190
50.7700,6,0.311,0.093,-0.208,-3.491,7.008,5.410,9.602,7.734,4.182,-2.931,-4.874,6.668,8.997,-4.474,6.191
50.7800,6,0.306,0.085,-0.209,-3.490,7.008,5.411,9.604,7.735,4.183,-2.930,-4.874,6.669,8.998,-4.474,6.192
50.7900,6,0.300,0.078,-0.210,-3.489,7.009,5.411,9.606,7.736,4.185,-2.929,-4.873,6.670,8.999,-4.473,6.193
50.8000,6,0.295,0.070,-0.211,-3.488,7.009,5.412,9.608,7.737,4.187,-2.927,-4.872,6.671,9.000,-4.472,6.193
50.8100,6,0.289,0.063,-0.212,-3.487,7.010,5.413,9.609,7.739,4.189,-2.926,-4.871,6.672,9.002,-4.472,6.194
50.8200,6,0.284,0.056,-0.213,-3.486,7.010,5.414,9.611,7.740,4.190,-2.925,-4.871,6.672,9.003,-4.471,6.195
50.8300,6,0.278,0.048,-0.213,-3.485,7.011,5.415,9.613,7.741,4.192,-2.924,-4.870,6.673,9.004,-4.470,6.196
50.8400,6,0.273,0.041,-0.214,-3.484,7.011,5.416,9.615,7.742,4.194,-2.922,-4.869,6.674,9.005,-4.470,6.197
50.8500,6,0.268,0.033,-0.215,-3.483,7.012,5.417,9.616,7.743,4.196,-2.921,-4.868,6.675,9.006,-4.469,6.197
50.8600,6,0.263,0.026,-0.216,-3.482,7.012,5.417,9.618,7.744,4.197,-2.920,-4.868,6.676,9.007,-4.468,6.198
50.8700,6,0.258,0.018,-0.217,-3.481,7.013,5.418,9.620,7.745,4.199,-2.918,-4.867,6.677,9.008,-4.467,6.199
50.8800,6,0.253,0.011,-0.218,-3.480,7.014,5.419,9.621,7.747,4.201,-2.917,-4.866,6.678,9.009,-4.467,6.200
50.8900,6,0.248,0.004,-0.219,-3.479,7.014,5.420,9.623,7.748,4.203,-2.916,-4.865,6.678,9.011,-4.466,6.200
50.9000,6,0.243,-0.004,-0.220,-3.479,7.015,5.421,9.625,7.749,4.205,-2.915,-4.864,6.679,9.012,-4.465,6.201
50.9100,6,0.238,-0.011,-0.220,-3.478,7.015,5.422,9.627,7.750,4.206,-2.913,-4.864,6.680,9.013,-4.465,6.202
50.9200,6,0.233,-0.019,-0.221,-3.477,7.016,5.422,9.628,7.751,4.208,-2.912,-4.863,6.681,9.014,-4.464,6.203
50.9300,6,0.228,-0.026,-0.222,-3.476,7.016,5.423,9.630,7.752,4.210,-2.911,-4.862,6.682,9.015,-4.463,6.203
50.9400,6,0.223,-0.033,-0.223,-3.475,7.017,5.424,9.632,7.753,4.212,-2.909,-4.861,6.683,9.016,-4.463,6.204
50.9500,6,0.219,-0.041,-0.224,-3.474,7.017,5.425,9.634,7.755,4.213,-2.908,-4.861,6.683,9.017,-4.462,6.205
50.9600,6,0.214,-0.048,-0.224,-3.473,7.018,5.426,9.635,7.756,4.215,-2.907,-4.860,6.684,9.018,-4.461,6.206
50.9700,6,0.209,-0.056,-0.225,-3.472,7.018,5.427,9.637,7.757,4.217,-2.905,-4.859,6.685,9.020,-4.460,6.207
50.9800,6,0.205,-0.063,-0.226,-3.471,7.019,5.427,9.639,7.758,4.219,-2.904,-4.858,6.686,9.021,-4.460,6.207
50.9900,6,0.200,-0.070,-0.227,-3.470,7.020,5.428,9.640,7.759,4.220,-2.903,-4.858,6.687,9.022,-4.459,6.208
51.0000,6,0.196,-0.078,-0.227,-3.469,7.020,5.429,9.642,7.760,4.222,-2.902,-4.857,6.688,9.023,-4.458,6.209
51.0100,6,0.191,-0.085,-0.228,-3.468,7.021,5.430,9.644,7.761,4.224,-2.900,-4.856,6.689,9.024,-4.458,6.209
51.0200,6,0.187,-0.092,-0.229,-3.467,7.021,5.431,9.646,7.763,4.226,-2.899,-4.855,6.689,9.025,-4.457,6.210
51.0300,6,0.183,-0.100,-0.230,-3.466,7.022,5.431,9.647,7.764,4.227,-2.898,-4.855,6.690,9.026,-4.456,6.211
51.0400,6,0.179,-0.107,-0.230,-3.465,7.022,5.432,9.649,7.765,4.229,-2.896,-4.854,6.691,9.028,-4.456,6.212
51.0500,6,0.174,-0.114,-0.231,-3.464,7.023,5.433,9.651,7.766,4.231,-2.895,-4.853,6.692,9.029,-4.455,6.212
51.0600,6,0.170,-0.121,-0.232,-3.463,7.023,5.434,9.653,7.767,4.233,-2.894,-4.852,6.693,9.030,-4.454,6.213
51.0700,6,0.166,-0.129,-0.232,-3.462,7.024,5.435,9.654,7.768,4.234,-2.893,-4.851,6.693,9.031,-4.453,6.214
51.0800,6,0.162,-0.136,-0.233,-3.461,7.024,5.435,9.656,7.769,4.236,-2.891,-4.851,6.694,9.032,-4.453,6.215
51.0900,6,0.158,-0.143,-0.234,-3.460,7.025,5.436,9.658,7.770,4.238,-2.890,-4.850,6.695,9.033,-4.452,6.215
51.1000,6,0.154,-0.151,-0.234,-3.459,7.026,5.437,9.659,7.772,4.240,-2.889,-4.849,6.696,9.034,-4.451,6.216
51.1100,6,0.150,-0.158,-0.235,-3.459,7.026,5.438,9.661,7.773,4.241,-2.887,-4.848,6.697,9.035,-4.451,6.217
51.1200,6,0.147,-0.165,-0.235,-3.458,7.027,5.439,9.663,7.774,4.243,-2.886,-4.848,6.697,9.037,-4.450,6.217
51.1300,6,0.143,-0.172,-0.236,-3.457,7.027,5.439,9.665,7.775,4.245,-2.885,-4.847,6.698,9.038,-4.449,6.218
51.1400,6,0.139,-0.179,-0.236,-3.456,7.028,5.440,9.666,7.776,4.247,-2.884,-4.846,6.699,9.039,-4.449,6.219
51.1500,6,0.135,-0.187,-0.237,-3.455,7.028,5.441,9.668,7.777,4.248,-2.882,-4.845,6.700,9.040,-4.448,6.220
51.1600,6,0.132,-0.194,-0.238,-3.454,7.029,5.442,9.670,7.778,4.250,-2.881,-4.845,6.701,9.041,-4.447,6.220
51.1700,6,0.128,-0.201,-0.238,-3.453,7.029,5.443,9.672,7.780,4.252,-2.880,-4.844,6.701,9.042,-4.446,6.221
51.1800,6,0.125,-0.208,-0.239,-3.452,7.030,5.443,9.673,7.781,4.254,-2.878,-4.843,6.702,9.043,-4.446,6.222
51.1900,6,0.121,-0.215,-0.239,-3.451,7.030,5.444,9.675,7.782,4.255,-2.877,-4.842,6.703,9.044,-4.445,6.222
51.2000,6,0.118,-0.222,-0.240,-3.450,7.031,5.445,9.677,7.783,4.257,-2.876,-4.842,6.704,9.046,-4.444,6.223
51.2100,6,0.115,-0.230,-0.240,-3.449,7.032,5.446,9.678,7.784,4.259,-2.875,-4.841,6.705,9.047,-4.444,6.224
51.2200,6,0.111,-0.237,-0.241,-3.448,7.032,5.446,9.680,7.785,4.261,-2.873,-4.840,6.705,9.048,-4.443,6.224
51.2300,6,0.108,-0.244,-0.241,-3.447,7.033,5.447,9.682,7.786,4.262,-2.872,-4.839,6.706,9.049,-4.442,6.225
51.2400,6,0.105,-0.251,-0.242,-3.446,7.033,5.448,9.684,7.787,4.264,-2.871,-4.838,6.707,9.050,-4.442,6.226
51.2500,6,0.102,-0.258,-0.242,-3.445,7.034,5.449,9.685,7.789,4.266,-2.869,-4.838,6.708,9.051,-4.441,6.226
51.2600,6,0.099,-0.265,-0.242,-3.444,7.034,5.449,9.687,7.790,4.268,-2.868,-4.837,6.708,9.052,-4.440,6.227
51.2700,6,0.096,-0.272,-0.243,-3.443,7.035,5.450,9.689,7.791,4.269,-2.867,-4.836,6.709,9.053,-4.440,6.228
51.2800,6,0.093,-0.279,-0.243,-3.442,7.035,5.451,9.691,7.792,4.271,-2.866,-4.835,6.710,9.055,-4.439,6.228
51.2900,6,0.090,-0.286,-0.244,-3.441,7.036,5.452,9.692,7.793,4.273,-2.864,-4.835,6.711,9.056,-4.438,6.229
51.3000,6,0.087,-0.293,-0.244,-3.440,7.036,5.452,9.694,7.794,4.275,-2.863,-4.834,6.711,9.057,-4.437,6.230
51.3100,6,0.084,-0.300,-0.244,-3.440,7.037,5.453,9.696,7.795,4.276,-2.862,-4.833,6.712,9.058,-4.437,6.230
51.3200,6,0.081,-0.307,-0.245,-3.439,7.038,5.454,9.697,7.796,4.278,-2.860,-4.832,6.713,9.059,-4.436,6.231
51.3300,6,0.078,-0.314,-0.245,-3.438,7.038,5.454,9.699,7.798,4.280,-2.859,-4.832,6.714,9.060,-4.435,6.232
51.3400,6,0.076,-0.321,-0.245,-3.437,7.039,5.455,9.701,7.799,4.282,-2.858,-4.831,6.714,9.061,-4.435,6.232
51.3500,6,0.073,-0.328,-0.246,-3.436,7.039,5.456,9.703,7.800,4.283,-2.856,-4.830,6.715,9.062,-4.434,6.233
51.3600,6,0.070,-0.335,-0.246,-3.435,7.040,5.457,9.704,7.801,4.285,-2.855,-4.829,6.716,9.064,-4.433,6.234
51.3700,6,0.068,-0.341,-0.246,-3.434,7.040,5.457,9.706,7.802,4.287,-2.854,-4.829,6.717,9.065,-4.433,6.234
51.3800,6,0.065,-0.348,-0.247,-3.433,7.041,5.458,9.708,7.803,4.289,-2.853,-4.828,6.717,9.066,-4.432,6.235
51.3900,6,0.063,-0.355,-0.247,-3.432,7.041,5.459,9.710,7.804,4.290,-2.851,-4.827,6.718,9.067,-4.431,6.236
51.4000,6,0.061,-0.362,-0.247,-3.431,7.042,5.459,9.711,7.805,4.292,-2.850,-4.826,6.719,9.068,-4.430,6.236
51.4100,6,0.058,-0.369,-0.248,-3.430,7.042,5.460,9.713,7.807,4.294,-2.849,-4.826,6.719,9.069,-4.430,6.237
51.4200,6,0.056,-0.375,-0.248,-3.429,7.043,5.461,9.715,7.808,4.295,-2.847,-4.825,6.720,9.070,-4.429,6.237
51.4300,6,0.054,-0.382,-0.248,-3.428,7.043,5.462,9.716,7.809,4.297,-2.846,-4.824,6.721,9.071,-4.428,6.238
51.4400,6,0.052,-0.389,-0.248,-3.427,7.044,5.462,9.718,7.810,4.299,-2.845,-4.823,6.722,9.073,-4.428,6.239
51.4500,6,0.049,-0.396,-0.248,-3.426,7.045,5.463,9.720,7.811,4.301,-2.844,-4.823,6.722,9.074,-4.427,6.239
51.4600,6,0.047,-0.402,-0.249,-3.425,7.045,5.464,9.722,7.812,4.302,-2.842,-4.822,6.723,9.075,-4.426,6.240
51.4700,6,0.045,-0.409,-0.249,-3.424,7.046,5.464,9.723,7.813,4.304,-2.841,-4.821,6.724,9.076,-4.426,6.240
51.4800,6,0.043,-0.416,-0.249,-3.423,7.046,5.465,9.725,7.814,4.306,-2.840,-4.820,6.724,9.077,-4.425,6.241
51.4900,6,0.041,-0.422,-0.249,-3.422,7.047,5.466,9.727,7.816,4.308,-2.838,-4.819,6.725,9.078,-4.424,6.242
51.5000,6,0.039,-0.429,-0.249,-3.421,7.047,5.466,9.729,7.817,4.309,-2.837,-4.819,6.726,9.079,-4.424,6.242
51.5100,6,0.038,-0.436,-0.249,-3.420,7.048,5.467,9.730,7.818,4.311,-2.836,-4.818,6.726,9.080,-4.423,6.243
51.5200,6,0.036,-0.442,-0.249,-3.420,7.048,5.468,9.732,7.819,4.313,-2.835,-4.817,6.727,9.082,-4.422,6.243
51.5300,6,0.034,-0.449,-0.250,-3.419,7.049,5.468,9.734,7.820,4.314,-2.833,-4.816,6.728,9.083,-4.421,6.244
51.5400,6,0.032,-0.455,-0.250,-3.418,7.049,5.469,9.735,7.821,4.316,-2.832,-4.816,6.728,9.084,-4.421,6.244
51.5500,6,0.030,-0.462,-0.250,-3.417,7.050,5.469,9.737,7.822,4.318,-2.831,-4.815,6.729,9.085,-4.420,6.245
51.5600,6,0.029,-0.468,-0.250,-3.416,7.050,5.470,9.739,7.823,4.319,-2.829,-4.814,6.730,9.086,-4.419,6.246
51.5700,6,0.027,-0.475,-0.250,-3.415,7.051,5.471,9.741,7.824,4.321,-2.828,-4.813,6.730,9.087,-4.419,6.246
51.5800,6,0.026,-0.481,-0.250,-3.414,7.052,5.471,9.742,7.826,4.323,-2.827,-4.813,6.731,9.088,-4.418,6.247
51.5900,6,0.024,-0.488,-0.250,-3.413,7.052,5.472,9.744,7.827,4.325,-2.826,-4.812,6.732,9.090,-4.417,6.247
51.6000,6,0.023,-0.494,-0.250,-3.412,7.053,5.473,9.746,7.828,4.326,-2.824,-4.811,6.732,9.091,-4.417,6.248
51.6100,6,0.021,-0.500,-0.250,-3.411,7.053,5.473,9.748,7.829,4.328,-2.823,-4.810,6.733,9.092,-4.416,6.248
51.6200,6,0.020,-0.507,-0.250,-3.410,7.054,5.474,9.749,7.830,4.330,-2.822,-4.810,6.733,9.093,-4.415,6.249
51.6300,6,0.019,-0.513,-0.250,-3.409,7.054,5.474,9.751,7.831,4.331,-2.820,-4.809,6.734,9.094,-4.415,6.249
51.6400,6,0.017,-0.519,-0.250,-3.408,7.055,5.475,9.753,7.832,4.333,-2.819,-4.808,6.735,9.095,-4.414,6.250
51.6500,6,0.016,-0.526,-0.250,-3.407,7.055,5.476,9.754,7.833,4.335,-2.818,-4.807,6.735,9.096,-4.413,6.250
51.6600,6,0.015,-0.532,-0.250,-3.406,7.056,5.476,9.756,7.834,4.336,-2.817,-4.807,6.736,9.097,-4.413,6.251
51.6700,6,0.014,-0.538,-0.250,-3.405,7.056,5.477,9.758,7.835,4.338,-2.815,-4.806,6.736,9.099,-4.412,6.251
51.6800,6,0.013,-0.544,-0.250,-3.404,7.057,5.477,9.760,7.837,4.340,-2.814,-4.805,6.737,9.100,-4.411,6.252
51.6900,6,0.011,-0.551,-0.250,-3.403,7.057,5.478,9.761,7.838,4.341,-2.813,-4.804,6.738,9.101,-4.411,6.252
51.7000,6,0.010,-0.557,-0.250,-3.402,7.058,5.478,9.763,7.839,4.343,-2.811,-4.804,6.738,9.102,-4.410,6.253
51.7100,6,0.009,-0.563,-0.249,-3.401,7.059,5.479,9.765,7.840,4.345,-2.810,-4.803,6.739,9.103,-4.409,6.253
51.7200,6,0.008,-0.569,-0.249,-3.401,7.059,5.480,9.766,7.841,4.346,-2.809,-4.802,6.739,9.104,-4.408,6.254
51.7300,6,0.007,-0.575,-0.249,-3.400,7.060,5.480,9.768,7.842,4.348,-2.808,-4.801,6.740,9.105,-4.408,6.254
51.7400,6,0.006,-0.581,-0.249,-3.399,7.060,5.481,9.770,7.843,4.350,-2.806,-4.801,6.741,9.106,-4.407,6.255
51.7500,6,0.006,-0.587,-0.249,-3.398,7.061,5.481,9.772,7.844,4.351,-2.805,-4.800,6.741,9.108,-4.406,6.255
51.7600,6,0.005,-0.593,-0.249,-3.397,7.061,5.482,9.773,7.845,4.353,-2.804,-4.799,6.742,9.109,-4.406,6.256
51.7700,6,0.004,-0.599,-0.248,-3.396,7.062,5.482,9.775,7.846,4.355,-2.802,-4.799,6.742,9.110,-4.405,6.256
51.7800,6,0.003,-0.605,-0.248,-3.395,7.062,5.483,9.777,7.848,4.356,-2.801,-4.798,6.743,9.111,-4.404,6.257
51.7900,6,0.002,-0.611,-0.248,-3.394,7.063,5.483,9.779,7.849,4.358,-2.800,-4.797,6.743,9.112,-4.404,6.257
51.8000,6,0.002,-0.617,-0.248,-3.393,7.063,5.484,9.780,7.850,4.360,-2.799,-4.796,6.744,9.113,-4.403,6.258
51.8100,6,0.001,-0.623,-0.248,-3.392,7.064,5.484,9.782,7.851,4.361,-2.797,-4.796,6.744,9.114,-4.402,6.258
51.8200,6,0.000,-0.629,-0.247,-3.391,7.064,5.485,9.784,7.852,4.363,-2.796,-4.795,6.745,9.115,-4.402,6.259
51.8300,6,-0.000,-0.634,-0.247,-3.390,7.065,5.485,9.785,7.853,4.365,-2.795,-4.794,6.745,9.117,-4.401,6.259
51.8400,6,-0.001,-0.640,-0.247,-3.389,7.065,5.486,9.787,7.854,4.366,-2.793,-4.793,6.746,9.118,-4.400,6.259
51.8500,6,-0.001,-0.646,-0.247,-3.388,7.066,5.486,9.789,7.855,4.368,-2.792,-4.793,6.746,9.119,-4.400,6.260
51.8600,6,-0.002,-0.652,-0.246,-3.387,7.066,5.487,9.791,7.856,4.370,-2.791,-4.792,6.747,9.120,-4.399,6.260
51.8700,6,-0.002,-0.657,-0.246,-3.386,7.067,5.487,9.792,7.857,4.371,-2.790,-4.791,6.747,9.121,-4.398,6.261
51.8800,6,-0.003,-0.663,-0.246,-3.385,7.068,5.488,9.794,7.858,4.373,-2.788,-4.790,6.748,9.122,-4.398,6.261
51.8900,6,-0.003,-0.669,-0.245,-3.384,7.068,5.488,9.796,7.859,4.374,-2.787,-4.790,6.748,9.123,-4.397,6.261
51.9000,6,-0.003,-0.674,-0.245,-3.383,7.069,5.489,9.797,7.860,4.376,-2.786,-4.789,6.749,9.124,-4.396,6.262
51.9100,6,-0.004,-0.680,-0.245,-3.382,7.069,5.489,9.799,7.862,4.378,-2.784,-4.788,6.749,9.126,-4.396,6.262
51.9200,6,-0.004,-0.686,-0.244,-3.382,7.070,5.490,9.801,7.863,4.379,-2.783,-4.788,6.750,9.127,-4.395,6.263
51.9300,5,-0.004,-0.691,-0.244,-3.381,7.070,5.490,9.803,7.864,4.381,-2.782,-4.787,6.750,9.128,-4.394,6.263
51.9400,5,-0.005,-0.697,-0.243,-3.380,7.071,5.491,9.804,7.865,4.383,-2.781,-4.786,6.751,9.129,-4.394,6.263
51.9500,5,-0.005,-0.702,-0.243,-3.379,7.071,5.491,9.806,7.866,4.384,-2.779,-4.785,6.751,9.130,-4.393,6.264
51.9600,5,-0.005,-0.708,-0.243,-3.378,7.072,5.492,9.808,7.867,4.386,-2.778,-4.785,6.752,9.131,-4.392,6.264
51.9700,5,-0.005,-0.713,-0.242,-3.377,7.072,5.492,9.809,7.868,4.387,-2.777,-4.784,6.752,9.132,-4.392,6.265
51.9800,5,-0.006,-0.718,-0.242,-3.376,7.073,5.493,9.811,7.869,4.389,-2.775,-4.783,6.753,9.133,-4.391,6.265
51.9900,5,-0.006,-0.724,-0.241,-3.375,7.073,5.493,9.813,7.870,4.391,-2.774,-4.782,6.753,9.134,-4.390,6.265
52.0000,5,-0.006,-0.729,-0.241,-3.374,7.074,5.493,9.815,7.871,4.392,-2.773,-4.782,6.754,9.136,-4.390,6.266
52.0100,5,-0.006,-0.734,-0.240,-3.373,7.074,5.494,9.816,7.872,4.394,-2.772,-4.781,6.754,9.137,-4.389,6.266
52.0200,5,-0.006,-0.740,-0.240,-3.372,7.075,5.494,9.818,7.873,4.395,-2.770,-4.780,6.754,9.138,-4.388,6.266
52.0300,5,-0.006,-0.745,-0.239,-3.371,7.075,5.495,9.820,7.874,4.397,-2.769,-4.780,6.755,9.139,-4.388,6.267
52.0400,5,-0.006,-0.750,-0.239,-3.370,7.076,5.495,9.821,7.875,4.399,-2.768,-4.779,6.755,9.140,-4.387,6.267
52.0500,5,-0.006,-0.755,-0.238,-3.369,7.076,5.495,9.823,7.876,4.400,-2.766,-4.778,6.756,9.141,-4.386,6.267
52.0600,5,-0.006,-0.760,-0.238,-3.368,7.077,5.496,9.825,7.877,4.402,-2.765,-4.777,6.756,9.142,-4.386,6.268
52.0700,5,-0.006,-0.766,-0.237,-3.367,7.077,5.496,9.826,7.878,4.403,-2.764,-4.777,6.756,9.143,-4.385,6.268
52.0800,5,-0.006,-0.771,-0.237,-3.366,7.078,5.497,9.828,7.880,4.405,-2.763,-4.776,6.757,9.145,-4.384,6.268
52.0900,5,-0.006,-0.776,-0.236,-3.365,7.078,5.497,9.830,7.881,4.406,-2.761,-4.775,6.757,9.146,-4.384,6.269
52.1000,5,-0.006,-0.781,-0.236,-3.364,7.079,5.497,9.832,7.882,4.408,-2.760,-4.775,6.758,9.147,-4.383,6.269
52.1100,5,-0.006,-0.786,-0.235,-3.364,7.079,5.498,9.833,7.883,4.410,-2.759,-4.774,6.758,9.148,-4.382,6.269
52.1200,5,-0.006,-0.791,-0.234,-3.363,7.080,5.498,9.835,7.884,4.411,-2.758,-4.773,6.758,9.149,-4.382,6.269
52.1300,5,-0.006,-0.796,-0.234,-3.362,7.081,5.498,9.837,7.885,4.413,-2.756,-4.772,6.759,9.150,-4.381,6.270
52.1400,5,-0.005,-0.801,-0.233,-3.361,7.081,5.499,9.838,7.886,4.414,-2.755,-4.772,6.759,9.151,-4.380,6.270
52.1500,5,-0.005,-0.805,-0.232,-3.360,7.082,5.499,9.840,7.887,4.416,-2.754,-4.771,6.759,9.152,-4.380,6.270
52.1600,5,-0.005,-0.810,-0.232,-3.359,7.082,5.499,9.842,7.888,4.417,-2.752,-4.770,6.760,9.154,-4.379,6.271
52.1700,5,-0.005,-0.815,-0.231,-3.358,7.083,5.500,9.844,7.889,4.419,-2.751,-4.770,6.760,9.155,-4.378,6.271
52.1800,5,-0.005,-0.820,-0.230,-3.357,7.083,5.500,9.845,7.890,4.420,-2.750,-4.769,6.761,9.156,-4.378,6.271
52.1900,5,-0.005,-0.825,-0.230,-3.356,7.084,5.500,9.847,7.891,4.422,-2.749,-4.768,6.761,9.157,-4.377,6.271
52.2000,5,-0.004,-0.829,-0.229,-3.355,7.084,5.501,9.849,7.892,4.423,-2.747,-4.767,6.761,9.158,-4.376,6.272
52.2100,5,-0.004,-0.834,-0.228,-3.354,7.085,5.501,9.850,7.893,4.425,-2.746,-4.767,6.761,9.159,-4.376,6.272
52.2200,5,-0.004,-0.839,-0.228,-3.353,7.085,5.501,9.852,7.894,4.426,-2.745,-4.766,6.762,9.160,-4.375,6.272
52.2300,5,-0.004,-0.843,-0.227,-3.352,7.086,5.502,9.854,7.895,4.428,-2.743,-4.765,6.762,9.161,-4.374,6.272
52.2400,5,-0.003,-0.848,-0.226,-3.351,7.086,5.502,9.855,7.896,4.429,-2.742,-4.765,6.762,9.163,-4.374,6.272
52.2500,5,-0.003,-0.852,-0.225,-3.350,7.087,5.502,9.857,7.897,4.431,-2.741,-4.764,6.763,9.164,-4.373,6.273
52.2600,5,-0.003,-0.857,-0.225,-3.349,7.087,5.502,9.859,7.898,4.432,-2.740,-4.763,6.763,9.165,-4.373,6.273
52.2700,5,-0.003,-0.861,-0.224,-3.348,7.088,5.503,9.861,7.899,4.434,-2.738,-4.763,6.763,9.166,-4.372,6.273
52.2800,5,-0.002,-0.866,-0.223,-3.347,7.088,5.503,9.862,7.900,4.436,-2.737,-4.762,6.764,9.167,-4.371,6.273
52.2900,5,-0.002,-0.870,-0.222,-3.346,7.089,5.503,9.864,7.901,4.437,-2.736,-4.761,6.764,9.168,-4.371,6.274
52.3000,5,-0.002,-0.875,-0.222,-3.346,7.089,5.503,9.866,7.902,4.438,-2.734,-4.761,6.764,9.169,-4.370,6.274
52.3100,5,-0.001,-0.879,-0.221,-3.345,7.090,5.504,9.867,7.903,4.440,-2.733,-4.760,6.764,9.170,-4.369,6.274
52.3200,5,-0.001,-0.883,-0.220,-3.344,7.090,5.504,9.869,7.904,4.441,-2.732,-4.759,6.765,9.171,-4.369,6.274
52.3300,5,-0.001,-0.887,-0.219,-3.343,7.091,5.504,9.871,7.905,4.443,-2.731,-4.758,6.765,9.173,-4.368,6.274
52.3400,5,-0.001,-0.892,-0.218,-3.342,7.091,5.504,9.873,7.906,4.444,-2.729,-4.758,6.765,9.174,-4.367,6.274
52.3500,5,-0.000,-0.896,-0.217,-3.341,7.092,5.505,9.874,7.907,4.446,-2.728,-4.757,6.765,9.175,-4.367,6.275
52.3600,5,0.000,-0.900,-0.216,-3.340,7.092,5.505,9.876,7.908,4.447,-2.727,-4.756,6.766,9.176,-4.366,6.275
52.3700,5,0.000,-0.904,-0.216,-3.339,7.093,5.505,9.878,7.909,4.449,-2.726,-4.756,6.766,9.177,-4.366,6.275
52.3800,5,0.001,-0.908,-0.215,-3.338,7.093,5.505,9.879,7.910,4.450,-2.724,-4.755,6.766,9.178,-4.365,6.275
52.3900,5,0.001,-0.912,-0.214,-3.337,7.094,5.505,9.881,7.911,4.452,-2.723,-4.754,6.766,9.179,-4.364,6.275
52.4000,5,0.001,-0.916,-0.213,-3.336,7.094,5.506,9.883,7.912,4.453,-2.722,-4.754,6.766,9.180,-4.364,6.275
52.4100,5,0.001,-0.920,-0.212,-3.335,7.095,5.506,9.884,7.913,4.455,-2.720,-4.753,6.767,9.182,-4.363,6.275
52.4200,5,0.002,-0.924,-0.211,-3.334,7.095,5.506,9.886,7.914,4.456,-2.719,-4.752,6.767,9.183,-4.362,6.276
52.4300,5,0.002,-0.928,-0.210,-3.333,7.096,5.506,9.888,7.915,4.458,-2.718,-4.752,6.767,9.184,-4.362,6.276
52.4400,5,0.002,-0.932,-0.209,-3.332,7.096,5.506,9.889,7.916,4.459,-2.717,-4.751,6.767,9.185,-4.361,6.276
52.4500,5,0.003,-0.936,-0.208,-3.331,7.097,5.507,9.891,7.917,4.460,-2.715,-4.750,6.767,9.186,-4.361,6.276
52.4600,5,0.003,-0.940,-0.207,-3.330,7.097,5.507,9.893,7.918,4.462,-2.714,-4.750,6.768,9.187,-4.360,6.276
52.4700,5,0.003,-0.944,-0.206,-3.329,7.098,5.507,9.895,7.919,4.463,-2.713,-4.749,6.768,9.188,-4.359,6.276
52.4800,5,0.003,-0.947,-0.205,-3.329,7.098,5.507,9.896,7.920,4.465,-2.712,-4.748,6.768,9.189,-4.359,6.276
52.4900,5,0.004,-0.951,-0.204,-3.328,7.098,5.507,9.898,7.921,4.466,-2.710,-4.748,6.768,9.190,-4.358,6.276
52.5000,5,0.004,-0.955,-0.203,-3.327,7.099,5.507,9.900,7.922,4.468,-2.709,-4.747,6.768,9.192,-4.357,6.276
52.5100,5,0.004,-0.959,-0.202,-3.326,7.099,5.507,9.901,7.923,4.469,-2.708,-4.746,6.768,9.193,-4.357,6.276
52.5200,5,0.004,-0.962,-0.201,-3.325,7.100,5.508,9.903,7.924,4.470,-2.706,-4.746,6.769,9.194,-4.356,6.277
52.5300,5,0.005,-0.966,-0.200,-3.324,7.100,5.508,9.905,7.925,4.472,-2.705,-4.745,6.769,9.195,-4.356,6.277
52.5400,5,0.005,-0.969,-0.199,-3.323,7.101,5.508,9.906,7.926,4.473,-2.704,-4.744,6.769,9.196,-4.355,6.277
52.5500,5,0.005,-0.973,-0.198,-3.322,7.101,5.508,9.908,7.926,4.475,-2.703,-4.744,6.769,9.197,-4.354,6.277
52.5600,5,0.005,-0.976,-0.197,-3.321,7.102,5.508,9.910,7.927,4.476,-2.701,-4.743,6.769,9.198,-4.354,6.277
52.5700,5,0.005,-0.980,-0.196,-3.320,7.102,5.508,9.912,7.928,4.477,-2.700,-4.742,6.769,9.199,-4.353,6.277
52.5800,5,0.005,-0.983,-0.195,-3.319,7.103,5.508,9.913,7.929,4.479,-2.699,-4.742,6.769,9.201,-4.353,6.277
52.5900,5,0.006,-0.987,-0.194,-3.318,7.103,5.508,9.915,7.930,4.480,-2.698,-4.741,6.769,9.202,-4.352,6.277
52.6000,5,0.006,-0.990,-0.193,-3.317,7.104,5.508,9.917,7.931,4.481,-2.696,-4.740,6.769,9.203,-4.351,6.277
52.6100,5,0.006,-0.993,-0.191,-3.316,7.104,5.508,9.918,7.932,4.483,-2.695,-4.740,6.769,9.204,-4.351,6.277
52.6200,5,0.006,-0.997,-0.190,-3.315,7.105,5.508,9.920,7.933,4.484,-2.694,-4.739,6.770,9.205,-4.350,6.277
52.6300,5,0.006,-1.000,-0.189,-3.314,7.105,5.508,9.922,7.934,4.486,-2.692,-4.738,6.770,9.206,-4.349,6.277
52.6400,5,0.006,-1.003,-0.188,-3.313,7.106,5.509,9.923,7.935,4.487,-2.691,-4.738,6.770,9.207,-4.349,6.277
52.6500,5,0.006,-1.006,-0.187,-3.312,7.106,5.509,9.925,7.936,4.488,-2.690,-4.737,6.770,9.208,-4.348,6.277
52.6600,5,0.006,-1.009,-0.186,-3.312,7.107,5.509,9.927,7.937,4.490,-2.689,-4.737,6.770,9.209,-4.348,6.277
52.6700,5,0.006,-1.012,-0.185,-3.311,7.107,5.509,9.928,7.938,4.491,-2.687,-4.736,6.770,9.211,-4.347,6.277
52.6800,5,0.006,-1.015,-0.183,-3.310,7.108,5.509,9.930,7.939,4.492,-2.686,-4.735,6.770,9.212,-4.346,6.277
52.6900,5,0.006,-1.018,-0.182,-3.309,7.108,5.509,9.932,7.939,4.494,-2.685,-4.735,6.770,9.213,-4.346,6.277
52.7000,5,0.006,-1.021,-0.181,-3.308,7.108,5.509,9.933,7.940,4.495,-2.684,-4.734,6.770,9.214,-4.345,6.277
52.7100,5,0.006,-1.024,-0.180,-3.307,7.109,5.509,9.935,7.941,4.496,-2.682,-4.733,6.770,9.215,-4.345,6.277
52.7200,5,0.006,-1.027,-0.178,-3.306,7.109,5.509,9.937,7.942,4.498,-2.681,-4.733,6.770,9.216,-4.344,6.277
52.7300,5,0.006,-1.030,-0.177,-3.305,7.110,5.509,9.939,7.943,4.499,-2.680,-4.732,6.770,9.217,-4.344,6.277
52.7400,5,0.006,-1.033,-0.176,-3.304,7.110,5.509,9.940,7.944,4.500,-2.678,-4.732,6.770,9.218,-4.343,6.277
52.7500,5,0.005,-1.036,-0.175,-3.303,7.111,5.509,9.942,7.945,4.501,-2.677,-4.731,6.770,9.220,-4.342,6.277
52.7600,5,0.005,-1.039,-0.174,-3.302,7.111,5.509,9.944,7.946,4.503,-2.676,-4.730,6.770,9.221,-4.342,6.276
52.7700,5,0.005,-1.041,-0.172,-3.301,7.112,5.509,9.945,7.947,4.504,-2.675,-4.730,6.770,9.222,-4.341,6.276
52.7800,5,0.005,-1.044,-0.171,-3.300,7.112,5.509,9.947,7.948,4.505,-2.673,-4.729,6.770,9.223,-4.341,6.276
52.7900,5,0.004,-1.047,-0.170,-3.299,7.113,5.509,9.949,7.948,4.507,-2.672,-4.728,6.770,9.224,-4.340,6.276
52.8000,5,0.004,-1.050,-0.168,-3.298,7.113,5.508,9.950,7.949,4.508,-2.671,-4.728,6.770,9.225,-4.339,6.276
52.8100,5,0.004,-1.052,-0.167,-3.297,7.113,5.508,9.952,7.950,4.509,-2.670,-4.727,6.770,9.226,-4.339,6.276
52.8200,5,0.003,-1.055,-0.166,-3.296,7.114,5.508,9.954,7.951,4.510,-2.668,-4.727,6.770,9.227,-4.338,6.276
52.8300,5,0.003,-1.057,-0.164,-3.296,7.114,5.508,9.955,7.952,4.512,-2.667,-4.726,6.770,9.228,-4.338,6.276
52.8400,5,0.003,-1.060,-0.163,-3.295,7.115,5.508,9.957,7.953,4.513,-2.666,-4.725,6.770,9.230,-4.337,6.276
52.8500,5,0.002,-1.062,-0.162,-3.294,7.115,5.508,9.959,7.954,4.514,-2.664,-4.725,6.770,9.231,-4.337,6.276
52.8600,5,0.002,-1.065,-0.161,-3.293,7.116,5.508,9.960,7.955,4.516,-2.663,-4.724,6.770,9.232,-4.336,6.275
52.8700,5,0.001,-1.067,-0.159,-3.292,7.116,5.508,9.962,7.955,4.517,-2.662,-4.723,6.769,9.233,-4.335,6.275
52.8800,5,0.001,-1.069,-0.158,-3.291,7.117,5.508,9.964,7.956,4.518,-2.661,-4.723,6.769,9.234,-4.335,6.275
52.8900,5,0.000,-1.072,-0.156,-3.290,7.117,5.508,9.965,7.957,4.519,-2.659,-4.722,6.769,9.235,-4.334,6.275
52.9000,5,-0.001,-1.074,-0.155,-3.289,7.118,5.508,9.967,7.958,4.520,-2.658,-4.722,6.769,9.236,-4.334,6.275
52.9100,5,-0.001,-1.076,-0.154,-3.288,7.118,5.508,9.969,7.959,4.522,-2.657,-4.721,6.769,9.237,-4.333,6.275
52.9200,5,-0.002,-1.079,-0.152,-3.287,7.118,5.507,9.970,7.960,4.523,-2.656,-4.720,6.769,9.238,-4.333,6.275
52.9300,5,-0.003,-1.081,-0.151,-3.286,7.119,5.507,9.972,7.961,4.524,-2.654,-4.720,6.769,9.240,-4.332,6.274
52.9400,5,-0.003,-1.083,-0.150,-3.285,7.119,5.507,9.974,7.961,4.525,-2.653,-4.719,6.769,9.241,-4.331,6.274
52.9500,5,-0.004,-1.085,-0.148,-3.284,7.120,5.507,9.976,7.962,4.527,-2.652,-4.719,6.769,9.242,-4.331,6.274
52.9600,5,-0.005,-1.087,-0.147,-3.283,7.120,5.507,9.977,7.963,4.528,-2.651,-4.718,6.768,9.243,-4.330,6.274
52.9700,5,-0.006,-1.089,-0.145,-3.282,7.121,5.507,9.979,7.964,4.529,-2.649,-4.718,6.768,9.244,-4.330,6.274
52.9800,5,-0.007,-1.091,-0.144,-3.281,7.121,5.507,9.981,7.965,4.530,-2.648,-4.717,6.768,9.245,-4.329,6.274
52.9900,5,-0.007,-1.093,-0.142,-3.280,7.121,5.506,9.982,7.966,4.531,-2.647,-4.716,6.768,9.246,-4.329,6.273
53.0000,5,-0.008,-1.095,-0.141,-3.280,7.122,5.506,9.984,7.966,4.533,-2.645,-4.716,6.768,9.247,-4.328,6.273
53.0100,5,-0.009,-1.097,-0.140,-3.279,7.122,5.506,9.986,7.967,4.534,-2.644,-4.715,6.768,9.248,-4.327,6.273
53.0200,5,-0.010,-1.099,-0.138,-3.278,7.123,5.506,9.987,7.968,4.535,-2.643,-4.715,6.768,9.250,-4.327,6.273
53.0300,5,-0.011,-1.101,-0.137,-3.277,7.123,5.506,9.989,7.969,4.536,-2.642,-4.714,6.767,9.251,-4.326,6.273
53.0400,5,-0.013,-1.103,-0.135,-3.276,7.124,5.506,9.991,7.970,4.537,-2.640,-4.713,6.767,9.252,-4.326,6.272
53.0500,5,-0.014,-1.105,-0.134,-3.275,7.124,5.505,9.992,7.971,4.538,-2.639,-4.713,6.767,9.253,-4.325,6.272
53.0600,5,-0.015,-1.106,-0.132,-3.274,7.125,5.505,9.994,7.971,4.540,-2.638,-4.712,6.767,9.254,-4.325,6.272
53.0700,5,-0.016,-1.108,-0.131,-3.273,7.125,5.505,9.996,7.972,4.541,-2.637,-4.712,6.767,9.255,-4.324,6.272
53.0800,5,-0.017,-1.110,-0.129,-3.272,7.125,5.505,9.997,7.973,4.542,-2.635,-4.711,6.766,9.256,-4.324,6.271
53.0900,5,-0.019,-1.111,-0.128,-3.271,7.126,5.504,9.999,7.974,4.543,-2.634,-4.711,6.766,9.257,-4.323,6.271
53.1000,5,-0.020,-1.113,-0.126,-3.270,7.126,5.504,10.001,7.975,4.544,-2.633,-4.710,6.766,9.258,-4.323,6.271
53.1100,5,-0.021,-1.115,-0.125,-3.269,7.127,5.504,10.002,7.975,4.545,-2.632,-4.709,6.766,9.260,-4.322,6.271
53.1200,5,-0.023,-1.116,-0.123,-3.268,7.127,5.504,10.004,7.976,4.546,-2.630,-4.709,6.766,9.261,-4.322,6.270
53.1300,5,-0.024,-1.118,-0.122,-3.267,7.127,5.504,10.006,7.977,4.547,-2.629,-4.708,6.765,9.262,-4.321,6.270
53.1400,5,-0.026,-1.119,-0.120,-3.266,7.128,5.503,10.007,7.978,4.549,-2.628,-4.708,6.765,9.263,-4.320,6.270
53.1500,5,-0.027,-1.121,-0.119,-3.265,7.128,5.503,10.009,7.979,4.550,-2.627,-4.707,6.765,9.264,-4.320,6.269
53.1600,5,-0.029,-1.122,-0.117,-3.264,7.129,5.503,10.011,7.979,4.551,-2.625,-4.707,6.765,9.265,-4.319,6.269
53.1700,5,-0.031,-1.123,-0.115,-3.264,7.129,5.503,10.012,7.980,4.552,-2.624,-4.706,6.764,9.266,-4.319,6.269
53.1800,5,-0.032,-1.125,-0.114,-3.263,7.130,5.502,10.014,7.981,4.553,-2.623,-4.706,6.764,9.267,-4.318,6.269
53.1900,5,-0.034,-1.126,-0.112,-3.262,7.130,5.502,10.016,7.982,4.554,-2.621,-4.705,6.764,9.268,-4.318,6.268
53.2000,5,-0.036,-1.127,-0.111,-3.261,7.130,5.502,10.017,7.982,4.555,-2.620,-4.704,6.763,9.269,-4.317,6.268
53.2100,5,-0.038,-1.129,-0.109,-3.260,7.131,5.501,10.019,7.983,4.556,-2.619,-4.704,6.763,9.271,-4.317,6.268
53.2200,5,-0.039,-1.130,-0.108,-3.259,7.131,5.501,10.021,7.984,4.557,-2.618,-4.703,6.763,9.272,-4.316,6.267
53.2300,5,-0.041,-1.131,-0.106,-3.258,7.132,5.501,10.022,7.985,4.558,-2.616,-4.703,6.763,9.273,-4.316,6.267
53.2400,5,-0.043,-1.132,-0.104,-3.257,7.132,5.500,10.024,7.986,4.559,-2.615,-4.702,6.762,9.274,-4.315,6.267
53.2500,5,-0.045,-1.133,-0.103,-3.256,7.132,5.500,10.026,7.986,4.560,-2.614,-4.702,6.762,9.275,-4.315,6.266
53.2600,5,-0.047,-1.134,-0.101,-3.255,7.133,5.500,10.027,7.987,4.561,-2.613,-4.701,6.762,9.276,-4.314,6.266
53.2700,5,-0.049,-1.136,-0.100,-3.254,7.133,5.500,10.029,7.988,4.563,-2.611,-4.701,6.761,9.277,-4.314,6.266
53.2800,5,-0.052,-1.137,-0.098,-3.253,7.134,5.499,10.031,7.989,4.564,-2.610,-4.700,6.761,9.278,-4.313,6.265
53.2900,5,-0.054,-1.138,-0.096,-3.252,7.134,5.499,10.032,7.989,4.565,-2.609,-4.700,6.761,9.279,-4.313,6.265
53.3000,5,-0.056,-1.139,-0.095,-3.251,7.134,5.499,10.034,7.990,4.566,-2.608,-4.699,6.760,9.281,-4.312,6.265
53.3100,5,-0.058,-1.140,-0.093,-3.250,7.135,5.498,10.036,7.991,4.567,-2.606,-4.699,6.760,9.282,-4.312,6.264
53.3200,5,-0.061,-1.140,-0.092,-3.249,7.135,5.498,10.037,7.992,4.568,-2.605,-4.698,6.760,9.283,-4.311,6.264
53.3300,5,-0.063,-1.141,-0.090,-3.249,7.136,5.497,10.039,7.992,4.569,-2.604,-4.698,6.759,9.284,-4.311,6.264
53.3400,5,-0.065,-1.142,-0.088,-3.248,7.136,5.497,10.041,7.993,4.570,-2.603,-4.697,6.759,9.285,-4.310,6.263
53.3500,5,-0.068,-1.143,-0.087,-3.247,7.136,5.497,10.042,7.994,4.571,-2.601,-4.697,6.759,9.286,-4.310,6.263
53.3600,5,-0.070,-1.144,-0.085,-3.246,7.137,5.496,10.044,7.994,4.572,-2.600,-4.696,6.758,9.287,-4.309,6.262
53.3700,5,-0.073,-1.145,-0.083,-3.245,7.137,5.496,10.046,7.995,4.573,-2.599,-4.695,6.758,9.288,-4.309,6.262
53.3800,5,-0.076,-1.145,-0.082,-3.244,7.138,5.496,10.047,7.996,4.574,-2.598,-4.695,6.758,9.289,-4.308,6.262
53.3900,5,-0.078,-1.146,-0.080,-3.243,7.138,5.495,10.049,7.997,4.575,-2.596,-4.694,6.757,9.290,-4.308,6.261
53.4000,5,-0.081,-1.147,-0.078,-3.242,7.138,5.495,10.050,7.997,4.576,-2.595,-4.694,6.757,9.292,-4.307,6.261
53.4100,5,-0.084,-1.147,-0.077,-3.241,7.139,5.494,10.052,7.998,4.577,-2.594,-4.693,6.756,9.293,-4.307,6.260
53.4200,5,-0.087,-1.148,-0.075,-3.240,7.139,5.494,10.054,7.999,4.578,-2.593,-4.693,6.756,9.294,-4.306,6.260
53.4300,5,-0.090,-1.149,-0.073,-3.239,7.139,5.494,10.055,7.999,4.578,-2.591,-4.692,6.756,9.295,-4.306,6.259
53.4400,5,-0.093,-1.149,-0.072,-3.238,7.140,5.493,10.057,8.000,4.579,-2.590,-4.692,6.755,9.296,-4.305,6.259
53.4500,5,-0.096,-1.150,-0.070,-3.237,7.140,5.493,10.059,8.001,4.580,-2.589,-4.691,6.755,9.297,-4.305,6.259
53.4600,5,-0.099,-1.150,-0.068,-3.236,7.141,5.492,10.060,8.001,4.581,-2.588,-4.691,6.754,9.298,-4.304,6.258
53.4700,5,-0.102,-1.151,-0.067,-3.235,7.141,5.492,10.062,8.002,4.582,-2.586,-4.690,6.754,9.299,-4.304,6.258
53.4800,5,-0.105,-1.151,-0.065,-3.235,7.141,5.491,10.064,8.003,4.583,-2.585,-4.690,6.753,9.300,-4.303,6.257
53.4900,5,-0.108,-1.151,-0.063,-3.234,7.142,5.491,10.065,8.004,4.584,-2.584,-4.689,6.753,9.302,-4.303,6.257
53.5000,5,-0.111,-1.152,-0.062,-3.233,7.142,5.491,10.067,8.004,4.585,-2.583,-4.689,6.753,9.303,-4.302,6.256
53.5100,5,-0.115,-1.152,-0.060,-3.232,7.142,5.490,10.069,8.005,4.586,-2.581,-4.688,6.752,9.304,-4.302,6.256
53.5200,5,-0.118,-1.152,-0.058,-3.231,7.143,5.490,10.070,8.006,4.587,-2.580,-4.688,6.752,9.305,-4.301,6.255
53.5300,5,-0.121,-1.153,-0.057,-3.230,7.143,5.489,10.072,8.006,4.588,-2.579,-4.688,6.751,9.306,-4.301,6.255
53.5400,5,-0.125,-1.153,-0.055,-3.229,7.144,5.489,10.074,8.007,4.589,-2.578,-4.687,6.751,9.307,-4.300,6.255
53.5500,5,-0.128,-1.153,-0.053,-3.228,7.144,5.488,10.075,8.008,4.590,-2.576,-4.687,6.750,9.308,-4.300,6.254
53.5600,5,-0.132,-1.153,-0.051,-3.227,7.144,5.488,10.077,8.008,4.590,-2.575,-4.686,6.750,9.309,-4.299,6.254
53.5700,5,-0.135,-1.154,-0.050,-3.226,7.145,5.487,10.079,8.009,4.591,-2.574,-4.686,6.749,9.310,-4.299,6.253
53.5800,5,-0.139,-1.154,-0.048,-3.225,7.145,5.487,10.080,8.010,4.592,-2.573,-4.685,6.749,9.311,-4.298,6.253
53.5900,5,-0.143,-1.154,-0.046,-3.224,7.145,5.486,10.082,8.010,4.593,-2.571,-4.685,6.748,9.312,-4.298,6.252
53.6000,5,-0.147,-1.154,-0.045,-3.223,7.146,5.486,10.083,8.011,4.594,-2.570,-4.684,6.748,9.314,-4.298,6.252
53.6100,5,-0.150,-1.154,-0.043,-3.222,7.146,5.485,10.085,8.012,4.595,-2.569,-4.684,6.747,9.315,-4.297,6.251
53.6200,5,-0.154,-1.154,-0.041,-3.221,7.147,5.485,10.087,8.012,4.596,-2.568,-4.683,6.747,9.316,-4.297,6.251
53.6300,5,-0.158,-1.154,-0.039,-3.221,7.147,5.484,10.088,8.013,4.596,-2.566,-4.683,6.746,9.317,-4.296,6.250
53.6400,5,-0.162,-1.154,-0.038,-3.220,7.147,5.484,10.090,8.013,4.597,-2.565,-4.682,6.746,9.318,-4.296,6.250
53.6500,5,-0.166,-1.154,-0.036,-3.219,7.148,5.483,10.092,8.014,4.598,-2.564,-4.682,6.745,9.319,-4.295,6.249
53.6600,5,-0.170,-1.154,-0.034,-3.218,7.148,5.483,10.093,8.015,4.599,-2.563,-4.681,6.745,9.320,-4.295,6.248
53.6700,5,-0.174,-1.154,-0.032,-3.217,7.148,5.482,10.095,8.015,4.600,-2.561,-4.681,6.744,9.321,-4.294,6.248
53.6800,5,-0.179,-1.154,-0.031,-3.216,7.149,5.482,10.097,8.016,4.601,-2.560,-4.680,6.744,9.322,-4.294,6.247
53.6900,5,-0.183,-1.154,-0.029,-3.215,7.149,5.481,10.098,8.017,4.601,-2.559,-4.680,6.743,9.323,-4.293,6.247
53.7000,5,-0.187,-1.154,-0.027,-3.214,7.149,5.480,10.100,8.017,4.602,-2.558,-4.680,6.743,9.325,-4.293,6.246
53.7100,5,-0.192,-1.153,-0.025,-3.213,7.150,5.480,10.101,8.018,4.603,-2.556,-4.679,6.742,9.326,-4.293,6.246
53.7200,5,-0.196,-1.153,-0.024,-3.212,7.150,5.479,10.103,8.018,4.604,-2.555,-4.679,6.742,9.327,-4.292,6.245
53.7300,5,-0.200,-1.153,-0.022,-3.211,7.150,5.479,10.105,8.019,4.605,-2.554,-4.678,6.741,9.328,-4.292,6.245
53.7400,5,-0.205,-1.153,-0.020,-3.210,7.151,5.478,10.106,8.020,4.605,-2.553,-4.678,6.741,9.329,-4.291,6.244
53.7500,5,-0.209,-1.152,-0.019,-3.209,7.151,5.478,10.108,8.020,4.606,-2.551,-4.677,6.740,9.330,-4.291,6.244
53.7600,5,-0.214,-1.152,-0.017,-3.208,7.151,5.477,10.110,8.021,4.607,-2.550,-4.677,6.739,9.331,-4.290,6.243
53.7700,5,-0.219,-1.152,-0.015,-3.208,7.152,5.477,10.111,8.022,4.608,-2.549,-4.676,6.739,9.332,-4.290,6.242
53.7800,5,-0.223,-1.151,-0.013,-3.207,7.152,5.476,10.113,8.022,4.609,-2.548,-4.676,6.738,9.333,-4.289,6.242
53.7900,5,-0.228,-1.151,-0.012,-3.206,7.152,5.475,10.114,8.023,4.609,-2.546,-4.676,6.738,9.334,-4.289,6.241
53.8000,5,-0.233,-1.151,-0.010,-3.205,7.153,5.475,10.116,8.023,4.610,-2.545,-4.675,6.737,9.335,-4.289,6.241
53.8100,5,-0.238,-1.150,-0.008,-3.204,7.153,5.474,10.118,8.024,4.611,-2.544,-4.675,6.736,9.337,-4.288,6.240
53.8200,5,-0.243,-1.150,-0.006,-3.203,7.153,5.474,10.119,8.024,4.612,-2.543,-4.674,6.736,9.338,-4.288,6.239
53.8300,5,-0.248,-1.149,-0.005,-3.202,7.154,5.473,10.121,8.025,4.612,-2.542,-4.674,6.735,9.339,-4.287,6.239
53.8400,5,-0.253,-1.149,-0.003,-3.201,7.154,5.472,10.123,8.026,4.613,-2.540,-4.673,6.735,9.340,-4.287,6.238
53.8500,5,-0.258,-1.148,-0.001,-3.200,7.154,5.472,10.124,8.026,4.614,-2.539,-4.673,6.734,9.341,-4.286,6.238
53.8600,5,-0.263,-1.148,0.001,-3.199,7.155,5.471,10.126,8.027,4.615,-2.538,-4.673,6.733,9.342,-4.286,6.237
53.8700,5,-0.268,-1.147,0.002,-3.198,7.155,5.470,10.127,8.027,4.615,-2.537,-4.672,6.733,9.343,-4.286,6.236
53.8800,5,-0.273,-1.147,0.004,-3.197,7.155,5.470,10.129,8.028,4.616,-2.535,-4.672,6.732,9.344,-4.285,6.236
53.8900,5,-0.279,-1.146,0.006,-3.196,7.156,5.469,10.131,8.028,4.617,-2.534,-4.671,6.732,9.345,-4.285,6.235
53.9000,5,-0.284,-1.145,0.008,-3.196,7.156,5.469,10.132,8.029,4.617,-2.533,-4.671,6.731,9.346,-4.284,6.235
53.9100,5,-0.289,-1.145,0.009,-3.195,7.156,5.468,10.134,8.030,4.618,-2.532,-4.671,6.730,9.347,-4.284,6.234
53.9200,5,-0.295,-1.144,0.011,-3.194,7.157,5.467,10.135,8.030,4.619,-2.530,-4.670,6.730,9.348,-4.283,6.233
53.9300,5,-0.300,-1.143,0.013,-3.193,7.157,5.467,10.137,8.031,4.620,-2.529,-4.670,6.729,9.350,-4.283,6.233
53.9400,5,-0.306,-1.143,0.015,-3.192,7.157,5.466,10.139,8.031,4.620,-2.528,-4.669,6.728,9.351,-4.283,6.232
53.9500,5,-0.311,-1.142,0.016,-3.191,7.158,5.465,10.140,8.032,4.621,-2.527,-4.669,6.728,9.352,-4.282,6.231
53.9600,5,-0.317,-1.141,0.018,-3.190,7.158,5.465,10.142,8.032,4.622,-2.526,-4.669,6.727,9.353,-4.282,6.231
53.9700,5,-0.323,-1.140,0.020,-3.189,7.158,5.464,10.144,8.033,4.622,-2.524,-4.668,6.726,9.354,-4.281,6.230
53.9800,5,-0.328,-1.139,0.022,-3.188,7.159,5.463,10.145,8.033,4.623,-2.523,-4.668,6.726,9.355,-4.281,6.230
53.9900,5,-0.334,-1.139,0.023,-3.187,7.159,5.463,10.147,8.034,4.624,-2.522,-4.667,6.725,9.356,-4.281,6.229
54.0000,5,-0.340,-1.138,0.025,-3.186,7.159,5.462,10.148,8.034,4.624,-2.521,-4.667,6.724,9.357,-4.280,6.228
54.0100,5,-0.346,-1.137,0.027,-3.185,7.160,5.461,10.150,8.035,4.625,-2.519,-4.667,6.724,9.358,-4.280,6.228
54.0200,5,-0.352,-1.136,0.029,-3.185,7.160,5.461,10.152,8.036,4.625,-2.518,-4.666,6.723,9.359,-4.279,6.227
54.0300,5,-0.357,-1.135,0.030,-3.184,7.160,5.460,10.153,8.036,4.626,-2.517,-4.666,6.722,9.360,-4.279,6.226
54.0400,5,-0.363,-1.134,0.032,-3.183,7.161,5.459,10.155,8.037,4.627,-2.516,-4.665,6.722,9.361,-4.279,6.226
54.0500,5,-0.369,-1.133,0.034,-3.182,7.161,5.459,10.156,8.037,4.627,-2.515,-4.665,6.721,9.363,-4.278,6.225
54.0600,5,-0.376,-1.132,0.036,-3.181,7.161,5.458,10.158,8.038,4.628,-2.513,-4.665,6.720,9.364,-4.278,6.224
54.0700,5,-0.382,-1.131,0.037,-3.180,7.161,5.457,10.159,8.038,4.629,-2.512,-4.664,6.720,9.365,-4.277,6.224
54.0800,5,-0.388,-1.130,0.039,-3.179,7.162,5.456,10.161,8.039,4.629,-2.511,-4.664,6.719,9.366,-4.277,6.223
54.0900,5,-0.394,-1.129,0.041,-3.178,7.162,5.456,10.163,8.039,4.630,-2.510,-4.664,6.718,9.367,-4.277,6.222
54.1000,5,-0.400,-1.128,0.043,-3.177,7.162,5.455,10.164,8.040,4.630,-2.508,-4.663,6.717,9.368,-4.276,6.221
54.1100,5,-0.407,-1.127,0.044,-3.176,7.163,5.454,10.166,8.040,4.631,-2.507,-4.663,6.717,9.369,-4.276,6.221
54.1200,5,-0.413,-1.126,0.046,-3.175,7.163,5.454,10.167,8.041,4.632,-2.506,-4.662,6.716,9.370,-4.276,6.220
54.1300,5,-0.419,-1.125,0.048,-3.174,7.163,5.453,10.169,8.041,4.632,-2.505,-4.662,6.715,9.371,-4.275,6.219
54.1400,5,-0.426,-1.124,0.049,-3.174,7.164,5.452,10.171,8.042,4.633,-2.504,-4.662,6.715,9.372,-4.275,6.219
54.1500,5,-0.432,-1.123,0.051,-3.173,7.164,5.451,10.172,8.042,4.633,-2.502,-4.661,6.714,9.373,-4.274,6.218
54.1600,5,-0.439,-1.122,0.053,-3.172,7.164,5.451,10.174,8.043,4.634,-2.501,-4.661,6.713,9.374,-4.274,6.217
54.1700,5,-0.445,-1.120,0.055,-3.171,7.164,5.450,10.175,8.043,4.635,-2.500,-4.661,6.712,9.375,-4.274,6.217
54.1800,5,-0.452,-1.119,0.056,-3.170,7.165,5.449,10.177,8.044,4.635,-2.499,-4.660,6.712,9.376,-4.273,6.216
54.1900,5,-0.458,-1.118,0.058,-3.169,7.165,5.448,10.178,8.044,4.636,-2.498,-4.660,6.711,9.378,-4.273,6.215
54.2000,5,-0.465,-1.117,0.060,-3.168,7.165,5.448,10.180,8.044,4.636,-2.496,-4.660,6.710,9.379,-4.273,6.214
54.2100,5,-0.472,-1.116,0.061,-3.167,7.166,5.447,10.182,8.045,4.637,-2.495,-4.659,6.709,9.380,-4.272,6.214
54.2200,5,-0.479,-1.114,0.063,-3.166,7.166,5.446,10.183,8.045,4.637,-2.494,-4.659,6.709,9.381,-4.272,6.213
54.2300,5,-0.485,-1.113,0.065,-3.165,7.166,5.445,10.185,8.046,4.638,-2.493,-4.658,6.708,9.382,-4.271,6.212
54.2400,5,-0.492,-1.112,0.066,-3.165,7.166,5.445,10.186,8.046,4.638,-2.492,-4.658,6.707,9.383,-4.271,6.212
54.2500,5,-0.499,-1.111,0.068,-3.164,7.167,5.444,10.188,8.047,4.639,-2.490,-4.658,6.706,9.384,-4.271,6.211
54.2600,5,-0.506,-1.109,0.070,-3.163,7.167,5.443,10.189,8.047,4.639,-2.489,-4.657,6.706,9.385,-4.270,6.210
54.2700,5,-0.513,-1.108,0.071,-3.162,7.167,5.442,10.191,8.048,4.640,-2.488,-4.657,6.705,9.386,-4.270,6.209
54.2800,5,-0.520,-1.107,0.073,-3.161,7.168,5.442,10.193,8.048,4.641,-2.487,-4.657,6.704,9.387,-4.270,6.209
54.2900,5,-0.527,-1.105,0.075,-3.160,7.168,5.441,10.194,8.049,4.641,-2.486,-4.656,6.703,9.388,-4.269,6.208
54.3000,5,-0.534,-1.104,0.076,-3.159,7.168,5.440,10.196,8.049,4.642,-2.484,-4.656,6.703,9.389,-4.269,6.207
54.3100,5,-0.541,-1.102,0.078,-3.158,7.168,5.439,10.197,8.049,4.642,-2.483,-4.656,6.702,9.390,-4.269,6.206
54.3200,5,-0.548,-1.101,0.080,-3.157,7.169,5.439,10.199,8.050,4.643,-2.482,-4.655,6.701,9.391,-4.268,6.206
54.3300,5,-0.555,-1.100,0.081,-3.156,7.169,5.438,10.200,8.050,4.643,-2.481,-4.655,6.700,9.392,-4.268,6.205
54.3400,5,-0.562,-1.098,0.083,-3.156,7.169,5.437,10.202,8.051,4.644,-2.480,-4.655,6.700,9.393,-4.268,6.204
54.3500,5,-0.570,-1.097,0.085,-3.155,7.169,5.436,10.203,8.051,4.644,-2.478,-4.654,6.699,9.394,-4.267,6.204
54.3600,5,-0.577,-1.095,0.086,-3.154,7.170,5.435,10.205,8.052,4.644,-2.477,-4.654,6.698,9.395,-4.267,6.203
54.3700,5,-0.584,-1.094,0.088,-3.153,7.170,5.435,10.206,8.052,4.645,-2.476,-4.654,6.697,9.397,-4.267,6.202
54.3800,5,-0.591,-1.092,0.090,-3.152,7.170,5.434,10.208,8.052,4.645,-2.475,-4.653,6.696,9.398,-4.266,6.201
54.3900,5,-0.599,-1.091,0.091,-3.151,7.171,5.433,10.210,8.053,4.646,-2.474,-4.653,6.696,9.399,-4.266,6.200
54.4000,5,-0.606,-1.089,0.093,-3.150,7.171,5.432,10.211,8.053,4.646,-2.472,-4.653,6.695,9.400,-4.265,6.200
54.4100,5,-0.614,-1.088,0.095,-3.149,7.171,5.431,10.213,8.054,4.647,-2.471,-4.653,6.694,9.401,-4.265,6.199
54.4200,5,-0.621,-1.086,0.096,-3.148,7.171,5.431,10.214,8.054,4.647,-2.470,-4.652,6.693,9.402,-4.265,6.198
54.4300,5,-0.628,-1.085,0.098,-3.147,7.172,5.430,10.216,8.054,4.648,-2.469,-4.652,6.692,9.403,-4.264,6.197
54.4400,5,-0.636,-1.083,0.099,-3.147,7.172,5.429,10.217,8.055,4.648,-2.468,-4.652,6.692,9.404,-4.264,6.197
54.4500,5,-0.643,-1.082,0.101,-3.146,7.172,5.428,10.219,8.055,4.649,-2.467,-4.651,6.691,9.405,-4.264,6.196
54.4600,5,-0.651,-1.080,0.103,-3.145,7.172,5.427,10.220,8.056,4.649,-2.465,-4.651,6.690,9.406,-4.264,6.195
54.4700,5,-0.658,-1.079,0.104,-3.144,7.173,5.427,10.222,8.056,4.649,-2.464,-4.651,6.689,9.407,-4.263,6.194
54.4800,5,-0.666,-1.077,0.106,-3.143,7.173,5.426,10.223,8.056,4.650,-2.463,-4.650,6.688,9.408,-4.263,6.194
54.4900,5,-0.674,-1.075,0.107,-3.142,7.173,5.425,10.225,8.057,4.650,-2.462,-4.650,6.688,9.409,-4.263,6.193
54.5000,5,-0.681,-1.074,0.109,-3.141,7.173,5.424,10.226,8.057,4.651,-2.461,-4.650,6.687,9.410,-4.262,6.192
54.5100,5,-0.689,-1.072,0.111,-3.140,7.174,5.423,10.228,8.058,4.651,-2.460,-4.650,6.686,9.411,-4.262,6.191
54.5200,5,-0.697,-1.071,0.112,-3.140,7.174,5.423,10.229,8.058,4.652,-2.458,-4.649,6.685,9.412,-4.262,6.191
54.5300,5,-0.704,-1.069,0.114,-3.139,7.174,5.422,10.231,8.058,4.652,-2.457,-4.649,6.684,9.413,-4.261,6.190
54.5400,5,-0.712,-1.067,0.115,-3.138,7.174,5.421,10.232,8.059,4.652,-2.456,-4.649,6.683,9.414,-4.261,6.189
54.5500,5,-0.720,-1.066,0.117,-3.137,7.175,5.420,10.234,8.059,4.653,-2.455,-4.648,6.683,9.415,-4.261,6.188
54.5600,5,-0.727,-1.064,0.118,-3.136,7.175,5.419,10.235,8.059,4.653,-2.454,-4.648,6.682,9.416,-4.260,6.187
54.5700,5,-0.735,-1.062,0.120,-3.135,7.175,5.418,10.237,8.060,4.653,-2.453,-4.648,6.681,9.417,-4.260,6.187
54.5800,5,-0.743,-1.061,0.121,-3.134,7.175,5.418,10.238,8.060,4.654,-2.451,-4.648,6.680,9.418,-4.260,6.186
54.5900,5,-0.751,-1.059,0.123,-3.133,7.176,5.417,10.240,8.060,4.654,-2.450,-4.647,6.679,9.419,-4.259,6.185
54.6000,5,-0.759,-1.057,0.124,-3.132,7.176,5.416,10.241,8.061,4.655,-2.449,-4.647,6.678,9.420,-4.259,6.184
54.6100,5,-0.766,-1.055,0.126,-3.132,7.176,5.415,10.243,8.061,4.655,-2.448,-4.647,6.678,9.421,-4.259,6.183
54.6200,5,-0.774,-1.054,0.127,-3.131,7.176,5.414,10.244,8.061,4.655,-2.447,-4.646,6.677,9.422,-4.258,6.183
54.6300,5,-0.782,-1.052,0.129,-3.130,7.177,5.413,10.246,8.062,4.656,-2.446,-4.646,6.676,9.423,-4.258,6.182
54.6400,5,-0.790,-1.050,0.130,-3.129,7.177,5.413,10.247,8.062,4.656,-2.444,-4.646,6.675,9.424,-4.258,6.181
54.6500,5,-0.798,-1.048,0.132,-3.128,7.177,5.412,10.249,8.062,4.656,-2.443,-4.646,6.674,9.426,-4.258,6.180
54.6600,5,-0.806,-1.047,0.133,-3.127,7.177,5.411,10.250,8.063,4.657,-2.442,-4.645,6.673,9.427,-4.257,6.180
54.6700,5,-0.814,-1.045,0.135,-3.126,7.177,5.410,10.252,8.063,4.657,-2.441,-4.645,6.673,9.428,-4.257,6.179
54.6800,5,-0.822,-1.043,0.136,-3.126,7.178,5.409,10.253,8.063,4.657,-2.440,-4.645,6.672,9.429,-4.257,6.178
54.6900,5,-0.830,-1.041,0.138,-3.125,7.178,5.408,10.255,8.064,4.658,-2.439,-4.645,6.671,9.430,-4.256,6.177
54.7000,5,-0.838,-1.040,0.139,-3.124,7.178,5.407,10.256,8.064,4.658,-2.438,-4.644,6.670,9.431,-4.256,6.176
54.7100,5,-0.846,-1.038,0.141,-3.123,7.178,5.407,10.258,8.064,4.658,-2.437,-4.644,6.669,9.432,-4.256,6.176
54.7200,5,-0.854,-1.036,0.142,-3.122,7.179,5.406,10.259,8.065,4.659,-2.435,-4.644,6.668,9.433,-4.256,6.175
54.7300,5,-0.862,-1.034,0.144,-3.121,7.179,5.405,10.260,8.065,4.659,-2.434,-4.644,6.667,9.434,-4.255,6.174
54.7400,5,-0.870,-1.032,0.145,-3.120,7.179,5.404,10.262,8.065,4.659,-2.433,-4.643,6.667,9.435,-4.255,6.173
54.7500,5,-0.878,-1.031,0.146,-3.119,7.179,5.403,10.263,8.066,4.660,-2.432,-4.643,6.666,9.436,-4.255,6.172
54.7600,5,-0.886,-1.029,0.148,-3.119,7.179,5.402,10.265,8.066,4.660,-2.431,-4.643,6.665,9.437,-4.254,6.172
54.7700,5,-0.894,-1.027,0.149,-3.118,7.180,5.401,10.266,8.066,4.660,-2.430,-4.643,6.664,9.438,-4.254,6.171
54.7800,5,-0.902,-1.025,0.151,-3.117,7.180,5.401,10.268,8.066,4.661,-2.429,-4.642,6.663,9.439,-4.254,6.170
54.7900,5,-0.910,-1.023,0.152,-3.116,7.180,5.400,10.269,8.067,4.661,-2.427,-4.642,6.662,9.440,-4.254,6.169
54.8000,5,-0.918,-1.021,0.153,-3.115,7.180,5.399,10.271,8.067,4.661,-2.426,-4.642,6.661,9.441,-4.253,6.168
54.8100,5,-0.926,-1.020,0.155,-3.114,7.181,5.398,10.272,8.067,4.661,-2.425,-4.642,6.661,9.442,-4.253,6.168
54.8200,5,-0.934,-1.018,0.156,-3.114,7.181,5.397,10.273,8.068,4.662,-2.424,-4.641,6.660,9.443,-4.253,6.167
54.8300,5,-0.942,-1.016,0.158,-3.113,7.181,5.396,10.275,8.068,4.662,-2.423,-4.641,6.659,9.444,-4.253,6.166
54.8400,5,-0.950,-1.014,0.159,-3.112,7.181,5.395,10.276,8.068,4.662,-2.422,-4.641,6.658,9.445,-4.252,6.165
54.8500,5,-0.958,-1.012,0.160,-3.111,7.181,5.395,10.278,8.068,4.663,-2.421,-4.641,6.657,9.446,-4.252,6.164
54.8600,5,-0.966,-1.010,0.162,-3.110,7.182,5.394,10.279,8.069,4.663,-2.420,-4.641,6.656,9.447,-4.252,6.164
54.8700,5,-0.974,-1.008,0.163,-3.109,7.182,5.393,10.280,8.069,4.663,-2.419,-4.640,6.655,9.448,-4.251,6.163
54.8800,5,-0.982,-1.006,0.164,-3.108,7.182,5.392,10.282,8.069,4.663,-2.418,-4.640,6.655,9.448,-4.251,6.162
54.8900,5,-0.990,-1.005,0.166,-3.108,7.182,5.391,10.283,8.070,4.664,-2.416,-4.640,6.654,9.449,-4.251,6.161
54.9000,5,-0.998,-1.003,0.167,-3.107,7.182,5.390,10.285,8.070,4.664,-2.415,-4.640,6.653,9.450,-4.251,6.160
54.9100,5,-1.006,-1.001,0.168,-3.106,7.183,5.389,10.286,8.070,4.664,-2.414,-4.640,6.652,9.451,-4.250,6.160
54.9200,5,-1.014,-0.999,0.169,-3.105,7.183,5.389,10.287,8.070,4.664,-2.413,-4.639,6.651,9.452,-4.250,6.159
54.9300,5,-1.022,-0.997,0.171,-3.104,7.183,5.388,10.289,8.071,4.665,-2.412,-4.639,6.650,9.453,-4.250,6.158
54.9400,5,-1.030,-0.995,0.172,-3.103,7.183,5.387,10.290,8.071,4.665,-2.411,-4.639,6.649,9.454,-4.250,6.157
54.9500,5,-1.038,-0.993,0.173,-3.103,7.183,5.386,10.292,8.071,4.665,-2.410,-4.639,6.648,9.455,-4.249,6.156
54.9600,5,-1.046,-0.991,0.175,-3.102,7.184,5.385,10.293,8.071,4.665,-2.409,-4.638,6.648,9.456,-4.249,6.156
54.9700,5,-1.054,-0.989,0.176,-3.101,7.184,5.384,10.294,8.071,4.666,-2.408,-4.638,6.647,9.457,-4.249,6.155
54.9800,5,-1.062,-0.987,0.177,-3.100,7.184,5.383,10.296,8.072,4.666,-2.407,-4.638,6.646,9.458,-4.249,6.154
54.9900,5,-1.070,-0.986,0.178,-3.099,7.184,5.383,10.297,8.072,4.666,-2.406,-4.638,6.645,9.459,-4.248,6.153
55.0000,5,-1.078,-0.984,0.179,-3.098,7.184,5.382,10.298,8.072,4.666,-2.404,-4.638,6.644,9.460,-4.248,6.152
55.0100,5,-1.086,-0.982,0.181,-3.098,7.184,5.381,10.300,8.072,4.666,-2.403,-4.638,6.643,9.461,-4.248,6.152
55.0200,5,-1.094,-0.980,0.182,-3.097,7.185,5.380,10.301,8.073,4.667,-2.402,-4.637,6.642,9.462,-4.248,6.151
55.0300,5,-1.102,-0.978,0.183,-3.096,7.185,5.379,10.303,8.073,4.667,-2.401,-4.637,6.642,9.463,-4.247,6.150
55.0400,5,-1.110,-0.976,0.184,-3.095,7.185,5.378,10.304,8.073,4.667,-2.400,-4.637,6.641,9.464,-4.247,6.149
55.0500,5,-1.118,-0.974,0.185,-3.094,7.185,5.377,10.305,8.073,4.667,-2.399,-4.637,6.640,9.465,-4.247,6.148
55.0600,5,-1.126,-0.972,0.187,-3.094,7.185,5.376,10.307,8.073,4.667,-2.398,-4.637,6.639,9.466,-4.247,6.148
55.0700,5,-1.134,-0.970,0.188,-3.093,7.186,5.376,10.308,8.074,4.668,-2.397,-4.636,6.638,9.467,-4.247,6.147
55.0800,5,-1.142,-0.968,0.189,-3.092,7.186,5.375,10.309,8.074,4.668,-2.396,-4.636,6.637,9.468,-4.246,6.146
55.0900,5,-1.149,-0.966,0.190,-3.091,7.186,5.374,10.311,8.074,4.668,-2.395,-4.636,6.636,9.469,-4.246,6.145
55.1000,5,-1.157,-0.964,0.191,-3.090,7.186,5.373,10.312,8.074,4.668,-2.394,-4.636,6.636,9.470,-4.246,6.144
55.1100,5,-1.165,-0.963,0.192,-3.090,7.186,5.372,10.313,8.074,4.668,-2.393,-4.636,6.635,9.471,-4.246,6.144
55.1200,5,-1.173,-0.961,0.193,-3.089,7.186,5.371,10.315,8.075,4.669,-2.392,-4.636,6.634,9.471,-4.245,6.143
55.1300,5,-1.181,-0.959,0.195,-3.088,7.187,5.370,10.316,8.075,4.669,-2.391,-4.635,6.633,9.472,-4.245,6.142
55.1400,5,-1.188,-0.957,0.196,-3.087,7.187,5.370,10.317,8.075,4.669,-2.390,-4.635,6.632,9.473,-4.245,6.141
55.1500,5,-1.196,-0.955,0.197,-3.086,7.187,5.369,10.318,8.075,4.669,-2.389,-4.635,6.631,9.474,-4.245,6.141
55.1600,5,-1.204,-0.953,0.198,-3.085,7.187,5.368,10.320,8.075,4.669,-2.388,-4.635,6.630,9.475,-4.245,6.140
55.1700,5,-1.211,-0.951,0.199,-3.085,7.187,5.367,10.321,8.075,4.669,-2.387,-4.635,6.630,9.476,-4.244,6.139
55.1800,5,-1.219,-0.949,0.200,-3.084,7.187,5.366,10.322,8.076,4.670,-2.386,-4.635,6.629,9.477,-4.244,6.138
55.1900,5,-1.227,-0.947,0.201,-3.083,7.188,5.365,10.324,8.076,4.670,-2.385,-4.634,6.628,9.478,-4.244,6.137
55.2000,5,-1.234,-0.945,0.202,-3.082,7.188,5.365,10.325,8.076,4.670,-2.384,-4.634,6.627,9.479,-4.244,6.137
55.2100,5,-1.242,-0.943,0.203,-3.082,7.188,5.364,10.326,8.076,4.670,-2.383,-4.634,6.626,9.480,-4.244,6.136
55.2200,5,-1.249,-0.941,0.204,-3.081,7.188,5.363,10.327,8.076,4.670,-2.382,-4.634,6.625,9.481,-4.243,6.135
55.2300,5,-1.257,-0.939,0.205,-3.080,7.188,5.362,10.329,8.076,4.670,-2.381,-4.634,6.624,9.482,-4.243,6.134
55.2400,5,-1.264,-0.938,0.206,-3.079,7.188,5.361,10.330,8.077,4.670,-2.380,-4.634,6.624,9.483,-4.243,6.134
55.2500,5,-1.272,-0.936,0.207,-3.078,7.188,5.360,10.331,8.077,4.671,-2.379,-4.634,6.623,9.483,-4.243,6.133
55.2600,5,-1.279,-0.934,0.208,-3.078,7.189,5.359,10.332,8.077,4.671,-2.378,-4.633,6.622,9.484,-4.243,6.132
55.2700,5,-1.287,-0.932,0.209,-3.077,7.189,5.359,10.334,8.077,4.671,-2.377,-4.633,6.621,9.485,-4.242,6.131
55.2800,5,-1.294,-0.930,0.210,-3.076,7.189,5.358,10.335,8.077,4.671,-2.376,-4.633,6.620,9.486,-4.242,6.130
55.2900,5,-1.302,-0.928,0.211,-3.075,7.189,5.357,10.336,8.077,4.671,-2.375,-4.633,6.619,9.487,-4.242,6.130
55.3000,5,-1.309,-0.926,0.212,-3.075,7.189,5.356,10.337,8.077,4.671,-2.374,-4.633,6.618,9.488,-4.242,6.129
55.3100,5,-1.316,-0.924,0.213,-3.074,7.189,5.355,10.339,8.078,4.671,-2.373,-4.633,6.618,9.489,-4.242,6.128
55.3200,5,-1.323,-0.922,0.214,-3.073,7.190,5.354,10.340,8.078,4.671,-2.372,-4.633,6.617,9.490,-4.241,6.127
55.3300,5,-1.331,-0.920,0.215,-3.072,7.190,5.354,10.341,8.078,4.672,-2.371,-4.633,6.616,9.491,-4.241,6.127
55.3400,5,-1.338,-0.919,0.215,-3.071,7.190,5.353,10.342,8.078,4.672,-2.370,-4.632,6.615,9.491,-4.241,6.126
55.3500,5,-1.345,-0.917,0.216,-3.071,7.190,5.352,10.343,8.078,4.672,-2.369,-4.632,6.614,9.492,-4.241,6.125
55.3600,5,-1.352,-0.915,0.217,-3.070,7.190,5.351,10.345,8.078,4.672,-2.368,-4.632,6.613,9.493,-4.241,6.124
55.3700,5,-1.359,-0.913,0.218,-3.069,7.190,5.350,10.346,8.078,4.672,-2.367,-4.632,6.613,9.494,-4.241,6.124
55.3800,5,-1.366,-0.911,0.219,-3.068,7.190,5.349,10.347,8.078,4.672,-2.366,-4.632,6.612,9.495,-4.240,6.123
55.3900,5,-1.373,-0.909,0.220,-3.068,7.190,5.349,10.348,8.078,4.672,-2.365,-4.632,6.611,9.496,-4.240,6.122
55.4000,5,-1.380,-0.907,0.221,-3.067,7.191,5.348,10.349,8.079,4.672,-2.364,-4.632,6.610,9.497,-4.240,6.121
55.4100,5,-1.387,-0.905,0.221,-3.066,7.191,5.347,10.351,8.079,4.672,-2.363,-4.632,6.609,9.498,-4.240,6.121
55.4200,5,-1.394,-0.904,0.222,-3.065,7.191,5.346,10.352,8.079,4.672,-2.362,-4.632,6.609,9.498,-4.240,6.120
55.4300,5,-1.401,-0.902,0.223,-3.065,7.191,5.345,10.353,8.079,4.672,-2.361,-4.631,6.608,9.499,-4.240,6.119
55.4400,5,-1.408,-0.900,0.224,-3.064,7.191,5.345,10.354,8.079,4.673,-2.360,-4.631,6.607,9.500,-4.239,6.118
55.4500,5,-1.414,-0.898,0.225,-3.063,7.191,5.344,10.355,8.079,4.673,-2.359,-4.631,6.606,9.501,-4.239,6.118
55.4600,5,-1.421,-0.896,0.225,-3.062,7.191,5.343,10.356,8.079,4.673,-2.358,-4.631,6.605,9.502,-4.239,6.117
55.4700,5,-1.428,-0.894,0.226,-3.062,7.192,5.342,10.358,8.079,4.673,-2.357,-4.631,6.604,9.503,-4.239,6.116
55.4800,5,-1.435,-0.892,0.227,-3.061,7.192,5.341,10.359,8.079,4.673,-2.356,-4.631,6.604,9.504,-4.239,6.116
55.4900,5,-1.441,-0.891,0.228,-3.060,7.192,5.340,10.360,8.079,4.673,-2.355,-4.631,6.603,9.504,-4.239,6.115
55.5000,5,-1.448,-0.889,0.228,-3.060,7.192,5.340,10.361,8.079,4.673,-2.355,-4.631,6.602,9.505,-4.238,6.114
55.5100,5,-1.454,-0.887,0.229,-3.059,7.192,5.339,10.362,8.079,4.673,-2.354,-4.631,6.601,9.506,-4.238,6.113
55.5200,5,-1.461,-0.885,0.230,-3.058,7.192,5.338,10.363,8.079,4.673,-2.353,-4.631,6.600,9.507,-4.238,6.113
55.5300,5,-1.467,-0.883,0.230,-3.057,7.192,5.337,10.364,8.080,4.673,-2.352,-4.631,6.600,9.508,-4.238,6.112
55.5400,5,-1.473,-0.881,0.231,-3.057,7.192,5.336,10.365,8.080,4.673,-2.351,-4.630,6.599,9.509,-4.238,6.111
55.5500,5,-1.480,-0.880,0.232,-3.056,7.192,5.336,10.367,8.080,4.673,-2.350,-4.630,6.598,9.509,-4.238,6.111
55.5600,5,-1.486,-0.878,0.232,-3.055,7.193,5.335,10.368,8.080,4.673,-2.349,-4.630,6.597,9.510,-4.238,6.110
55.5700,5,-1.492,-0.876,0.233,-3.055,7.193,5.334,10.369,8.080,4.673,-2.348,-4.630,6.596,9.511,-4.237,6.109
55.5800,5,-1.498,-0.874,0.234,-3.054,7.193,5.333,10.370,8.080,4.673,-2.347,-4.630,6.596,9.512,-4.237,6.108
55.5900,5,-1.505,-0.872,0.234,-3.053,7.193,5.333,10.371,8.080,4.673,-2.346,-4.630,6.595,9.513,-4.237,6.108
55.6000,5,-1.511,-0.871,0.235,-3.052,7.193,5.332,10.372,8.080,4.673,-2.346,-4.630,6.594,9.513,-4.237,6.107
55.6100,5,-1.517,-0.869,0.235,-3.052,7.193,5.331,10.373,8.080,4.674,-2.345,-4.630,6.593,9.514,-4.237,6.106
55.6200,5,-1.523,-0.867,0.236,-3.051,7.193,5.330,10.374,8.080,4.674,-2.344,-4.630,6.593,9.515,-4.237,6.106
55.6300,5,-1.529,-0.865,0.237,-3.050,7.193,5.329,10.375,8.080,4.674,-2.343,-4.630,6.592,9.516,-4.237,6.105
55.6400,5,-1.535,-0.864,0.237,-3.050,7.193,5.329,10.376,8.080,4.674,-2.342,-4.630,6.591,9.517,-4.236,6.104
55.6500,5,-1.540,-0.862,0.238,-3.049,7.193,5.328,10.377,8.080,4.674,-2.341,-4.630,6.590,9.517,-4.236,6.104
55.6600,5,-1.546,-0.860,0.238,-3.048,7.194,5.327,10.378,8.080,4.674,-2.340,-4.630,6.589,9.518,-4.236,6.103
55.6700,5,-1.552,-0.858,0.239,-3.048,7.194,5.326,10.379,8.080,4.674,-2.339,-4.630,6.589,9.519,-4.236,6.102
55.6800,5,-1.558,-0.857,0.239,-3.047,7.194,5.326,10.380,8.080,4.674,-2.339,-4.630,6.588,9.520,-4.236,6.102
55.6900,5,-1.563,-0.855,0.240,-3.046,7.194,5.325,10.381,8.080,4.674,-2.338,-4.630,6.587,9.521,-4.236,6.101
55.7000,5,-1.569,-0.853,0.240,-3.046,7.194,5.324,10.382,8.080,4.674,-2.337,-4.629,6.586,9.521,-4.236,6.100
55.7100,5,-1.574,-0.851,0.241,-3.045,7.194,5.323,10.383,8.080,4.674,-2.336,-4.629,6.586,9.522,-4.236,6.100
55.7200,5,-1.580,-0.850,0.241,-3.044,7.194,5.323,10.384,8.080,4.674,-2.335,-4.629,6.585,9.523,-4.235,6.099
55.7300,5,-1.585,-0.848,0.242,-3.043,7.194,5.322,10.385,8.080,4.674,-2.334,-4.629,6.584,9.524,-4.235,6.098
55.7400,5,-1.590,-0.846,0.242,-3.043,7.194,5.321,10.386,8.080,4.674,-2.334,-4.629,6.583,9.524,-4.235,6.098
55.7500,5,-1.596,-0.844,0.243,-3.042,7.194,5.320,10.387,8.080,4.674,-2.333,-4.629,6.583,9.525,-4.235,6.097
55.7600,5,-1.601,-0.843,0.243,-3.041,7.194,5.320,10.388,8.080,4.674,-2.332,-4.629,6.582,9.526,-4.235,6.096
55.7700,5,-1.606,-0.841,0.243,-3.041,7.195,5.319,10.389,8.080,4.674,-2.331,-4.629,6.581,9.527,-4.235,6.096
55.7800,5,-1.611,-0.839,0.244,-3.040,7.195,5.318,10.390,8.080,4.674,-2.330,-4.629,6.581,9.527,-4.235,6.095
55.7900,5,-1.616,-0.838,0.244,-3.040,7.195,5.318,10.391,8.080,4.674,-2.330,-4.629,6.580,9.528,-4.235,6.094
55.8000,5,-1.621,-0.836,0.245,-3.039,7.195,5.317,10.392,8.080,4.674,-2.329,-4.629,6.579,9.529,-4.235,6.094
55.8100,5,-1.626,-0.834,0.245,-3.038,7.195,5.316,10.393,8.080,4.674,-2.328,-4.629,6.578,9.530,-4.234,6.093
55.8200,5,-1.631,-0.833,0.245,-3.038,7.195,5.315,10.394,8.080,4.674,-2.327,-4.629,6.578,9.530,-4.234,6.092
55.8300,5,-1.636,-0.831,0.246,-3.037,7.195,5.315,10.395,8.080,4.674,-2.326,-4.629,6.577,9.531,-4.234,6.092
55.8400,5,-1.641,-0.829,0.246,-3.036,7.195,5.314,10.396,8.080,4.674,-2.326,-4.629,6.576,9.532,-4.234,6.091
55.8500,5,-1.645,-0.828,0.246,-3.036,7.195,5.313,10.397,8.080,4.674,-2.325,-4.629,6.576,9.532,-4.234,6.091
55.8600,5,-1.650,-0.826,0.246,-3.035,7.195,5.313,10.398,8.080,4.674,-2.324,-4.629,6.575,9.533,-4.234,6.090
55.8700,5,-1.654,-0.824,0.247,-3.034,7.195,5.312,10.398,8.080,4.674,-2.323,-4.629,6.574,9.534,-4.234,6.089
55.8800,5,-1.659,-0.823,0.247,-3.034,7.195,5.311,10.399,8.079,4.674,-2.323,-4.629,6.573,9.535,-4.234,6.089
55.8900,5,-1.663,-0.821,0.247,-3.033,7.195,5.311,10.400,8.079,4.674,-2.322,-4.629,6.573,9.535,-4.234,6.088
55.9000,5,-1.668,-0.820,0.248,-3.033,7.195,5.310,10.401,8.079,4.674,-2.321,-4.629,6.572,9.536,-4.234,6.088
55.9100,5,-1.672,-0.818,0.248,-3.032,7.196,5.309,10.402,8.079,4.674,-2.320,-4.629,6.571,9.537,-4.234,6.087
55.9200,5,-1.676,-0.816,0.248,-3.031,7.196,5.309,10.403,8.079,4.674,-2.320,-4.629,6.571,9.537,-4.233,6.086
55.9300,5,-1.680,-0.815,0.248,-3.031,7.196,5.308,10.404,8.079,4.674,-2.319,-4.629,6.570,9.538,-4.233,6.086
55.9400,5,-1.685,-0.813,0.248,-3.030,7.196,5.307,10.405,8.079,4.674,-2.318,-4.629,6.569,9.539,-4.233,6.085
55.9500,5,-1.689,-0.812,0.249,-3.029,7.196,5.307,10.405,8.079,4.673,-2.317,-4.629,6.569,9.540,-4.233,6.085
55.9600,5,-1.693,-0.810,0.249,-3.029,7.196,5.306,10.406,8.079,4.673,-2.317,-4.629,6.568,9.540,-4.233,6.084
55.9700,5,-1.697,-0.808,0.249,-3.028,7.196,5.305,10.407,8.079,4.673,-2.316,-4.629,6.567,9.541,-4.233,6.084
55.9800,5,-1.700,-0.807,0.249,-3.028,7.196,5.305,10.408,8.079,4.673,-2.315,-4.629,6.567,9.542,-4.233,6.083
55.9900,5,-1.704,-0.805,0.249,-3.027,7.196,5.304,10.409,8.079,4.673,-2.314,-4.629,6.566,9.542,-4.233,6.082
56.0000,5,-1.708,-0.804,0.249,-3.026,7.196,5.303,10.410,8.079,4.673,-2.314,-4.629,6.565,9.543,-4.233,6.082
56.0100,5,-1.712,-0.802,0.250,-3.026,7.196,5.303,10.410,8.078,4.673,-2.313,-4.629,6.565,9.544,-4.233,6.081
56.0200,5,-1.715,-0.801,0.250,-3.025,7.196,5.302,10.411,8.078,4.673,-2.312,-4.629,6.564,9.544,-4.233,6.081
56.0300,5,-1.719,-0.799,0.250,-3.025,7.196,5.301,10.412,8.078,4.673,-2.312,-4.629,6.563,9.545,-4.233,6.080
56.0400,5,-1.722,-0.798,0.250,-3.024,7.196,5.301,10.413,8.078,4.673,-2.311,-4.629,6.563,9.546,-4.233,6.080
56.0500,5,-1.726,-0.796,0.250,-3.024,7.196,5.300,10.414,8.078,4.673,-2.310,-4.629,6.562,9.546,-4.233,6.079
56.0600,5,-1.729,-0.795,0.250,-3.023,7.196,5.300,10.414,8.078,4.673,-2.310,-4.629,6.562,9.547,-4.233,6.079
56.0700,5,-1.732,-0.793,0.250,-3.022,7.196,5.299,10.415,8.078,4.673,-2.309,-4.629,6.561,9.547,-4.232,6.078
56.0800,5,-1.735,-0.792,0.250,-3.022,7.196,5.298,10.416,8.078,4.673,-2.308,-4.629,6.560,9.548,-4.232,6.078
56.0900,5,-1.738,-0.790,0.250,-3.021,7.196,5.298,10.417,8.078,4.673,-2.308,-4.629,6.560,9.549,-4.232,6.077
56.1000,5,-1.741,-0.789,0.250,-3.021,7.196,5.297,10.417,8.077,4.673,-2.307,-4.629,6.559,9.549,-4.232,6.076
56.1100,5,-1.744,-0.787,0.250,-3.020,7.197,5.297,10.418,8.077,4.673,-2.306,-4.629,6.559,9.550,-4.232,6.076
56.1200,5,-1.747,-0.786,0.250,-3.020,7.197,5.296,10.419,8.077,4.673,-2.306,-4.630,6.558,9.551,-4.232,6.075
56.1300,5,-1.750,-0.784,0.250,-3.019,7.197,5.295,10.419,8.077,4.673,-2.305,-4.630,6.557,9.551,-4.232,6.075
56.1400,5,-1.753,-0.783,0.250,-3.018,7.197,5.295,10.420,8.077,4.672,-2.304,-4.630,6.557,9.552,-4.232,6.074
56.1500,5,-1.756,-0.781,0.250,-3.018,7.197,5.294,10.421,8.077,4.672,-2.304,-4.630,6.556,9.552,-4.232,6.074
56.1600,5,-1.758,-0.780,0.250,-3.017,7.197,5.294,10.422,8.077,4.672,-2.303,-4.630,6.556,9.553,-4.232,6.073
56.1700,5,-1.761,-0.778,0.250,-3.017,7.197,5.293,10.422,8.076,4.672,-2.302,-4.630,6.555,9.554,-4.232,6.073
56.1800,5,-1.763,-0.777,0.250,-3.016,7.197,5.293,10.423,8.076,4.672,-2.302,-4.630,6.554,9.554,-4.232,6.072
56.1900,5,-1.766,-0.776,0.250,-3.016,7.197,5.292,10.424,8.076,4.672,-2.301,-4.630,6.554,9.555,-4.232,6.072
56.2000,5,-1.768,-0.774,0.249,-3.015,7.197,5.291,10.424,8.076,4.672,-2.300,-4.630,6.553,9.555,-4.232,6.072
56.2100,5,-1.771,-0.773,0.249,-3.015,7.197,5.291,10.425,8.076,4.672,-2.300,-4.630,6.553,9.556,-4.232,6.071
56.2200,5,-1.773,-0.771,0.249,-3.014,7.197,5.290,10.426,8.076,4.672,-2.299,-4.630,6.552,9.557,-4.232,6.071
56.2300,5,-1.775,-0.770,0.249,-3.014,7.197,5.290,10.426,8.076,4.672,-2.299,-4.630,6.552,9.557,-4.232,6.070
56.2400,5,-1.777,-0.769,0.249,-3.013,7.197,5.289,10.427,8.075,4.672,-2.298,-4.630,6.551,9.558,-4.232,6.070
56.2500,5,-1.779,-0.767,0.249,-3.013,7.197,5.289,10.428,8.075,4.672,-2.297,-4.630,6.551,9.558,-4.232,6.069
56.2600,5,-1.781,-0.766,0.248,-3.012,7.197,5.288,10.428,8.075,4.672,-2.297,-4.630,6.550,9.559,-4.232,6.069
56.2700,5,-1.783,-0.764,0.248,-3.012,7.197,5.288,10.429,8.075,4.671,-2.296,-4.630,6.550,9.560,-4.232,6.068
56.2800,5,-1.785,-0.763,0.248,-3.011,7.197,5.287,10.429,8.075,4.671,-2.296,-4.631,6.549,9.560,-4.232,6.068
56.2900,5,-1.786,-0.762,0.248,-3.011,7.197,5.287,10.430,8.075,4.671,-2.295,-4.631,6.548,9.561,-4.232,6.067
56.3000,5,-1.788,-0.760,0.248,-3.010,7.197,5.286,10.431,8.074,4.671,-2.295,-4.631,6.548,9.561,-4.232,6.067
56.3100,5,-1.790,-0.759,0.247,-3.010,7.197,5.286,10.431,8.074,4.671,-2.294,-4.631,6.547,9.562,-4.232,6.067
56.3200,5,-1.791,-0.758,0.247,-3.009,7.197,5.285,10.432,8.074,4.671,-2.293,-4.631,6.547,9.562,-4.232,6.066
56.3300,5,-1.793,-0.756,0.247,-3.009,7.197,5.285,10.432,8.074,4.671,-2.293,-4.631,6.546,9.563,-4.232,6.066
56.3400,5,-1.794,-0.755,0.246,-3.008,7.197,5.284,10.433,8.074,4.671,-2.292,-4.631,6.546,9.563,-4.232,6.065
56.3500,5,-1.795,-0.754,0.246,-3.008,7.197,5.284,10.433,8.073,4.671,-2.292,-4.631,6.545,9.564,-4.232,6.065
56.3600,5,-1.797,-0.752,0.246,-3.007,7.197,5.283,10.434,8.073,4.671,-2.291,-4.631,6.545,9.564,-4.232,6.065
56.3700,5,-1.798,-0.751,0.246,-3.007,7.197,5.283,10.435,8.073,4.670,-2.291,-4.631,6.545,9.565,-4.232,6.064
56.3800,5,-1.799,-0.750,0.245,-3.006,7.197,5.282,10.435,8.073,4.670,-2.290,-4.631,6.544,9.565,-4.232,6.064
56.3900,5,-1.800,-0.748,0.245,-3.006,7.197,5.282,10.436,8.073,4.670,-2.290,-4.631,6.544,9.566,-4.232,6.063
56.4000,5,-1.801,-0.747,0.245,-3.005,7.197,5.281,10.436,8.072,4.670,-2.289,-4.632,6.543,9.567,-4.232,6.063
56.4100,5,-1.802,-0.746,0.244,-3.005,7.197,5.281,10.437,8.072,4.670,-2.289,-4.632,6.543,9.567,-4.232,6.063
56.4200,5,-1.803,-0.744,0.244,-3.004,7.197,5.280,10.437,8.072,4.670,-2.288,-4.632,6.542,9.568,-4.232,6.062
56.4300,5,-1.803,-0.743,0.243,-3.004,7.197,5.280,10.438,8.072,4.670,-2.288,-4.632,6.542,9.568,-4.232,6.062
56.4400,5,-1.804,-0.742,0.243,-3.003,7.197,5.280,10.438,8.071,4.670,-2.287,-4.632,6.541,9.569,-4.232,6.062
56.4500,5,-1.805,-0.741,0.243,-3.003,7.197,5.279,10.439,8.071,4.670,-2.287,-4.632,6.541,9.569,-4.232,6.061
56.4600,5,-1.805,-0.739,0.242,-3.002,7.197,5.279,10.439,8.071,4.670,-2.286,-4.632,6.540,9.570,-4.232,6.061
56.4700,5,-1.806,-0.738,0.242,-3.002,7.197,5.278,10.440,8.071,4.669,-2.286,-4.632,6.540,9.570,-4.232,6.061
56.4800,5,-1.806,-0.737,0.241,-3.002,7.197,5.278,10.440,8.071,4.669,-2.285,-4.632,6.540,9.570,-4.232,6.060
56.4900,5,-1.806,-0.735,0.241,-3.001,7.197,5.277,10.440,8.070,4.669,-2.285,-4.633,6.539,9.571,-4.232,6.060
56.5000,5,-1.807,-0.734,0.240,-3.001,7.197,5.277,10.441,8.070,4.669,-2.284,-4.633,6.539,9.571,-4.232,6.060
56.5100,5,-1.807,-0.733,0.240,-3.000,7.197,5.277,10.441,8.070,4.669,-2.284,-4.633,6.538,9.572,-4.232,6.059
56.5200,5,-1.807,-0.732,0.239,-3.000,7.197,5.276,10.442,8.070,4.669,-2.283,-4.633,6.538,9.572,-4.232,6.059
56.5300,5,-1.807,-0.730,0.239,-2.999,7.197,5.276,10.442,8.069,4.669,-2.283,-4.633,6.538,9.573,-4.232,6.059
56.5400,5,-1.807,-0.729,0.238,-2.999,7.197,5.275,10.443,8.069,4.669,-2.282,-4.633,6.537,9.573,-4.232,6.058
56.5500,5,-1.807,-0.728,0.238,-2.998,7.197,5.275,10.443,8.069,4.668,-2.282,-4.633,6.537,9.574,-4.232,6.058
56.5600,5,-1.807,-0.727,0.237,-2.998,7.197,5.275,10.443,8.069,4.668,-2.282,-4.633,6.536,9.574,-4.232,6.058
56.5700,5,-1.807,-0.725,0.237,-2.998,7.197,5.274,10.444,8.068,4.668,-2.281,-4.634,6.536,9.575,-4.232,6.057
56.5800,5,-1.806,-0.724,0.236,-2.997,7.197,5.274,10.444,8.068,4.668,-2.281,-4.634,6.536,9.575,-4.232,6.057
56.5900,5,-1.806,-0.723,0.235,-2.997,7.197,5.274,10.445,8.068,4.668,-2.280,-4.634,6.535,9.576,-4.232,6.057
56.6000,5,-1.806,-0.722,0.235,-2.996,7.197,5.273,10.445,8.068,4.668,-2.280,-4.634,6.535,9.576,-4.232,6.057
56.6100,5,-1.805,-0.721,0.234,-2.996,7.197,5.273,10.445,8.067,4.668,-2.279,-4.634,6.535,9.576,-4.232,6.056
56.6200,5,-1.805,-0.719,0.234,-2.996,7.197,5.273,10.446,8.067,4.668,-2.279,-4.634,6.534,9.577,-4.232,6.056
56.6300,5,-1.804,-0.718,0.233,-2.995,7.197,5.272,10.446,8.067,4.667,-2.279,-4.634,6.534,9.577,-4.232,6.056
56.6400,5,-1.803,-0.717,0.232,-2.995,7.197,5.272,10.446,8.066,4.667,-2.278,-4.635,6.534,9.578,-4.232,6.056
56.6500,5,-1.803,-0.716,0.232,-2.994,7.197,5.272,10.447,8.066,4.667,-2.278,-4.635,6.533,9.578,-4.232,6.055
56.6600,5,-1.802,-0.715,0.231,-2.994,7.196,5.271,10.447,8.066,4.667,-2.277,-4.635,6.533,9.578,-4.232,6.055
56.6700,5,-1.801,-0.713,0.230,-2.994,7.196,5.271,10.447,8.066,4.667,-2.277,-4.635,6.533,9.579,-4.232,6.055
56.6800,5,-1.800,-0.712,0.230,-2.993,7.196,5.271,10.448,8.065,4.667,-2.277,-4.635,6.532,9.579,-4.232,6.055
56.6900,5,-1.799,-0.711,0.229,-2.993,7.196,5.270,10.448,8.065,4.667,-2.276,-4.635,6.532,9.580,-4.232,6.054
56.7000,5,-1.798,-0.710,0.228,-2.992,7.196,5.270,10.448,8.065,4.667,-2.276,-4.635,6.532,9.580,-4.232,6.054
56.7100,5,-1.797,-0.709,0.228,-2.992,7.196,5.270,10.449,8.064,4.666,-2.276,-4.636,6.531,9.580,-4.232,6.054
56.7200,5,-1.796,-0.707,0.227,-2.992,7.196,5.270,10.449,8.064,4.666,-2.275,-4.636,6.531,9.581,-4.232,6.054
56.7300,5,-1.794,-0.706,0.226,-2.991,7.196,5.269,10.449,8.064,4.666,-2.275,-4.636,6.531,9.581,-4.232,6.053
56.7400,5,-1.793,-0.705,0.225,-2.991,7.196,5.269,10.450,8.063,4.666,-2.275,-4.636,6.531,9.582,-4.232,6.053
56.7500,5,-1.792,-0.704,0.225,-2.991,7.196,5.269,10.450,8.063,4.666,-2.274,-4.636,6.530,9.582,-4.232,6.053
56.7600,5,-1.790,-0.703,0.224,-2.990,7.196,5.268,10.450,8.063,4.666,-2.274,-4.636,6.530,9.582,-4.232,6.053
56.7700,5,-1.789,-0.702,0.223,-2.990,7.196,5.268,10.450,8.063,4.666,-2.273,-4.637,6.530,9.583,-4.233,6.053
56.7800,5,-1.787,-0.700,0.222,-2.990,7.196,5.268,10.451,8.062,4.665,-2.273,-4.637,6.530,9.583,-4.233,6.053
56.7900,5,-1.786,-0.699,0.221,-2.989,7.196,5.268,10.451,8.062,4.665,-2.273,-4.637,6.529,9.583,-4.233,6.052
56.8000,5,-1.784,-0.698,0.221,-2.989,7.196,5.267,10.451,8.062,4.665,-2.272,-4.637,6.529,9.584,-4.233,6.052
56.8100,5,-1.782,-0.697,0.220,-2.989,7.196,5.267,10.451,8.061,4.665,-2.272,-4.637,6.529,9.584,-4.233,6.052
56.8200,5,-1.780,-0.696,0.219,-2.988,7.196,5.267,10.451,8.061,4.665,-2.272,-4.637,6.529,9.585,-4.233,6.052
56.8300,5,-1.779,-0.695,0.218,-2.988,7.196,5.267,10.452,8.061,4.665,-2.272,-4.638,6.528,9.585,-4.233,6.052
56.8400,5,-1.777,-0.694,0.217,-2.988,7.196,5.267,10.452,8.060,4.665,-2.271,-4.638,6.528,9.585,-4.233,6.052
56.8500,5,-1.775,-0.692,0.216,-2.987,7.196,5.266,10.452,8.060,4.664,-2.271,-4.638,6.528,9.586,-4.233,6.051
56.8600,5,-1.773,-0.691,0.215,-2.987,7.196,5.266,10.452,8.060,4.664,-2.271,-4.638,6.528,9.586,-4.233,6.051
56.8700,5,-1.771,-0.690,0.215,-2.987,7.195,5.266,10.453,8.059,4.664,-2.270,-4.638,6.528,9.586,-4.233,6.051
56.8800,5,-1.768,-0.689,0.214,-2.986,7.195,5.266,10.453,8.059,4.664,-2.270,-4.639,6.527,9.587,-4.233,6.051
56.8900,5,-1.766,-0.688,0.213,-2.986,7.195,5.266,10.453,8.059,4.664,-2.270,-4.639,6.527,9.587,-4.233,6.051
56.9000,5,-1.764,-0.687,0.212,-2.986,7.195,5.265,10.453,8.058,4.664,-2.269,-4.639,6.527,9.587,-4.233,6.051
56.9100,5,-1.762,-0.685,0.211,-2.985,7.195,5.265,10.453,8.058,4.664,-2.269,-4.639,6.527,9.588,-4.233,6.051
56.9200,5,-1.759,-0.684,0.210,-2.985,7.195,5.265,10.453,8.058,4.663,-2.269,-4.639,6.527,9.588,-4.234,6.051
56.9300,5,-1.757,-0.683,0.209,-2.985,7.195,5.265,10.453,8.057,4.663,-2.269,-4.640,6.526,9.588,-4.234,6.051
56.9400,5,-1.754,-0.682,0.208,-2.984,7.195,5.265,10.454,8.057,4.663,-2.268,-4.640,6.526,9.588,-4.234,6.050
56.9500,5,-1.752,-0.681,0.207,-2.984,7.195,5.265,10.454,8.057,4.663,-2.268,-4.640,6.526,9.589,-4.234,6.050
56.9600,5,-1.749,-0.680,0.206,-2.984,7.195,5.265,10.454,8.056,4.663,-2.268,-4.640,6.526,9.589,-4.234,6.050
56.9700,5,-1.747,-0.679,0.205,-2.983,7.195,5.264,10.454,8.056,4.663,-2.268,-4.640,6.526,9.589,-4.234,6.050
56.9800,5,-1.744,-0.677,0.204,-2.983,7.195,5.264,10.454,8.055,4.663,-2.267,-4.641,6.526,9.590,-4.234,6.050
56.9900,5,-1.741,-0.676,0.203,-2.983,7.195,5.264,10.454,8.055,4.662,-2.267,-4.641,6.526,9.590,-4.234,6.050
57.0000,5,-1.738,-0.675,0.202,-2.983,7.195,5.264,10.454,8.055,4.662,-2.267,-4.641,6.525,9.590,-4.234,6.050
57.0100,5,-1.736,-0.674,0.201,-2.982,7.195,5.264,10.454,8.054,4.662,-2.267,-4.641,6.525,9.590,-4.234,6.050
57.0200,5,-1.733,-0.673,0.200,-2.982,7.194,5.264,10.455,8.054,4.662,-2.266,-4.641,6.525,9.591,-4.234,6.050
57.0300,5,-1.730,-0.672,0.199,-2.982,7.194,5.264,10.455,8.054,4.662,-2.266,-4.642,6.525,9.591,-4.234,6.050
57.0400,5,-1.727,-0.670,0.198,-2.981,7.194,5.264,10.455,8.053,4.662,-2.266,-4.642,6.525,9.591,-4.235,6.050
57.0500,5,-1.724,-0.669,0.197,-2.981,7.194,5.264,10.455,8.053,4.661,-2.266,-4.642,6.525,9.592,-4.235,6.050
57.0600,5,-1.721,-0.668,0.196,-2.981,7.194,5.263,10.455,8.052,4.661,-2.266,-4.642,6.525,9.592,-4.235,6.050
57.0700,5,-1.717,-0.667,0.195,-2.981,7.194,5.263,10.455,8.052,4.661,-2.265,-4.642,6.525,9.592,-4.235,6.050
57.0800,5,-1.714,-0.666,0.193,-2.980,7.194,5.263,10.455,8.052,4.661,-2.265,-4.643,6.525,9.592,-4.235,6.050
57.0900,5,-1.711,-0.665,0.192,-2.980,7.194,5.263,10.455,8.051,4.661,-2.265,-4.643,6.525,9.593,-4.235,6.050
57.1000,5,-1.708,-0.664,0.191,-2.980,7.194,5.263,10.455,8.051,4.661,-2.265,-4.643,6.525,9.593,-4.235,6.050
57.1100,5,-1.704,-0.662,0.190,-2.980,7.194,5.263,10.455,8.050,4.660,-2.265,-4.643,6.525,9.593,-4.235,6.050
57.1200,5,-1.701,-0.661,0.189,-2.979,7.194,5.263,10.455,8.050,4.660,-2.264,-4.644,6.524,9.593,-4.235,6.050
57.1300,5,-1.698,-0.660,0.188,-2.979,7.194,5.263,10.455,8.050,4.660,-2.264,-4.644,6.524,9.594,-4.235,6.050
57.1400,5,-1.694,-0.659,0.187,-2.979,7.193,5.263,10.455,8.049,4.660,-2.264,-4.644,6.524,9.594,-4.236,6.050
57.1500,5,-1.691,-0.658,0.185,-2.979,7.193,5.263,10.455,8.049,4.660,-2.264,-4.644,6.524,9.594,-4.236,6.050
57.1600,5,-1.687,-0.656,0.184,-2.978,7.193,5.263,10.455,8.048,4.660,-2.264,-4.644,6.524,9.594,-4.236,6.050
57.1700,5,-1.683,-0.655,0.183,-2.978,7.193,5.263,10.455,8.048,4.660,-2.264,-4.645,6.524,9.595,-4.236,6.050
57.1800,5,-1.680,-0.654,0.182,-2.978,7.193,5.263,10.455,8.048,4.659,-2.263,-4.645,6.524,9.595,-4.236,6.050
57.1900,5,-1.676,-0.653,0.181,-2.978,7.193,5.263,10.455,8.047,4.659,-2.263,-4.645,6.524,9.595,-4.236,6.050
57.2000,5,-1.672,-0.652,0.179,-2.977,7.193,5.263,10.455,8.047,4.659,-2.263,-4.645,6.524,9.595,-4.236,6.050
57.2100,5,-1.669,-0.651,0.178,-2.977,7.193,5.263,10.455,8.046,4.659,-2.263,-4.646,6.524,9.595,-4.236,6.050
57.2200,5,-1.665,-0.649,0.177,-2.977,7.193,5.263,10.455,8.046,4.659,-2.263,-4.646,6.524,9.596,-4.236,6.050
57.2300,5,-1.661,-0.648,0.176,-2.977,7.193,5.263,10.455,8.046,4.659,-2.263,-4.646,6.524,9.596,-4.237,6.050
57.2400,5,-1.657,-0.647,0.175,-2.977,7.193,5.263,10.455,8.045,4.658,-2.263,-4.646,6.524,9.596,-4.237,6.050
57.2500,5,-1.653,-0.646,0.173,-2.976,7.192,5.263,10.455,8.045,4.658,-2.262,-4.647,6.524,9.596,-4.237,6.050
57.2600,5,-1.649,-0.644,0.172,-2.976,7.192,5.263,10.455,8.044,4.658,-2.262,-4.647,6.524,9.596,-4.237,6.051
57.2700,5,-1.645,-0.643,0.171,-2.976,7.192,5.263,10.455,8.044,4.658,-2.262,-4.647,6.524,9.597,-4.237,6.051
57.2800,5,-1.641,-0.642,0.169,-2.976,7.192,5.263,10.455,8.043,4.658,-2.262,-4.647,6.524,9.597,-4.237,6.051
57.2900,5,-1.637,-0.641,0.168,-2.975,7.192,5.263,10.455,8.043,4.658,-2.262,-4.648,6.525,9.597,-4.237,6.051
57.3000,5,-1.633,-0.640,0.167,-2.975,7.192,5.263,10.455,8.043,4.657,-2.262,-4.648,6.525,9.597,-4.237,6.051
57.3100,5,-1.629,-0.638,0.166,-2.975,7.192,5.263,10.454,8.042,4.657,-2.262,-4.648,6.525,9.597,-4.238,6.051
57.3200,5,-1.625,-0.637,0.164,-2.975,7.192,5.263,10.454,8.042,4.657,-2.262,-4.648,6.525,9.598,-4.238,6.051
57.3300,5,-1.621,-0.636,0.163,-2.975,7.192,5.264,10.454,8.041,4.657,-2.262,-4.649,6.525,9.598,-4.238,6.051
57.3400,5,-1.616,-0.635,0.162,-2.974,7.192,5.264,10.454,8.041,4.657,-2.261,-4.649,6.525,9.598,-4.238,6.052
57.3500,5,-1.612,-0.633,0.160,-2.974,7.191,5.264,10.454,8.040,4.657,-2.261,-4.649,6.525,9.598,-4.238,6.052
57.3600,5,-1.608,-0.632,0.159,-2.974,7.191,5.264,10.454,8.040,4.656,-2.261,-4.649,6.525,9.598,-4.238,6.052
57.3700,5,-1.604,-0.631,0.158,-2.974,7.191,5.264,10.454,8.039,4.656,-2.261,-4.650,6.525,9.598,-4.238,6.052
57.3800,5,-1.599,-0.629,0.156,-2.974,7.191,5.264,10.454,8.039,4.656,-2.261,-4.650,6.525,9.599,-4.238,6.052
57.3900,5,-1.595,-0.628,0.155,-2.973,7.191,5.264,10.454,8.039,4.656,-2.261,-4.650,6.525,9.599,-4.239,6.052
57.4000,5,-1.591,-0.627,0.153,-2.973,7.191,5.264,10.453,8.038,4.656,-2.261,-4.651,6.526,9.599,-4.239,6.052
57.4100,5,-1.586,-0.626,0.152,-2.973,7.191,5.264,10.453,8.038,4.656,-2.261,-4.651,6.526,9.599,-4.239,6.053
57.4200,5,-1.582,-0.624,0.151,-2.973,7.191,5.265,10.453,8.037,4.655,-2.261,-4.651,6.526,9.599,-4.239,6.053
57.4300,5,-1.577,-0.623,0.149,-2.973,7.190,5.265,10.453,8.037,4.655,-2.261,-4.651,6.526,9.599,-4.239,6.053
57.4400,5,-1.573,-0.622,0.148,-2.973,7.190,5.265,10.453,8.036,4.655,-2.261,-4.652,6.526,9.599,-4.239,6.053
57.4500,5,-1.568,-0.620,0.146,-2.972,7.190,5.265,10.453,8.036,4.655,-2.261,-4.652,6.526,9.600,-4.239,6.053
57.4600,5,-1.564,-0.619,0.145,-2.972,7.190,5.265,10.453,8.035,4.655,-2.261,-4.652,6.526,9.600,-4.240,6.054
57.4700,5,-1.559,-0.618,0.144,-2.972,7.190,5.265,10.452,8.035,4.655,-2.261,-4.652,6.527,9.600,-4.240,6.054
57.4800,5,-1.555,-0.616,0.142,-2.972,7.190,5.266,10.452,8.034,4.654,-2.260,-4.653,6.527,9.600,-4.240,6.054
57.4900,5,-1.550,-0.615,0.141,-2.972,7.190,5.266,10.452,8.034,4.654,-2.260,-4.653,6.527,9.600,-4.240,6.054
57.5000,5,-1.545,-0.614,0.139,-2.972,7.190,5.266,10.452,8.033,4.654,-2.260,-4.653,6.527,9.600,-4.240,6.054
57.5100,5,-1.541,-0.612,0.138,-2.971,7.190,5.266,10.452,8.033,4.654,-2.260,-4.654,6.527,9.600,-4.240,6.055
57.5200,5,-1.536,-0.611,0.136,-2.971,7.189,5.266,10.451,8.032,4.654,-2.260,-4.654,6.527,9.600,-4.240,6.055
57.5300,5,-1.531,-0.609,0.135,-2.971,7.189,5.266,10.451,8.032,4.654,-2.260,-4.654,6.528,9.601,-4.241,6.055
57.5400,5,-1.527,-0.608,0.133,-2.971,7.189,5.267,10.451,8.032,4.653,-2.260,-4.654,6.528,9.601,-4.241,6.055
57.5500,5,-1.522,-0.607,0.132,-2.971,7.189,5.267,10.451,8.031,4.653,-2.260,-4.655,6.528,9.601,-4.241,6.056
57.5600,5,-1.517,-0.605,0.130,-2.971,7.189,5.267,10.451,8.031,4.653,-2.260,-4.655,6.528,9.601,-4.241,6.056
57.5700,5,-1.512,-0.604,0.129,-2.971,7.189,5.267,10.450,8.030,4.653,-2.260,-4.655,6.529,9.601,-4.241,6.056
57.5800,5,-1.508,-0.602,0.127,-2.970,7.189,5.268,10.450,8.030,4.653,-2.260,-4.656,6.529,9.601,-4.241,6.056
57.5900,5,-1.503,-0.601,0.126,-2.970,7.189,5.268,10.450,8.029,4.653,-2.260,-4.656,6.529,9.601,-4.241,6.057
57.6000,5,-1.498,-0.599,0.124,-2.970,7.188,5.268,10.450,8.029,4.652,-2.260,-4.656,6.529,9.601,-4.242,6.057
57.6100,5,-1.493,-0.598,0.123,-2.970,7.188,5.268,10.449,8.028,4.652,-2.260,-4.656,6.529,9.601,-4.242,6.057
57.6200,5,-1.488,-0.596,0.121,-2.970,7.188,5.269,10.449,8.028,4.652,-2.260,-4.657,6.530,9.602,-4.242,6.058
57.6300,5,-1.484,-0.595,0.120,-2.970,7.188,5.269,10.449,8.027,4.652,-2.260,-4.657,6.530,9.602,-4.242,6.058
57.6400,5,-1.479,-0.593,0.118,-2.970,7.188,5.269,10.449,8.027,4.652,-2.260,-4.657,6.530,9.602,-4.242,6.058
57.6500,5,-1.474,-0.592,0.117,-2.969,7.188,5.269,10.448,8.026,4.652,-2.260,-4.658,6.530,9.602,-4.242,6.058
57.6600,5,-1.469,-0.590,0.115,-2.969,7.188,5.270,10.448,8.026,4.651,-2.260,-4.658,6.531,9.602,-4.243,6.059
57.6700,5,-1.464,-0.589,0.114,-2.969,7.187,5.270,10.448,8.025,4.651,-2.260,-4.658,6.531,9.602,-4.243,6.059
57.6800,5,-1.459,-0.587,0.112,-2.969,7.187,5.270,10.448,8.025,4.651,-2.260,-4.659,6.531,9.602,-4.243,6.059
57.6900,5,-1.454,-0.586,0.110,-2.969,7.187,5.271,10.447,8.024,4.651,-2.260,-4.659,6.532,9.602,-4.243,6.060
57.7000,5,-1.449,-0.584,0.109,-2.969,7.187,5.271,10.447,8.024,4.651,-2.260,-4.659,6.532,9.602,-4.243,6.060
57.7100,5,-1.445,-0.583,0.107,-2.969,7.187,5.271,10.447,8.023,4.651,-2.260,-4.659,6.532,9.602,-4.243,6.060
57.7200,5,-1.440,-0.581,0.106,-2.969,7.187,5.271,10.447,8.023,4.650,-2.260,-4.660,6.533,9.602,-4.244,6.061
57.7300,5,-1.435,-0.580,0.104,-2.968,7.187,5.272,10.446,8.022,4.650,-2.260,-4.660,6.533,9.602,-4.244,6.061
57.7400,5,-1.430,-0.578,0.103,-2.968,7.186,5.272,10.446,8.022,4.650,-2.260,-4.660,6.533,9.602,-4.244,6.061
57.7500,5,-1.425,-0.576,0.101,-2.968,7.186,5.272,10.446,8.021,4.650,-2.260,-4.661,6.533,9.603,-4.244,6.062
57.7600,5,-1.420,-0.575,0.099,-2.968,7.186,5.273,10.445,8.020,4.650,-2.260,-4.661,6.534,9.603,-4.244,6.062
57.7700,5,-1.415,-0.573,0.098,-2.968,7.186,5.273,10.445,8.020,4.650,-2.261,-4.661,6.534,9.603,-4.244,6.063
57.7800,5,-1.410,-0.571,0.096,-2.968,7.186,5.273,10.445,8.019,4.649,-2.261,-4.662,6.535,9.603,-4.245,6.063
57.7900,5,-1.405,-0.570,0.095,-2.968,7.186,5.274,10.444,8.019,4.649,-2.261,-4.662,6.535,9.603,-4.245,6.063
57.8000,5,-1.400,-0.568,0.093,-2.968,7.186,5.274,10.444,8.018,4.649,-2.261,-4.662,6.535,9.603,-4.245,6.064
57.8100,5,-1.395,-0.566,0.091,-2.968,7.185,5.275,10.444,8.018,4.649,-2.261,-4.663,6.536,9.603,-4.245,6.064
57.8200,5,-1.390,-0.565,0.090,-2.968,7.185,5.275,10.444,8.017,4.649,-2.261,-4.663,6.536,9.603,-4.245,6.064
57.8300,5,-1.385,-0.563,0.088,-2.967,7.185,5.275,10.443,8.017,4.649,-2.261,-4.663,6.536,9.603,-4.246,6.065
57.8400,5,-1.380,-0.561,0.086,-2.967,7.185,5.276,10.443,8.016,4.648,-2.261,-4.663,6.537,9.603,-4.246,6.065
57.8500,5,-1.376,-0.559,0.085,-2.967,7.185,5.276,10.443,8.016,4.648,-2.261,-4.664,6.537,9.603,-4.246,6.066
57.8600,5,-1.371,-0.558,0.083,-2.967,7.185,5.276,10.442,8.015,4.648,-2.261,-4.664,6.537,9.603,-4.246,6.066
57.8700,5,-1.366,-0.556,0.081,-2.967,7.185,5.277,10.442,8.015,4.648,-2.261,-4.664,6.538,9.603,-4.246,6.066
57.8800,5,-1.361,-0.554,0.080,-2.967,7.184,5.277,10.441,8.014,4.648,-2.261,-4.665,6.538,9.603,-4.246,6.067
57.8900,5,-1.356,-0.552,0.078,-2.967,7.184,5.278,10.441,8.014,4.648,-2.261,-4.665,6.539,9.603,-4.247,6.067
57.9000,5,-1.351,-0.551,0.076,-2.967,7.184,5.278,10.441,8.013,4.647,-2.261,-4.665,6.539,9.603,-4.247,6.068
57.9100,5,-1.346,-0.549,0.075,-2.967,7.184,5.278,10.440,8.013,4.647,-2.261,-4.666,6.539,9.603,-4.247,6.068
57.9200,5,-1.341,-0.547,0.073,-2.967,7.184,5.279,10.440,8.012,4.647,-2.261,-4.666,6.540,9.603,-4.247,6.069
57.9300,5,-1.336,-0.545,0.071,-2.967,7.184,5.279,10.440,8.011,4.647,-2.262,-4.666,6.540,9.603,-4.247,6.069
57.9400,5,-1.331,-0.543,0.070,-2.967,7.184,5.280,10.439,8.011,4.647,-2.262,-4.667,6.541,9.603,-4.248,6.070
57.9500,5,-1.327,-0.541,0.068,-2.966,7.183,5.280,10.439,8.010,4.647,-2.262,-4.667,6.541,9.603,-4.248,6.070
57.9600,5,-1.322,-0.539,0.066,-2.966,7.183,5.281,10.439,8.010,4.646,-2.262,-4.667,6.542,9.603,-4.248,6.070
57.9700,5,-1.317,-0.537,0.065,-2.966,7.183,5.281,10.438,8.009,4.646,-2.262,-4.668,6.542,9.603,-4.248,6.071
57.9800,5,-1.312,-0.536,0.063,-2.966,7.183,5.282,10.438,8.009,4.646,-2.262,-4.668,6.543,9.603,-4.248,6.071
57.9900,5,-1.307,-0.534,0.061,-2.966,7.183,5.282,10.437,8.008,4.646,-2.262,-4.668,6.543,9.603,-4.248,6.072
58.0000,5,-1.303,-0.532,0.060,-2.966,7.183,5.282,10.437,8.008,4.646,-2.262,-4.669,6.543,9.603,-4.249,6.072
58.0100,5,-1.298,-0.530,0.058,-2.966,7.182,5.283,10.437,8.007,4.645,-2.262,-4.669,6.544,9.603,-4.249,6.073
58.0200,5,-1.293,-0.528,0.056,-2.966,7.182,5.283,10.436,8.007,4.645,-2.262,-4.669,6.544,9.603,-4.249,6.073
58.0300,5,-1.288,-0.526,0.054,-2.966,7.182,5.284,10.436,8.006,4.645,-2.263,-4.670,6.545,9.603,-4.249,6.074
58.0400,5,-1.283,-0.524,0.053,-2.966,7.182,5.284,10.435,8.005,4.645,-2.263,-4.670,6.545,9.603,-4.249,6.074
58.0500,5,-1.279,-0.522,0.051,-2.966,7.182,5.285,10.435,8.005,4.645,-2.263,-4.670,6.546,9.603,-4.250,6.075
58.0600,5,-1.274,-0.520,0.049,-2.966,7.182,5.285,10.435,8.004,4.645,-2.263,-4.671,6.546,9.603,-4.250,6.075
58.0700,5,-1.269,-0.517,0.048,-2.966,7.181,5.286,10.434,8.004,4.644,-2.263,-4.671,6.547,9.603,-4.250,6.076
58.0800,5,-1.265,-0.515,0.046,-2.966,7.181,5.286,10.434,8.003,4.644,-2.263,-4.671,6.547,9.603,-4.250,6.076
58.0900,5,-1.260,-0.513,0.044,-2.966,7.181,5.287,10.433,8.003,4.644,-2.263,-4.672,6.548,9.603,-4.250,6.077
58.1000,5,-1.255,-0.511,0.042,-2.966,7.181,5.287,10.433,8.002,4.644,-2.263,-4.672,6.548,9.603,-4.251,6.077
58.1100,5,-1.251,-0.509,0.041,-2.965,7.181,5.288,10.433,8.002,4.644,-2.264,-4.672,6.549,9.603,-4.251,6.078
58.1200,5,-1.246,-0.507,0.039,-2.965,7.181,5.288,10.432,8.001,4.644,-2.264,-4.673,6.549,9.603,-4.251,6.078
58.1300,5,-1.242,-0.505,0.037,-2.965,7.180,5.289,10.432,8.000,4.643,-2.264,-4.673,6.550,9.603,-4.251,6.079
58.1400,5,-1.237,-0.503,0.036,-2.965,7.180,5.289,10.431,8.000,4.643,-2.264,-4.673,6.550,9.603,-4.251,6.080
58.1500,5,-1.233,-0.500,0.034,-2.965,7.180,5.290,10.431,7.999,4.643,-2.264,-4.674,6.551,9.603,-4.252,6.080
58.1600,5,-1.228,-0.498,0.032,-2.965,7.180,5.291,10.430,7.999,4.643,-2.264,-4.674,6.552,9.603,-4.252,6.081
58.1700,5,-1.224,-0.496,0.030,-2.965,7.180,5.291,10.430,7.998,4.643,-2.264,-4.675,6.552,9.603,-4.252,6.081
58.1800,5,-1.219,-0.494,0.029,-2.965,7.180,5.292,10.430,7.998,4.643,-2.264,-4.675,6.553,9.603,-4.252,6.082
58.1900,5,-1.215,-0.491,0.027,-2.965,7.179,5.292,10.429,7.997,4.642,-2.265,-4.675,6.553,9.603,-4.252,6.082
58.2000,5,-1.210,-0.489,0.025,-2.965,7.179,5.293,10.429,7.996,4.642,-2.265,-4.676,6.554,9.603,-4.253,6.083
58.2100,5,-1.206,-0.487,0.023,-2.965,7.179,5.293,10.428,7.996,4.642,-2.265,-4.676,6.554,9.603,-4.253,6.083
58.2200,5,-1.201,-0.484,0.022,-2.965,7.179,5.294,10.428,7.995,4.642,-2.265,-4.676,6.555,9.603,-4.253,6.084
58.2300,5,-1.197,-0.482,0.020,-2.965,7.179,5.294,10.427,7.995,4.642,-2.265,-4.677,6.555,9.603,-4.253,6.085
58.2400,5,-1.193,-0.480,0.018,-2.965,7.179,5.295,10.427,7.994,4.642,-2.265,-4.677,6.556,9.603,-4.254,6.085
58.2500,5,-1.188,-0.477,0.016,-2.965,7.178,5.296,10.426,7.993,4.641,-2.266,-4.677,6.557,9.603,-4.254,6.086
58.2600,5,-1.184,-0.475,0.015,-2.965,7.178,5.296,10.426,7.993,4.641,-2.266,-4.678,6.557,9.603,-4.254,6.086
58.2700,5,-1.180,-0.473,0.013,-2.965,7.178,5.297,10.425,7.992,4.641,-2.266,-4.678,6.558,9.603,-4.254,6.087
58.2800,5,-1.176,-0.470,0.011,-2.965,7.178,5.297,10.425,7.992,4.641,-2.266,-4.678,6.558,9.603,-4.254,6.088
58.2900,5,-1.172,-0.468,0.009,-2.965,7.178,5.298,10.424,7.991,4.641,-2.266,-4.679,6.559,9.603,-4.255,6.088
58.3000,5,-1.167,-0.465,0.008,-2.965,7.178,5.299,10.424,7.991,4.641,-2.266,-4.679,6.560,9.603,-4.255,6.089
58.3100,5,-1.163,-0.463,0.006,-2.965,7.177,5.299,10.423,7.990,4.640,-2.266,-4.680,6.560,9.603,-4.255,6.089
58.3200,5,-1.159,-0.460,0.004,-2.965,7.177,5.300,10.423,7.989,4.640,-2.267,-4.680,6.561,9.603,-4.255,6.090
58.3300,5,-1.155,-0.458,0.002,-2.965,7.177,5.301,10.422,7.989,4.640,-2.267,-4.680,6.561,9.603,-4.255,6.091
58.3400,5,-1.151,-0.455,0.001,-2.965,7.177,5.301,10.422,7.988,4.640,-2.267,-4.681,6.562,9.603,-4.256,6.091
58.3500,5,-1.147,-0.452,-0.001,-2.965,7.177,5.302,10.422,7.988,4.640,-2.267,-4.681,6.563,9.603,-4.256,6.092
58.3600,5,-1.143,-0.450,-0.003,-2.965,7.177,5.302,10.421,7.987,4.639,-2.267,-4.681,6.563,9.602,-4.256,6.092
58.3700,5,-1.139,-0.447,-0.005,-2.965,7.176,5.303,10.421,7.986,4.639,-2.268,-4.682,6.564,9.602,-4.256,6.093
58.3800,5,-1.135,-0.445,-0.006,-2.965,7.176,5.304,10.420,7.986,4.639,-2.268,-4.682,6.565,9.602,-4.256,6.094
58.3900,5,-1.132,-0.442,-0.008,-2.965,7.176,5.304,10.420,7.985,4.639,-2.268,-4.682,6.565,9.602,-4.257,6.094
58.4000,5,-1.128,-0.439,-0.010,-2.965,7.176,5.305,10.419,7.985,4.639,-2.268,-4.683,6.566,9.602,-4.257,6.095
58.4100,5,-1.124,-0.437,-0.012,-2.965,7.176,5.306,10.419,7.984,4.639,-2.268,-4.683,6.567,9.602,-4.257,6.096
58.4200,5,-1.120,-0.434,-0.013,-2.965,7.175,5.306,10.418,7.983,4.638,-2.268,-4.683,6.567,9.602,-4.257,6.096
58.4300,5,-1.116,-0.431,-0.015,-2.965,7.175,5.307,10.418,7.983,4.638,-2.269,-4.684,6.568,9.602,-4.258,6.097
58.4400,5,-1.113,-0.428,-0.017,-2.965,7.175,5.308,10.417,7.982,4.638,-2.269,-4.684,6.569,9.602,-4.258,6.098
58.4500,5,-1.109,-0.426,-0.019,-2.965,7.175,5.308,10.416,7.982,4.638,-2.269,-4.685,6.569,9.602,-4.258,6.098
58.4600,5,-1.106,-0.423,-0.020,-2.965,7.175,5.309,10.416,7.981,4.638,-2.269,-4.685,6.570,9.602,-4.258,6.099
58.4700,5,-1.102,-0.420,-0.022,-2.965,7.175,5.310,10.415,7.981,4.638,-2.269,-4.685,6.571,9.602,-4.258,6.100
58.4800,5,-1.098,-0.417,-0.024,-2.965,7.174,5.310,10.415,7.980,4.637,-2.270,-4.686,6.571,9.602,-4.259,6.100
58.4900,5,-1.095,-0.414,-0.026,-2.965,7.174,5.311,10.414,7.979,4.637,-2.270,-4.686,6.572,9.602,-4.259,6.101
58.5000,5,-1.091,-0.412,-0.027,-2.965,7.174,5.312,10.414,7.979,4.637,-2.270,-4.686,6.573,9.602,-4.259,6.102
58.5100,5,-1.088,-0.409,-0.029,-2.965,7.174,5.312,10.413,7.978,4.637,-2.270,-4.687,6.573,9.602,-4.259,6.102
58.5200,5,-1.085,-0.406,-0.031,-2.965,7.174,5.313,10.413,7.978,4.637,-2.270,-4.687,6.574,9.601,-4.260,6.103
58.5300,5,-1.081,-0.403,-0.032,-2.965,7.173,5.314,10.412,7.977,4.636,-2.271,-4.688,6.575,9.601,-4.260,6.104
58.5400,5,-1.078,-0.400,-0.034,-2.965,7.173,5.314,10.412,7.976,4.636,-2.271,-4.688,6.575,9.601,-4.260,6.104
58.5500,5,-1.075,-0.397,-0.036,-2.965,7.173,5.315,10.411,7.976,4.636,-2.271,-4.688,6.576,9.601,-4.260,6.105
58.5600,5,-1.071,-0.394,-0.038,-2.965,7.173,5.316,10.411,7.975,4.636,-2.271,-4.689,6.577,9.601,-4.260,6.106
58.5700,5,-1.068,-0.391,-0.039,-2.965,7.173,5.317,10.410,7.974,4.636,-2.271,-4.689,6.578,9.601,-4.261,6.106
58.5800,5,-1.065,-0.388,-0.041,-2.965,7.173,5.317,10.410,7.974,4.636,-2.272,-4.689,6.578,9.601,-4.261,6.107
58.5900,5,-1.062,-0.385,-0.043,-2.965,7.172,5.318,10.409,7.973,4.635,-2.272,-4.690,6.579,9.601,-4.261,6.108
58.6000,5,-1.059,-0.382,-0.045,-2.965,7.172,5.319,10.408,7.973,4.635,-2.272,-4.690,6.580,9.601,-4.261,6.109
58.6100,5,-1.056,-0.379,-0.046,-2.965,7.172,5.320,10.408,7.972,4.635,-2.272,-4.691,6.580,9.601,-4.262,6.109
58.6200,5,-1.053,-0.375,-0.048,-2.965,7.172,5.320,10.407,7.971,4.635,-2.272,-4.691,6.581,9.601,-4.262,6.110
58.6300,5,-1.050,-0.372,-0.050,-2.965,7.172,5.321,10.407,7.971,4.635,-2.273,-4.691,6.582,9.601,-4.262,6.111
58.6400,5,-1.047,-0.369,-0.051,-2.965,7.171,5.322,10.406,7.970,4.634,-2.273,-4.692,6.583,9.600,-4.262,6.111
58.6500,5,-1.044,-0.366,-0.053,-2.965,7.171,5.322,10.406,7.970,4.634,-2.273,-4.692,6.583,9.600,-4.263,6.112
58.6600,5,-1.041,-0.363,-0.055,-2.965,7.171,5.323,10.405,7.969,4.634,-2.273,-4.692,6.584,9.600,-4.263,6.113
58.6700,5,-1.039,-0.359,-0.057,-2.965,7.171,5.324,10.405,7.968,4.634,-2.274,-4.693,6.585,9.600,-4.263,6.114
58.6800,5,-1.036,-0.356,-0.058,-2.965,7.171,5.325,10.404,7.968,4.634,-2.274,-4.693,6.586,9.600,-4.263,6.114
58.6900,5,-1.033,-0.353,-0.060,-2.965,7.170,5.325,10.403,7.967,4.634,-2.274,-4.694,6.586,9.600,-4.263,6.115
58.7000,5,-1.030,-0.350,-0.062,-2.965,7.170,5.326,10.403,7.967,4.633,-2.274,-4.694,6.587,9.600,-4.264,6.116
58.7100,5,-1.028,-0.346,-0.063,-2.965,7.170,5.327,10.402,7.966,4.633,-2.275,-4.694,6.588,9.600,-4.264,6.117
58.7200,5,-1.025,-0.343,-0.065,-2.965,7.170,5.328,10.402,7.965,4.633,-2.275,-4.695,6.589,9.600,-4.264,6.117
58.7300,5,-1.023,-0.340,-0.067,-2.965,7.170,5.329,10.401,7.965,4.633,-2.275,-4.695,6.589,9.600,-4.264,6.118
58.7400,5,-1.020,-0.336,-0.068,-2.965,7.169,5.329,10.401,7.964,4.633,-2.275,-4.695,6.590,9.600,-4.265,6.119
58.7500,5,-1.018,-0.333,-0.070,-2.965,7.169,5.330,10.400,7.963,4.632,-2.275,-4.696,6.591,9.599,-4.265,6.119
58.7600,5,-1.015,-0.329,-0.072,-2.965,7.169,5.331,10.399,7.963,4.632,-2.276,-4.696,6.592,9.599,-4.265,6.120
58.7700,5,-1.013,-0.326,-0.073,-2.965,7.169,5.332,10.399,7.962,4.632,-2.276,-4.697,6.593,9.599,-4.265,6.121
58.7800,5,-1.011,-0.322,-0.075,-2.965,7.169,5.332,10.398,7.962,4.632,-2.276,-4.697,6.593,9.599,-4.266,6.122
58.7900,5,-1.009,-0.319,-0.077,-2.965,7.169,5.333,10.398,7.961,4.632,-2.276,-4.697,6.594,9.599,-4.266,6.123
58.8000,5,-1.006,-0.315,-0.078,-2.965,7.168,5.334,10.397,7.960,4.631,-2.277,-4.698,6.595,9.599,-4.266,6.123
58.8100,5,-1.004,-0.312,-0.080,-2.965,7.168,5.335,10.397,7.960,4.631,-2.277,-4.698,6.596,9.599,-4.266,6.124
58.8200,5,-1.002,-0.308,-0.082,-2.965,7.168,5.336,10.396,7.959,4.631,-2.277,-4.699,6.596,9.599,-4.266,6.125
58.8300,5,-1.000,-0.305,-0.083,-2.965,7.168,5.336,10.395,7.959,4.631,-2.277,-4.699,6.597,9.599,-4.267,6.126
58.8400,5,-0.998,-0.301,-0.085,-2.965,7.168,5.337,10.395,7.958,4.631,-2.278,-4.699,6.598,9.598,-4.267,6.126
58.8500,5,-0.996,-0.297,-0.087,-2.965,7.167,5.338,10.394,7.957,4.631,-2.278,-4.700,6.599,9.598,-4.267,6.127
58.8600,5,-0.994,-0.294,-0.088,-2.965,7.167,5.339,10.394,7.957,4.630,-2.278,-4.700,6.600,9.598,-4.267,6.128
58.8700,5,-0.992,-0.290,-0.090,-2.965,7.167,5.340,10.393,7.956,4.630,-2.278,-4.701,6.600,9.598,-4.268,6.129
58.8800,5,-0.990,-0.286,-0.092,-2.965,7.167,5.340,10.392,7.955,4.630,-2.279,-4.701,6.601,9.598,-4.268,6.129
58.8900,5,-0.988,-0.283,-0.093,-2.965,7.167,5.341,10.392,7.955,4.630,-2.279,-4.701,6.602,9.598,-4.268,6.130
58.9000,5,-0.987,-0.279,-0.095,-2.965,7.166,5.342,10.391,7.954,4.630,-2.279,-4.702,6.603,9.598,-4.268,6.131
58.9100,5,-0.985,-0.275,-0.097,-2.965,7.166,5.343,10.391,7.954,4.629,-2.279,-4.702,6.604,9.598,-4.269,6.132
58.9200,5,-0.983,-0.271,-0.098,-2.965,7.166,5.344,10.390,7.953,4.629,-2.280,-4.702,6.605,9.598,-4.269,6.132
58.9300,5,-0.982,-0.268,-0.100,-2.965,7.166,5.344,10.389,7.952,4.629,-2.280,-4.703,6.605,9.597,-4.269,6.133
58.9400,5,-0.980,-0.264,-0.101,-2.965,7.166,5.345,10.389,7.952,4.629,-2.280,-4.703,6.606,9.597,-4.269,6.134
58.9500,5,-0.979,-0.260,-0.103,-2.965,7.165,5.346,10.388,7.951,4.628,-2.280,-4.704,6.607,9.597,-4.270,6.135
58.9600,5,-0.977,-0.256,-0.105,-2.966,7.165,5.347,10.387,7.950,4.628,-2.281,-4.704,6.608,9.597,-4.270,6.136
58.9700,5,-0.976,-0.252,-0.106,-2.966,7.165,5.348,10.387,7.950,4.628,-2.281,-4.704,6.609,9.597,-4.270,6.136
58.9800,5,-0.974,-0.248,-0.108,-2.966,7.165,5.349,10.386,7.949,4.628,-2.281,-4.705,6.609,9.597,-4.270,6.137
58.9900,5,-0.973,-0.244,-0.109,-2.966,7.165,5.349,10.386,7.949,4.628,-2.281,-4.705,6.610,9.597,-4.271,6.138
59.0000,5,-0.971,-0.240,-0.111,-2.966,7.164,5.350,10.385,7.948,4.627,-2.282,-4.706,6.611,9.597,-4.271,6.139
59.0100,5,-0.970,-0.236,-0.112,-2.966,7.164,5.351,10.384,7.947,4.627,-2.282,-4.706,6.612,9.596,-4.271,6.140
59.0200,5,-0.969,-0.232,-0.114,-2.966,7.164,5.352,10.384,7.947,4.627,-2.282,-4.706,6.613,9.596,-4.271,6.140
59.0300,5,-0.968,-0.228,-0.116,-2.966,7.164,5.353,10.383,7.946,4.627,-2.283,-4.707,6.614,9.596,-4.271,6.141
59.0400,5,-0.967,-0.224,-0.117,-2.966,7.164,5.354,10.382,7.945,4.627,-2.283,-4.707,6.614,9.596,-4.272,6.142
59.0500,5,-0.966,-0.220,-0.119,-2.966,7.163,5.354,10.382,7.945,4.626,-2.283,-4.708,6.615,9.596,-4.272,6.143
59.0600,5,-0.965,-0.216,-0.120,-2.966,7.163,5.355,10.381,7.944,4.626,-2.283,-4.708,6.616,9.596,-4.272,6.144
59.0700,5,-0.964,-0.212,-0.122,-2.966,7.163,5.356,10.381,7.943,4.626,-2.284,-4.708,6.617,9.596,-4.272,6.144
59.0800,5,-0.963,-0.208,-0.123,-2.966,7.163,5.357,10.380,7.943,4.626,-2.284,-4.709,6.618,9.595,-4.273,6.145
59.0900,5,-0.962,-0.204,-0.125,-2.966,7.163,5.358,10.379,7.942,4.626,-2.284,-4.709,6.619,9.595,-4.273,6.146
59.1000,5,-0.961,-0.199,-0.126,-2.966,7.162,5.359,10.379,7.942,4.625,-2.285,-4.709,6.620,9.595,-4.273,6.147
59.1100,5,-0.960,-0.195,-0.128,-2.966,7.162,5.359,10.378,7.941,4.625,-2.285,-4.710,6.620,9.595,-4.273,6.148
59.1200,5,-0.959,-0.191,-0.129,-2.966,7.162,5.360,10.377,7.940,4.625,-2.285,-4.710,6.621,9.595,-4.274,6.148
59.1300,5,-0.958,-0.187,-0.131,-2.966,7.162,5.361,10.377,7.940,4.625,-2.285,-4.711,6.622,9.595,-4.274,6.149
59.1400,5,-0.958,-0.182,-0.132,-2.966,7.162,5.362,10.376,7.939,4.624,-2.286,-4.711,6.623,9.595,-4.274,6.150
59.1500,5,-0.957,-0.178,-0.134,-2.966,7.161,5.363,10.375,7.938,4.624,-2.286,-4.711,6.624,9.594,-4.274,6.151
59.1600,5,-0.956,-0.174,-0.135,-2.967,7.161,5.364,10.375,7.938,4.624,-2.286,-4.712,6.625,9.594,-4.275,6.152
59.1700,5,-0.956,-0.169,-0.137,-2.967,7.161,5.365,10.374,7.937,4.624,-2.287,-4.712,6.626,9.594,-4.275,6.152
59.1800,5,-0.955,-0.165,-0.138,-2.967,7.161,5.365,10.374,7.937,4.624,-2.287,-4.713,6.626,9.594,-4.275,6.153
59.1900,5,-0.955,-0.161,-0.140,-2.967,7.161,5.366,10.373,7.936,4.623,-2.287,-4.713,6.627,9.594,-4.275,6.154
59.2000,5,-0.954,-0.156,-0.141,-2.967,7.160,5.367,10.372,7.935,4.623,-2.287,-4.713,6.628,9.594,-4.276,6.155
59.2100,5,-0.954,-0.152,-0.142,-2.967,7.160,5.368,10.372,7.935,4.623,-2.288,-4.714,6.629,9.594,-4.276,6.156
59.2200,5,-0.954,-0.147,-0.144,-2.967,7.160,5.369,10.371,7.934,4.623,-2.288,-4.714,6.630,9.593,-4.276,6.157
59.2300,5,-0.953,-0.143,-0.145,-2.967,7.160,5.370,10.370,7.933,4.622,-2.288,-4.715,6.631,9.593,-4.276,6.157
59.2400,5,-0.953,-0.138,-0.147,-2.967,7.160,5.371,10.370,7.933,4.622,-2.289,-4.715,6.632,9.593,-4.277,6.158
59.2500,5,-0.953,-0.134,-0.148,-2.967,7.159,5.371,10.369,7.932,4.622,-2.289,-4.715,6.632,9.593,-4.277,6.159
59.2600,5,-0.953,-0.129,-0.150,-2.967,7.159,5.372,10.368,7.931,4.622,-2.289,-4.716,6.633,9.593,-4.277,6.160
59.2700,5,-0.953,-0.125,-0.151,-2.967,7.159,5.373,10.368,7.931,4.621,-2.289,-4.716,6.634,9.593,-4.277,6.161
59.2800,5,-0.952,-0.120,-0.152,-2.967,7.159,5.374,10.367,7.930,4.621,-2.290,-4.717,6.635,9.593,-4.278,6.161
59.2900,5,-0.952,-0.116,-0.154,-2.967,7.159,5.375,10.366,7.930,4.621,-2.290,-4.717,6.636,9.592,-4.278,6.162
59.3000,5,-0.952,-0.111,-0.155,-2.967,7.158,5.376,10.366,7.929,4.621,-2.290,-4.717,6.637,9.592,-4.278,6.163
59.3100,5,-0.952,-0.106,-0.156,-2.968,7.158,5.377,10.365,7.928,4.620,-2.291,-4.718,6.638,9.592,-4.278,6.164
59.3200,5,-0.952,-0.102,-0.158,-2.968,7.158,5.378,10.364,7.928,4.620,-2.291,-4.718,6.639,9.592,-4.279,6.165
59.3300,5,-0.952,-0.097,-0.159,-2.968,7.158,5.378,10.364,7.927,4.620,-2.291,-4.719,6.639,9.592,-4.279,6.165
59.3400,5,-0.953,-0.092,-0.161,-2.968,7.158,5.379,10.363,7.926,4.620,-2.292,-4.719,6.640,9.592,-4.279,6.166
59.3500,5,-0.953,-0.087,-0.162,-2.968,7.157,5.380,10.362,7.926,4.619,-2.292,-4.719,6.641,9.591,-4.279,6.167
59.3600,5,-0.953,-0.083,-0.163,-2.968,7.157,5.381,10.362,7.925,4.619,-2.292,-4.720,6.642,9.591,-4.280,6.168
59.3700,5,-0.953,-0.078,-0.165,-2.968,7.157,5.382,10.361,7.925,4.619,-2.293,-4.720,6.643,9.591,-4.280,6.169
59.3800,5,-0.953,-0.073,-0.166,-2.968,7.157,5.383,10.360,7.924,4.619,-2.293,-4.721,6.644,9.591,-4.280,6.170
59.3900,5,-0.954,-0.068,-0.167,-2.968,7.157,5.384,10.359,7.923,4.618,-2.293,-4.721,6.645,9.591,-4.280,6.170
59.4000,5,-0.954,-0.063,-0.168,-2.968,7.156,5.384,10.359,7.923,4.618,-2.293,-4.721,6.646,9.591,-4.281,6.171
59.4100,5,-0.955,-0.059,-0.170,-2.968,7.156,5.385,10.358,7.922,4.618,-2.294,-4.722,6.646,9.590,-4.281,6.172
59.4200,5,-0.955,-0.054,-0.171,-2.968,7.156,5.386,10.357,7.921,4.618,-2.294,-4.722,6.647,9.590,-4.281,6.173
59.4300,5,-0.955,-0.049,-0.172,-2.968,7.156,5.387,10.357,7.921,4.617,-2.294,-4.723,6.648,9.590,-4.281,6.174
59.4400,5,-0.956,-0.044,-0.174,-2.968,7.156,5.388,10.356,7.920,4.617,-2.295,-4.723,6.649,9.590,-4.282,6.174
59.4500,5,-0.956,-0.039,-0.175,-2.969,7.155,5.389,10.355,7.919,4.617,-2.295,-4.723,6.650,9.590,-4.282,6.175
59.4600,5,-0.957,-0.034,-0.176,-2.969,7.155,5.390,10.355,7.919,4.617,-2.295,-4.724,6.651,9.590,-4.282,6.176
59.4700,6,-0.958,-0.029,-0.177,-2.969,7.155,5.391,10.354,7.918,4.616,-2.296,-4.724,6.652,9.589,-4.282,6.177
59.4800,6,-0.958,-0.024,-0.179,-2.969,7.155,5.391,10.353,7.918,4.616,-2.296,-4.725,6.653,9.589,-4.282,6.178
59.4900,6,-0.959,-0.019,-0.180,-2.969,7.155,5.392,10.353,7.917,4.616,-2.296,-4.725,6.653,9.589,-4.283,6.179
59.5000,6,-0.960,-0.014,-0.181,-2.969,7.154,5.393,10.352,7.916,4.615,-2.297,-4.725,6.654,9.589,-4.283,6.179
59.5100,6,-0.960,-0.009,-0.182,-2.969,7.154,5.394,10.351,7.916,4.615,-2.297,-4.726,6.655,9.589,-4.283,6.180
59.5200,6,-0.961,-0.004,-0.183,-2.969,7.154,5.395,10.350,7.915,4.615,-2.297,-4.726,6.656,9.589,-4.283,6.181
59.5300,6,-0.962,0.001,-0.185,-2.969,7.154,5.396,10.350,7.914,4.615,-2.298,-4.727,6.657,9.588,-4.284,6.182
59.5400,6,-0.963,0.006,-0.186,-2.969,7.154,5.397,10.349,7.914,4.614,-2.298,-4.727,6.658,9.588,-4.284,6.183
59.5500,6,-0.964,0.012,-0.187,-2.969,7.153,5.398,10.348,7.913,4.614,-2.298,-4.727,6.659,9.588,-4.284,6.183
59.5600,6,-0.964,0.017,-0.188,-2.970,7.153,5.398,10.348,7.912,4.614,-2.299,-4.728,6.660,9.588,-4.284,6.184
59.5700,6,-0.965,0.022,-0.189,-2.970,7.153,5.399,10.347,7.912,4.614,-2.299,-4.728,6.660,9.588,-4.285,6.185
59.5800,6,-0.966,0.027,-0.190,-2.970,7.153,5.400,10.346,7.911,4.613,-2.299,-4.728,6.661,9.587,-4.285,6.186
59.5900,6,-0.967,0.032,-0.191,-2.970,7.153,5.401,10.345,7.911,4.613,-2.300,-4.729,6.662,9.587,-4.285,6.187
59.6000,6,-0.968,0.037,-0.193,-2.970,7.152,5.402,10.345,7.910,4.613,-2.300,-4.729,6.663,9.587,-4.285,6.187
59.6100,6,-0.969,0.043,-0.194,-2.970,7.152,5.403,10.344,7.909,4.612,-2.300,-4.730,6.664,9.587,-4.286,6.188
59.6200,6,-0.970,0.048,-0.195,-2.970,7.152,5.404,10.343,7.909,4.612,-2.301,-4.730,6.665,9.587,-4.286,6.189
59.6300,6,-0.971,0.053,-0.196,-2.970,7.152,5.404,10.343,7.908,4.612,-2.301,-4.730,6.666,9.586,-4.286,6.190
59.6400,6,-0.972,0.059,-0.197,-2.970,7.152,5.405,10.342,7.907,4.611,-2.301,-4.731,6.666,9.586,-4.286,6.191
59.6500,6,-0.974,0.064,-0.198,-2.970,7.151,5.406,10.341,7.907,4.611,-2.302,-4.731,6.667,9.586,-4.287,6.191
59.6600,6,-0.975,0.069,-0.199,-2.970,7.151,5.407,10.340,7.906,4.611,-2.302,-4.732,6.668,9.586,-4.287,6.192
59.6700,6,-0.976,0.075,-0.200,-2.971,7.151,5.408,10.340,7.906,4.611,-2.302,-4.732,6.669,9.586,-4.287,6.193
59.6800,6,-0.977,0.080,-0.201,-2.971,7.151,5.409,10.339,7.905,4.610,-2.303,-4.732,6.670,9.586,-4.287,6.194
59.6900,6,-0.978,0.085,-0.202,-2.971,7.151,5.410,10.338,7.904,4.610,-2.303,-4.733,6.671,9.585,-4.288,6.195
59.7000,6,-0.980,0.091,-0.203,-2.971,7.150,5.411,10.338,7.904,4.610,-2.303,-4.733,6.672,9.585,-4.288,6.195
59.7100,6,-0.981,0.096,-0.204,-2.971,7.150,5.411,10.337,7.903,4.609,-2.304,-4.734,6.673,9.585,-4.288,6.196
59.7200,6,-0.982,0.102,-0.205,-2.971,7.150,5.412,10.336,7.902,4.609,-2.304,-4.734,6.673,9.585,-4.288,6.197
59.7300,6,-0.984,0.107,-0.206,-2.971,7.150,5.413,10.335,7.902,4.609,-2.305,-4.734,6.674,9.585,-4.289,6.198
59.7400,6,-0.985,0.113,-0.207,-2.971,7.150,5.414,10.335,7.901,4.608,-2.305,-4.735,6.675,9.584,-4.289,6.199
59.7500,6,-0.986,0.118,-0.208,-2.971,7.149,5.415,10.334,7.900,4.608,-2.305,-4.735,6.676,9.584,-4.289,6.199
59.7600,6,-0.988,0.124,-0.209,-2.971,7.149,5.416,10.333,7.900,4.608,-2.306,-4.736,6.677,9.584,-4.289,6.200
59.7700,6,-0.989,0.129,-0.210,-2.972,7.149,5.416,10.332,7.899,4.607,-2.306,-4.736,6.678,9.584,-4.290,6.201
59.7800,6,-0.990,0.135,-0.211,-2.972,7.149,5.417,10.332,7.899,4.607,-2.306,-4.736,6.679,9.583,-4.290,6.202
59.7900,6,-0.992,0.140,-0.212,-2.972,7.149,5.418,10.331,7.898,4.607,-2.307,-4.737,6.679,9.583,-4.290,6.203
59.8000,6,-0.993,0.146,-0.213,-2.972,7.148,5.419,10.330,7.897,4.606,-2.307,-4.737,6.680,9.583,-4.290,6.203
59.8100,6,-0.995,0.151,-0.214,-2.972,7.148,5.420,10.329,7.897,4.606,-2.307,-4.738,6.681,9.583,-4.291,6.204
59.8200,6,-0.996,0.157,-0.215,-2.972,7.148,5.421,10.329,7.896,4.606,-2.308,-4.738,6.682,9.583,-4.291,6.205
59.8300,6,-0.998,0.163,-0.216,-2.972,7.148,5.422,10.328,7.895,4.605,-2.308,-4.738,6.683,9.582,-4.291,6.206
59.8400,6,-0.999,0.168,-0.217,-2.972,7.148,5.422,10.327,7.895,4.605,-2.308,-4.739,6.684,9.582,-4.291,6.206
59.8500,6,-1.001,0.174,-0.217,-2.972,7.147,5.423,10.326,7.894,4.605,-2.309,-4.739,6.684,9.582,-4.292,6.207
59.8600,6,-1.002,0.180,-0.218,-2.973,7.147,5.424,10.326,7.894,4.604,-2.309,-4.740,6.685,9.582,-4.292,6.208
59.8700,6,-1.004,0.185,-0.219,-2.973,7.147,5.425,10.325,7.893,4.604,-2.310,-4.740,6.686,9.582,-4.292,6.209
59.8800,6,-1.005,0.191,-0.220,-2.973,7.147,5.426,10.324,7.892,4.604,-2.310,-4.740,6.687,9.581,-4.292,6.209
59.8900,6,-1.007,0.197,-0.221,-2.973,7.147,5.427,10.323,7.892,4.603,-2.310,-4.741,6.688,9.581,-4.292,6.210
59.9000,6,-1.009,0.202,-0.222,-2.973,7.146,5.427,10.322,7.891,4.603,-2.311,-4.741,6.689,9.581,-4.293,6.211
59.9100,6,-1.010,0.208,-0.222,-2.973,7.146,5.428,10.322,7.890,4.603,-2.311,-4.741,6.689,9.581,-4.293,6.212
59.9200,6,-1.012,0.214,-0.223,-2.973,7.146,5.429,10.321,7.890,4.602,-2.311,-4.742,6.690,9.581,-4.293,6.212
59.9300,6,-1.013,0.220,-0.224,-2.973,7.146,5.430,10.320,7.889,4.602,-2.312,-4.742,6.691,9.580,-4.293,6.213
59.9400,6,-1.015,0.225,-0.225,-2.974,7.146,5.431,10.319,7.889,4.601,-2.312,-4.743,6.692,9.580,-4.294,6.214
59.9500,6,-1.017,0.231,-0.225,-2.974,7.145,5.431,10.319,7.888,4.601,-2.313,-4.743,6.693,9.580,-4.294,6.215
59.9600,6,-1.018,0.237,-0.226,-2.974,7.145,5.432,10.318,7.887,4.601,-2.313,-4.743,6.694,9.580,-4.294,6.215
59.9700,6,-1.020,0.243,-0.227,-2.974,7.145,5.433,10.317,7.887,4.600,-2.313,-4.744,6.694,9.579,-4.294,6.216
59.9800,6,-1.022,0.249,-0.228,-2.974,7.145,5.434,10.316,7.886,4.600,-2.314,-4.744,6.695,9.579,-4.295,6.217
59.9900,6,-1.023,0.254,-0.228,-2.974,7.145,5.435,10.315,7.886,4.600,-2.314,-4.745,6.696,9.579,-4.295,6.218
60.0000,6,-1.025,0.260,-0.229,-2.974,7.144,5.436,10.315,7.885,4.599,-2.315,-4.745,6.697,9.579,-4.295,6.218
60.0100,6,-1.027,0.266,-0.230,-2.974,7.144,5.436,10.314,7.884,4.599,-2.315,-4.745,6.698,9.578,-4.295,6.219
60.0200,6,-1.028,0.272,-0.231,-2.975,7.144,5.437,10.313,7.884,4.598,-2.315,-4.746,6.698,9.578,-4.296,6.220
60.0300,6,-1.030,0.278,-0.231,-2.975,7.144,5.438,10.312,7.883,4.598,-2.316,-4.746,6.699,9.578,-4.296,6.221
60.0400,6,-1.032,0.284,-0.232,-2.975,7.144,5.439,10.312,7.882,4.598,-2.316,-4.747,6.700,9.578,-4.296,6.221
60.0500,6,-1.033,0.290,-0.232,-2.975,7.143,5.440,10.311,7.882,4.597,-2.317,-4.747,6.701,9.578,-4.296,6.222
60.0600,6,-1.035,0.296,-0.233,-2.975,7.143,5.440,10.310,7.881,4.597,-2.317,-4.747,6.702,9.577,-4.297,6.223
60.0700,6,-1.037,0.301,-0.234,-2.975,7.143,5.441,10.309,7.881,4.596,-2.317,-4.748,6.702,9.577,-4.297,6.223
60.0800,6,-1.038,0.307,-0.234,-2.975,7.143,5.442,10.308,7.880,4.596,-2.318,-4.748,6.703,9.577,-4.297,6.224
60.0900,6,-1.040,0.313,-0.235,-2.975,7.143,5.443,10.308,7.879,4.596,-2.318,-4.748,6.704,9.577,-4.297,6.225
60.1000,6,-1.042,0.319,-0.236,-2.976,7.142,5.443,10.307,7.879,4.595,-2.319,-4.749,6.705,9.576,-4.297,6.226
60.1100,6,-1.043,0.325,-0.236,-2.976,7.142,5.444,10.306,7.878,4.595,-2.319,-4.749,6.706,9.576,-4.298,6.226
60.1200,6,-1.045,0.331,-0.237,-2.976,7.142,5.445,10.305,7.878,4.594,-2.319,-4.750,6.706,9.576,-4.298,6.227
60.1300,6,-1.047,0.337,-0.237,-2.976,7.142,5.446,10.304,7.877,4.594,-2.320,-4.750,6.707,9.576,-4.298,6.228
60.1400,6,-1.048,0.343,-0.238,-2.976,7.142,5.447,10.303,7.876,4.594,-2.320,-4.750,6.708,9.575,-4.298,6.228
60.1500,6,-1.050,0.349,-0.238,-2.976,7.141,5.447,10.303,7.876,4.593,-2.321,-4.751,6.709,9.575,-4.299,6.229
60.1600,6,-1.052,0.355,-0.239,-2.976,7.141,5.448,10.302,7.875,4.593,-2.321,-4.751,6.709,9.575,-4.299,6.230
60.1700,6,-1.053,0.361,-0.239,-2.977,7.141,5.449,10.301,7.875,4.592,-2.321,-4.751,6.710,9.575,-4.299,6.231
60.1800,6,-1.055,0.367,-0.240,-2.977,7.141,5.450,10.300,7.874,4.592,-2.322,-4.752,6.711,9.574,-4.299,6.231
60.1900,6,-1.057,0.373,-0.240,-2.977,7.141,5.450,10.299,7.873,4.591,-2.322,-4.752,6.712,9.574,-4.300,6.232
60.2000,6,-1.058,0.379,-0.241,-2.977,7.141,5.451,10.299,7.873,4.591,-2.323,-4.753,6.712,9.574,-4.300,6.233
60.2100,6,-1.060,0.386,-0.241,-2.977,7.140,5.452,10.298,7.872,4.591,-2.323,-4.753,6.713,9.574,-4.300,6.233
60.2200,6,-1.062,0.392,-0.242,-2.977,7.140,5.453,10.297,7.872,4.590,-2.324,-4.753,6.714,9.573,-4.300,6.234
60.2300,6,-1.063,0.398,-0.242,-2.977,7.140,5.453,10.296,7.871,4.590,-2.324,-4.754,6.715,9.573,-4.300,6.235
60.2400,6,-1.065,0.404,-0.243,-2.978,7.140,5.454,10.295,7.870,4.589,-2.324,-4.754,6.715,9.573,-4.301,6.235
60.2500,6,-1.066,0.410,-0.243,-2.978,7.140,5.455,10.294,7.870,4.589,-2.325,-4.754,6.716,9.573,-4.301,6.236
60.2600,6,-1.068,0.416,-0.243,-2.978,7.139,5.456,10.294,7.869,4.588,-2.325,-4.755,6.717,9.572,-4.301,6.237
60.2700,6,-1.070,0.422,-0.244,-2.978,7.139,5.456,10.293,7.869,4.588,-2.326,-4.755,6.718,9.572,-4.301,6.237
60.2800,6,-1.071,0.428,-0.244,-2.978,7.139,5.457,10.292,7.868,4.587,-2.326,-4.756,6.718,9.572,-4.302,6.238
60.2900,6,-1.073,0.434,-0.245,-2.978,7.139,5.458,10.291,7.867,4.587,-2.327,-4.756,6.719,9.572,-4.302,6.238
60.3000,6,-1.074,0.440,-0.245,-2.979,7.139,5.458,10.290,7.867,4.586,-2.327,-4.756,6.720,9.571,-4.302,6.239
60.3100,6,-1.076,0.447,-0.245,-2.979,7.138,5.459,10.289,7.866,4.586,-2.327,-4.757,6.721,9.571,-4.302,6.240
60.3200,6,-1.077,0.453,-0.246,-2.979,7.138,5.460,10.288,7.866,4.586,-2.328,-4.757,6.721,9.571,-4.303,6.240
60.3300,6,-1.079,0.459,-0.246,-2.979,7.138,5.461,10.288,7.865,4.585,-2.328,-4.757,6.722,9.570,-4.303,6.241
60.3400,6,-1.080,0.465,-0.246,-2.979,7.138,5.461,10.287,7.864,4.585,-2.329,-4.758,6.723,9.570,-4.303,6.242
60.3500,6,-1.082,0.471,-0.247,-2.979,7.138,5.462,10.286,7.864,4.584,-2.329,-4.758,6.723,9.570,-4.303,6.242
60.3600,6,-1.083,0.477,-0.247,-2.980,7.138,5.463,10.285,7.863,4.584,-2.330,-4.758,6.724,9.570,-4.303,6.243
60.3700,6,-1.084,0.483,-0.247,-2.980,7.137,5.463,10.284,7.863,4.583,-2.330,-4.759,6.725,9.569,-4.304,6.244
60.3800,6,-1.086,0.490,-0.247,-2.980,7.137,5.464,10.283,7.862,4.583,-2.330,-4.759,6.726,9.569,-4.304,6.244
60.3900,6,-1.087,0.496,-0.248,-2.980,7.137,5.465,10.282,7.862,4.582,-2.331,-4.760,6.726,9.569,-4.304,6.245
60.4000,6,-1.088,0.502,-0.248,-2.980,7.137,5.465,10.282,7.861,4.582,-2.331,-4.760,6.727,9.568,-4.304,6.245
60.4100,6,-1.090,0.508,-0.248,-2.980,7.137,5.466,10.281,7.860,4.581,-2.332,-4.760,6.728,9.568,-4.304,6.246
60.4200,6,-1.091,0.514,-0.248,-2.981,7.136,5.467,10.280,7.860,4.581,-2.332,-4.761,6.728,9.568,-4.305,6.247
60.4300,6,-1.092,0.520,-0.248,-2.981,7.136,5.467,10.279,7.859,4.580,-2.333,-4.761,6.729,9.568,-4.305,6.247
60.4400,6,-1.094,0.527,-0.249,-2.981,7.136,5.468,10.278,7.859,4.580,-2.333,-4.761,6.730,9.567,-4.305,6.248
60.4500,6,-1.095,0.533,-0.249,-2.981,7.136,5.469,10.277,7.858,4.579,-2.334,-4.762,6.730,9.567,-4.305,6.248
60.4600,6,-1.096,0.539,-0.249,-2.981,7.136,5.469,10.276,7.858,4.579,-2.334,-4.762,6.731,9.567,-4.306,6.249
60.4700,6,-1.097,0.545,-0.249,-2.981,7.136,5.470,10.275,7.857,4.578,-2.335,-4.762,6.732,9.566,-4.306,6.250
60.4800,6,-1.098,0.551,-0.249,-2.982,7.135,5.471,10.274,7.856,4.578,-2.335,-4.763,6.732,9.566,-4.306,6.250
60.4900,6,-1.099,0.557,-0.249,-2.982,7.135,5.471,10.274,7.856,4.577,-2.336,-4.763,6.733,9.566,-4.306,6.251
60.5000,6,-1.100,0.564,-0.250,-2.982,7.135,5.472,10.273,7.855,4.577,-2.336,-4.763,6.734,9.566,-4.306,6.251
60.5100,6,-1.102,0.570,-0.250,-2.982,7.135,5.473,10.272,7.855,4.576,-2.336,-4.764,6.734,9.565,-4.307,6.252
60.5200,6,-1.103,0.576,-0.250,-2.982,7.135,5.473,10.271,7.854,4.576,-2.337,-4.764,6.735,9.565,-4.307,6.252
60.5300,6,-1.104,0.582,-0.250,-2.983,7.135,5.474,10.270,7.854,4.575,-2.337,-4.765,6.735,9.565,-4.307,6.253
60.5400,6,-1.105,0.588,-0.250,-2.983,7.134,5.475,10.269,7.853,4.575,-2.338,-4.765,6.736,9.564,-4.307,6.253
60.5500,6,-1.106,0.595,-0.250,-2.983,7.134,5.475,10.268,7.852,4.574,-2.338,-4.765,6.737,9.564,-4.307,6.254
60.5600,6,-1.106,0.601,-0.250,-2.983,7.134,5.476,10.267,7.852,4.573,-2.339,-4.766,6.737,9.564,-4.308,6.255
60.5700,6,-1.107,0.607,-0.250,-2.983,7.134,5.476,10.266,7.851,4.573,-2.339,-4.766,6.738,9.564,-4.308,6.255
60.5800,6,-1.108,0.613,-0.250,-2.983,7.134,5.477,10.265,7.851,4.572,-2.340,-4.766,6.739,9.563,-4.308,6.256
60.5900,6,-1.109,0.619,-0.250,-2.984,7.134,5.478,10.265,7.850,4.572,-2.340,-4.767,6.739,9.563,-4.308,6.256
60.6000,6,-1.110,0.626,-0.250,-2.984,7.133,5.478,10.264,7.850,4.571,-2.341,-4.767,6.740,9.563,-4.308,6.257
60.6100,6,-1.110,0.632,-0.250,-2.984,7.133,5.479,10.263,7.849,4.571,-2.341,-4.767,6.740,9.562,-4.309,6.257
60.6200,6,-1.111,0.638,-0.250,-2.984,7.133,5.479,10.262,7.849,4.570,-2.342,-4.768,6.741,9.562,-4.309,6.258
60.6300,6,-1.112,0.644,-0.250,-2.984,7.133,5.480,10.261,7.848,4.570,-2.342,-4.768,6.742,9.562,-4.309,6.258
60.6400,6,-1.113,0.650,-0.250,-2.985,7.133,5.481,10.260,7.848,4.569,-2.343,-4.768,6.742,9.561,-4.309,6.259
60.6500,6,-1.113,0.656,-0.250,-2.985,7.133,5.481,10.259,7.847,4.569,-2.343,-4.769,6.743,9.561,-4.309,6.259
60.6600,6,-1.114,0.663,-0.250,-2.985,7.132,5.482,10.258,7.846,4.568,-2.344,-4.769,6.743,9.561,-4.310,6.260
60.6700,6,-1.114,0.669,-0.250,-2.985,7.132,5.482,10.257,7.846,4.567,-2.344,-4.769,6.744,9.560,-4.310,6.260
60.6800,6,-1.115,0.675,-0.249,-2.985,7.132,5.483,10.256,7.845,4.567,-2.345,-4.770,6.744,9.560,-4.310,6.261
60.6900,6,-1.115,0.681,-0.249,-2.986,7.132,5.483,10.255,7.845,4.566,-2.345,-4.770,6.745,9.560,-4.310,6.261
60.7000,6,-1.116,0.687,-0.249,-2.986,7.132,5.484,10.254,7.844,4.566,-2.346,-4.770,6.746,9.559,-4.310,6.262
60.7100,6,-1.116,0.693,-0.249,-2.986,7.132,5.485,10.253,7.844,4.565,-2.346,-4.771,6.746,9.559,-4.311,6.262
60.7200,6,-1.116,0.700,-0.249,-2.986,7.131,5.485,10.252,7.843,4.565,-2.347,-4.771,6.747,9.559,-4.311,6.263
60.7300,6,-1.117,0.706,-0.249,-2.986,7.131,5.486,10.251,7.843,4.564,-2.347,-4.771,6.747,9.558,-4.311,6.263
60.7400,6,-1.117,0.712,-0.249,-2.987,7.131,5.486,10.250,7.842,4.563,-2.348,-4.772,6.748,9.558,-4.311,6.264
60.7500,6,-1.117,0.718,-0.248,-2.987,7.131,5.487,10.250,7.842,4.563,-2.348,-4.772,6.748,9.558,-4.311,6.264
60.7600,6,-1.117,0.724,-0.248,-2.987,7.131,5.487,10.249,7.841,4.562,-2.349,-4.772,6.749,9.557,-4.312,6.264
60.7700,6,-1.117,0.730,-0.248,-2.987,7.131,5.488,10.248,7.841,4.562,-2.349,-4.773,6.749,9.557,-4.312,6.265
60.7800,6,-1.117,0.736,-0.248,-2.988,7.131,5.488,10.247,7.840,4.561,-2.350,-4.773,6.750,9.557,-4.312,6.265
60.7900,6,-1.117,0.742,-0.248,-2.988,7.130,5.489,10.246,7.840,4.560,-2.350,-4.773,6.750,9.556,-4.312,6.266
60.8000,6,-1.117,0.749,-0.247,-2.988,7.130,5.489,10.245,7.839,4.560,-2.351,-4.773,6.751,9.556,-4.312,6.266
60.8100,6,-1.117,0.755,-0.247,-2.988,7.130,5.490,10.244,7.839,4.559,-2.351,-4.774,6.751,9.556,-4.312,6.267
60.8200,6,-1.117,0.761,-0.247,-2.988,7.130,5.490,10.243,7.838,4.559,-2.352,-4.774,6.752,9.555,-4.313,6.267
60.8300,6,-1.117,0.767,-0.246,-2.989,7.130,5.491,10.242,7.838,4.558,-2.352,-4.774,6.752,9.555,-4.313,6.267
60.8400,6,-1.117,0.773,-0.246,-2.989,7.130,5.491,10.241,7.837,4.557,-2.353,-4.775,6.753,9.555,-4.313,6.268
60.8500,6,-1.117,0.779,-0.246,-2.989,7.129,5.492,10.240,7.837,4.557,-2.354,-4.775,6.753,9.554,-4.313,6.268
60.8600,6,-1.116,0.785,-0.245,-2.989,7.129,5.492,10.239,7.836,4.556,-2.354,-4.775,6.754,9.554,-4.313,6.269
60.8700,6,-1.116,0.791,-0.245,-2.989,7.129,5.493,10.238,7.836,4.555,-2.355,-4.776,6.754,9.554,-4.314,6.269
60.8800,6,-1.116,0.797,-0.245,-2.990,7.129,5.493,10.237,7.835,4.555,-2.355,-4.776,6.755,9.553,-4.314,6.270
60.8900,6,-1.115,0.803,-0.244,-2.990,7.129,5.494,10.236,7.835,4.554,-2.356,-4.776,6.755,9.553,-4.314,6.270
60.9000,6,-1.115,0.809,-0.244,-2.990,7.129,5.494,10.235,7.834,4.554,-2.356,-4.777,6.756,9.553,-4.314,6.270
60.9100,6,-1.114,0.815,-0.244,-2.990,7.129,5.495,10.234,7.834,4.553,-2.357,-4.777,6.756,9.552,-4.314,6.271
60.9200,6,-1.114,0.821,-0.243,-2.991,7.128,5.495,10.233,7.833,4.552,-2.357,-4.777,6.757,9.552,-4.314,6.271
60.9300,6,-1.113,0.827,-0.243,-2.991,7.128,5.495,10.232,7.833,4.552,-2.358,-4.777,6.757,9.552,-4.315,6.271
60.9400,6,-1.112,0.833,-0.242,-2.991,7.128,5.496,10.231,7.832,4.551,-2.358,-4.778,6.758,9.551,-4.315,6.272
60.9500,6,-1.112,0.839,-0.242,-2.991,7.128,5.496,10.230,7.832,4.550,-2.359,-4.778,6.758,9.551,-4.315,6.272
60.9600,6,-1.111,0.845,-0.242,-2.992,7.128,5.497,10.229,7.831,4.550,-2.360,-4.778,6.758,9.550,-4.315,6.272
60.9700,6,-1.110,0.851,-0.241,-2.992,7.128,5.497,10.228,7.831,4.549,-2.360,-4.779,6.759,9.550,-4.315,6.273
60.9800,6,-1.109,0.857,-0.241,-2.992,7.128,5.498,10.227,7.830,4.548,-2.361,-4.779,6.759,9.550,-4.315,6.273
60.9900,6,-1.108,0.863,-0.240,-2.992,7.128,5.498,10.226,7.830,4.548,-2.361,-4.779,6.760,9.549,-4.316,6.273
61.0000,6,-1.107,0.869,-0.240,-2.993,7.127,5.498,10.225,7.829,4.547,-2.362,-4.779,6.760,9.549,-4.316,6.274
61.0100,6,-1.106,0.875,-0.239,-2.993,7.127,5.499,10.224,7.829,4.546,-2.362,-4.780,6.760,9.549,-4.316,6.274
61.0200,6,-1.105,0.880,-0.239,-2.993,7.127,5.499,10.223,7.828,4.546,-2.363,-4.780,6.761,9.548,-4.316,6.274
61.0300,6,-1.104,0.886,-0.238,-2.993,7.127,5.500,10.222,7.828,4.545,-2.363,-4.780,6.761,9.548,-4.316,6.275
61.0400,6,-1.103,0.892,-0.238,-2.994,7.127,5.500,10.221,7.828,4.544,-2.364,-4.781,6.762,9.547,-4.316,6.275
61.0500,6,-1.102,0.898,-0.237,-2.994,7.127,5.500,10.220,7.827,4.544,-2.365,-4.781,6.762,9.547,-4.316,6.275
61.0600,6,-1.100,0.904,-0.236,-2.994,7.127,5.501,10.219,7.827,4.543,-2.365,-4.781,6.762,9.547,-4.317,6.276
61.0700,6,-1.099,0.910,-0.236,-2.994,7.126,5.501,10.218,7.826,4.542,-2.366,-4.781,6.763,9.546,-4.317,6.276
61.0800,6,-1.097,0.915,-0.235,-2.995,7.126,5.501,10.216,7.826,4.542,-2.366,-4.782,6.763,9.546,-4.317,6.276
61.0900,6,-1.096,0.921,-0.235,-2.995,7.126,5.502,10.215,7.825,4.541,-2.367,-4.782,6.763,9.546,-4.317,6.277
61.1000,6,-1.094,0.927,-0.234,-2.995,7.126,5.502,10.214,7.825,4.540,-2.367,-4.782,6.764,9.545,-4.317,6.277
61.1100,6,-1.093,0.933,-0.233,-2.995,7.126,5.502,10.213,7.824,4.540,-2.368,-4.783,6.764,9.545,-4.317,6.277
61.1200,6,-1.091,0.939,-0.233,-2.996,7.126,5.503,10.212,7.824,4.539,-2.369,-4.783,6.764,9.544,-4.317,6.277
61.1300,6,-1.089,0.944,-0.232,-2.996,7.126,5.503,10.211,7.824,4.538,-2.369,-4.783,6.765,9.544,-4.318,6.278
61.1400,6,-1.088,0.950,-0.232,-2.996,7.126,5.503,10.210,7.823,4.538,-2.370,-4.783,6.765,9.544,-4.318,6.278
61.1500,6,-1.086,0.956,-0.231,-2.996,7.126,5.504,10.209,7.823,4.537,-2.370,-4.784,6.765,9.543,-4.318,6.278
61.1600,6,-1.084,0.961,-0.230,-2.997,7.125,5.504,10.208,7.822,4.536,-2.371,-4.784,6.766,9.543,-4.318,6.278
61.1700,6,-1.082,0.967,-0.230,-2.997,7.125,5.504,10.207,7.822,4.536,-2.372,-4.784,6.766,9.542,-4.318,6.279
61.1800,6,-1.080,0.973,-0.229,-2.997,7.125,5.505,10.206,7.821,4.535,-2.372,-4.784,6.766,9.542,-4.318,6.279
61.1900,6,-1.078,0.978,-0.228,-2.997,7.125,5.505,10.205,7.821,4.534,-2.373,-4.785,6.767,9.542,-4.318,6.279
61.2000,6,-1.076,0.984,-0.227,-2.998,7.125,5.505,10.204,7.821,4.533,-2.373,-4.785,6.767,9.541,-4.319,6.279
61.2100,6,-1.074,0.989,-0.227,-2.998,7.125,5.506,10.203,7.820,4.533,-2.374,-4.785,6.767,9.541,-4.319,6.280
61.2200,6,-1.071,0.995,-0.226,-2.998,7.125,5.506,10.202,7.820,4.532,-2.375,-4.785,6.768,9.540,-4.319,6.280
61.2300,6,-1.069,1.001,-0.225,-2.998,7.125,5.506,10.200,7.819,4.531,-2.375,-4.786,6.768,9.540,-4.319,6.280
61.2400,6,-1.067,1.006,-0.224,-2.999,7.125,5.506,10.199,7.819,4.531,-2.376,-4.786,6.768,9.540,-4.319,6.280
61.2500,6,-1.064,1.012,-0.224,-2.999,7.124,5.507,10.198,7.819,4.530,-2.376,-4.786,6.768,9.539,-4.319,6.280
61.2600,6,-1.062,1.017,-0.223,-2.999,7.124,5.507,10.197,7.818,4.529,-2.377,-4.786,6.769,9.539,-4.319,6.281
61.2700,6,-1.059,1.023,-0.222,-3.000,7.124,5.507,10.196,7.818,4.528,-2.378,-4.787,6.769,9.538,-4.319,6.281
61.2800,6,-1.057,1.028,-0.221,-3.000,7.124,5.507,10.195,7.817,4.528,-2.378,-4.787,6.769,9.538,-4.320,6.281
61.2900,6,-1.054,1.034,-0.220,-3.000,7.124,5.508,10.194,7.817,4.527,-2.379,-4.787,6.769,9.538,-4.320,6.281
61.3000,6,-1.051,1.039,-0.220,-3.000,7.124,5.508,10.193,7.817,4.526,-2.379,-4.787,6.770,9.537,-4.320,6.281
61.3100,6,-1.048,1.044,-0.219,-3.001,7.124,5.508,10.192,7.816,4.526,-2.380,-4.787,6.770,9.537,-4.320,6.281
61.3200,6,-1.045,1.050,-0.218,-3.001,7.124,5.508,10.191,7.816,4.525,-2.381,-4.788,6.770,9.536,-4.320,6.282
61.3300,6,-1.043,1.055,-0.217,-3.001,7.124,5.508,10.189,7.816,4.524,-2.381,-4.788,6.770,9.536,-4.320,6.282
61.3400,6,-1.040,1.060,-0.216,-3.002,7.124,5.509,10.188,7.815,4.523,-2.382,-4.788,6.771,9.535,-4.320,6.282
61.3500,6,-1.037,1.066,-0.215,-3.002,7.124,5.509,10.187,7.815,4.523,-2.383,-4.788,6.771,9.535,-4.320,6.282
61.3600,6,-1.033,1.071,-0.214,-3.002,7.123,5.509,10.186,7.814,4.522,-2.383,-4.789,6.771,9.535,-4.320,6.282
61.3700,6,-1.030,1.076,-0.213,-3.002,7.123,5.509,10.185,7.814,4.521,-2.384,-4.789,6.771,9.534,-4.320,6.282
61.3800,6,-1.027,1.082,-0.213,-3.003,7.123,5.509,10.184,7.814,4.520,-2.385,-4.789,6.771,9.534,-4.321,6.282
61.3900,6,-1.024,1.087,-0.212,-3.003,7.123,5.510,10.183,7.813,4.520,-2.385,-4.789,6.771,9.533,-4.321,6.282
61.4000,6,-1.020,1.092,-0.211,-3.003,7.123,5.510,10.182,7.813,4.519,-2.386,-4.789,6.772,9.533,-4.321,6.283
61.4100,6,-1.017,1.097,-0.210,-3.004,7.123,5.510,10.180,7.813,4.518,-2.386,-4.790,6.772,9.532,-4.321,6.283
61.4200,6,-1.013,1.102,-0.209,-3.004,7.123,5.510,10.179,7.812,4.517,-2.387,-4.790,6.772,9.532,-4.321,6.283
61.4300,6,-1.010,1.108,-0.208,-3.004,7.123,5.510,10.178,7.812,4.517,-2.388,-4.790,6.772,9.531,-4.321,6.283
61.4400,6,-1.006,1.113,-0.207,-3.005,7.123,5.510,10.177,7.812,4.516,-2.388,-4.790,6.772,9.531,-4.321,6.283
61.4500,6,-1.003,1.118,-0.206,-3.005,7.123,5.511,10.176,7.811,4.515,-2.389,-4.790,6.772,9.531,-4.321,6.283
61.4600,6,-0.999,1.123,-0.205,-3.005,7.123,5.511,10.175,7.811,4.514,-2.390,-4.791,6.773,9.530,-4.321,6.283
61.4700,6,-0.995,1.128,-0.204,-3.005,7.123,5.511,10.174,7.811,4.513,-2.390,-4.791,6.773,9.530,-4.321,6.283
61.4800,6,-0.991,1.133,-0.203,-3.006,7.122,5.511,10.172,7.810,4.513,-2.391,-4.791,6.773,9.529,-4.321,6.283
61.4900,6,-0.987,1.138,-0.202,-3.006,7.122,5.511,10.171,7.810,4.512,-2.392,-4.791,6.773,9.529,-4.322,6.283
61.5000,6,-0.983,1.143,-0.201,-3.006,7.122,5.511,10.170,7.810,4.511,-2.392,-4.791,6.773,9.528,-4.322,6.283
61.5100,6,-0.979,1.148,-0.200,-3.007,7.122,5.511,10.169,7.809,4.510,-2.393,-4.792,6.773,9.528,-4.322,6.283
61.5200,6,-0.975,1.153,-0.199,-3.007,7.122,5.511,10.168,7.809,4.510,-2.394,-4.792,6.773,9.527,-4.322,6.283
61.5300,6,-0.971,1.158,-0.198,-3.007,7.122,5.512,10.167,7.809,4.509,-2.394,-4.792,6.773,9.527,-4.322,6.284
61.5400,6,-0.967,1.162,-0.196,-3.008,7.122,5.512,10.165,7.808,4.508,-2.395,-4.792,6.773,9.527,-4.322,6.284
61.5500,6,-0.963,1.167,-0.195,-3.008,7.122,5.512,10.164,7.808,4.507,-2.396,-4.792,6.774,9.526,-4.322,6.284
61.5600,6,-0.958,1.172,-0.194,-3.008,7.122,5.512,10.163,7.808,4.507,-2.396,-4.792,6.774,9.526,-4.322,6.284
61.5700,6,-0.954,1.177,-0.193,-3.009,7.122,5.512,10.162,7.808,4.506,-2.397,-4.793,6.774,9.525,-4.322,6.284
61.5800,6,-0.949,1.182,-0.192,-3.009,7.122,5.512,10.161,7.807,4.505,-2.398,-4.793,6.774,9.525,-4.322,6.284
61.5900,6,-0.945,1.186,-0.191,-3.009,7.122,5.512,10.160,7.807,4.504,-2.398,-4.793,6.774,9.524,-4.322,6.284
61.6000,6,-0.940,1.191,-0.190,-3.009,7.122,5.512,10.158,7.807,4.503,-2.399,-4.793,6.774,9.524,-4.322,6.284
61.6100,6,-0.935,1.196,-0.189,-3.010,7.122,5.512,10.157,7.806,4.503,-2.400,-4.793,6.774,9.523,-4.322,6.284
61.6200,6,-0.931,1.200,-0.188,-3.010,7.122,5.512,10.156,7.806,4.502,-2.400,-4.793,6.774,9.523,-4.322,6.284
61.6300,6,-0.926,1.205,-0.186,-3.010,7.122,5.512,10.155,7.806,4.501,-2.401,-4.794,6.774,9.522,-4.322,6.284
61.6400,6,-0.921,1.210,-0.185,-3.011,7.122,5.512,10.154,7.806,4.500,-2.402,-4.794,6.774,9.522,-4.323,6.284
61.6500,6,-0.916,1.214,-0.184,-3.011,7.122,5.512,10.152,7.805,4.499,-2.402,-4.794,6.774,9.521,-4.323,6.284
61.6600,6,-0.911,1.219,-0.183,-3.011,7.121,5.512,10.151,7.805,4.499,-2.403,-4.794,6.774,9.521,-4.323,6.283
61.6700,6,-0.906,1.223,-0.182,-3.012,7.121,5.512,10.150,7.805,4.498,-2.404,-4.794,6.774,9.520,-4.323,6.283
61.6800,6,-0.901,1.228,-0.180,-3.012,7.121,5.512,10.149,7.805,4.497,-2.404,-4.794,6.774,9.520,-4.323,6.283
61.6900,6,-0.896,1.232,-0.179,-3.012,7.121,5.512,10.148,7.804,4.496,-2.405,-4.794,6.774,9.520,-4.323,6.283
61.7000,6,-0.891,1.236,-0.178,-3.013,7.121,5.512,10.146,7.804,4.495,-2.406,-4.795,6.774,9.519,-4.323,6.283
61.7100,6,-0.885,1.241,-0.177,-3.013,7.121,5.512,10.145,7.804,4.495,-2.406,-4.795,6.774,9.519,-4.323,6.283
61.7200,6,-0.880,1.245,-0.176,-3.013,7.121,5.512,10.144,7.804,4.494,-2.407,-4.795,6.774,9.518,-4.323,6.283
61.7300,6,-0.875,1.250,-0.174,-3.014,7.121,5.512,10.143,7.803,4.493,-2.408,-4.795,6.774,9.518,-4.323,6.283
61.7400,6,-0.869,1.254,-0.173,-3.014,7.121,5.512,10.142,7.803,4.492,-2.409,-4.795,6.774,9.517,-4.323,6.283
61.7500,6,-0.864,1.258,-0.172,-3.014,7.121,5.512,10.140,7.803,4.491,-2.409,-4.795,6.774,9.517,-4.323,6.283
61.7600,6,-0.858,1.262,-0.170,-3.015,7.121,5.512,10.139,7.803,4.491,-2.410,-4.795,6.774,9.516,-4.323,6.283
61.7700,6,-0.852,1.266,-0.169,-3.015,7.121,5.512,10.138,7.802,4.490,-2.411,-4.795,6.774,9.516,-4.323,6.283
61.7800,6,-0.847,1.271,-0.168,-3.015,7.121,5.512,10.137,7.802,4.489,-2.411,-4.796,6.774,9.515,-4.323,6.283
61.7900,6,-0.841,1.275,-0.167,-3.016,7.121,5.512,10.136,7.802,4.488,-2.412,-4.796,6.774,9.515,-4.323,6.282
61.8000,6,-0.835,1.279,-0.165,-3.016,7.121,5.512,10.134,7.802,4.487,-2.413,-4.796,6.774,9.514,-4.323,6.282
61.8100,6,-0.829,1.283,-0.164,-3.016,7.121,5.512,10.133,7.802,4.487,-2.413,-4.796,6.774,9.514,-4.323,6.282
61.8200,6,-0.823,1.287,-0.163,-3.017,7.121,5.512,10.132,7.801,4.486,-2.414,-4.796,6.774,9.513,-4.323,6.282
61.8300,6,-0.817,1.291,-0.161,-3.017,7.121,5.512,10.131,7.801,4.485,-2.415,-4.796,6.773,9.513,-4.323,6.282
61.8400,6,-0.811,1.295,-0.160,-3.017,7.121,5.511,10.129,7.801,4.484,-2.416,-4.796,6.773,9.512,-4.323,6.282
61.8500,6,-0.805,1.299,-0.159,-3.018,7.121,5.511,10.128,7.801,4.483,-2.416,-4.796,6.773,9.512,-4.323,6.282
61.8600,6,-0.799,1.303,-0.157,-3.018,7.121,5.511,10.127,7.801,4.482,-2.417,-4.796,6.773,9.511,-4.323,6.282
61.8700,6,-0.793,1.307,-0.156,-3.019,7.121,5.511,10.126,7.800,4.482,-2.418,-4.796,6.773,9.511,-4.323,6.281
61.8800,6,-0.786,1.311,-0.155,-3.019,7.121,5.511,10.124,7.800,4.481,-2.418,-4.797,6.773,9.510,-4.323,6.281
61.8900,6,-0.780,1.314,-0.153,-3.019,7.121,5.511,10.123,7.800,4.480,-2.419,-4.797,6.773,9.510,-4.323,6.281
61.9000,6,-0.774,1.318,-0.152,-3.020,7.121,5.511,10.122,7.800,4.479,-2.420,-4.797,6.773,9.509,-4.323,6.281
61.9100,6,-0.767,1.322,-0.150,-3.020,7.121,5.511,10.121,7.800,4.478,-2.421,-4.797,6.773,9.509,-4.323,6.281
61.9200,6,-0.761,1.326,-0.149,-3.020,7.121,5.510,10.119,7.800,4.477,-2.421,-4.797,6.772,9.508,-4.323,6.281
61.9300,6,-0.754,1.329,-0.148,-3.021,7.121,5.510,10.118,7.799,4.477,-2.422,-4.797,6.772,9.508,-4.323,6.280
61.9400,6,-0.747,1.333,-0.146,-3.021,7.121,5.510,10.117,7.799,4.476,-2.423,-4.797,6.772,9.507,-4.323,6.280
61.9500,6,-0.741,1.336,-0.145,-3.021,7.121,5.510,10.116,7.799,4.475,-2.424,-4.797,6.772,9.507,-4.323,6.280
61.9600,6,-0.734,1.340,-0.143,-3.022,7.121,5.510,10.114,7.799,4.474,-2.424,-4.797,6.772,9.506,-4.323,6.280
61.9700,6,-0.727,1.344,-0.142,-3.022,7.121,5.510,10.113,7.799,4.473,-2.425,-4.797,6.772,9.506,-4.323,6.280
61.9800,6,-0.720,1.347,-0.140,-3.022,7.121,5.509,10.112,7.799,4.473,-2.426,-4.797,6.771,9.505,-4.323,6.279
61.9900,6,-0.714,1.351,-0.139,-3.023,7.121,5.509,10.111,7.799,4.472,-2.426,-4.797,6.771,9.505,-4.323,6.279
62.0000,6,-0.707,1.354,-0.137,-3.023,7.121,5.509,10.109,7.798,4.471,-2.427,-4.797,6.771,9.504,-4.323,6.279
62.0100,6,-0.700,1.357,-0.136,-3.024,7.121,5.509,10.108,7.798,4.470,-2.428,-4.798,6.771,9.504,-4.323,6.279
62.0200,6,-0.693,1.361,-0.135,-3.024,7.121,5.509,10.107,7.798,4.469,-2.429,-4.798,6.771,9.503,-4.323,6.278
62.0300,6,-0.686,1.364,-0.133,-3.024,7.121,5.508,10.106,7.798,4.468,-2.429,-4.798,6.770,9.503,-4.323,6.278
62.0400,6,-0.678,1.367,-0.132,-3.025,7.121,5.508,10.104,7.798,4.468,-2.430,-4.798,6.770,9.502,-4.323,6.278
62.0500,6,-0.671,1.371,-0.130,-3.025,7.121,5.508,10.103,7.798,4.467,-2.431,-4.798,6.770,9.502,-4.323,6.278
62.0600,6,-0.664,1.374,-0.129,-3.025,7.121,5.508,10.102,7.798,4.466,-2.432,-4.798,6.770,9.501,-4.323,6.277
62.0700,6,-0.657,1.377,-0.127,-3.026,7.121,5.508,10.101,7.798,4.465,-2.432,-4.798,6.770,9.501,-4.323,6.277
62.0800,6,-0.649,1.380,-0.126,-3.026,7.121,5.507,10.099,7.798,4.464,-2.433,-4.798,6.769,9.500,-4.323,6.277
62.0900,6,-0.642,1.383,-0.124,-3.026,7.121,5.507,10.098,7.797,4.463,-2.434,-4.798,6.769,9.499,-4.323,6.277
62.1000,6,-0.635,1.386,-0.123,-3.027,7.121,5.507,10.097,7.797,4.463,-2.435,-4.798,6.769,9.499,-4.323,6.276
62.1100,6,-0.627,1.389,-0.121,-3.027,7.121,5.507,10.095,7.797,4.462,-2.435,-4.798,6.769,9.498,-4.323,6.276
62.1200,6,-0.620,1.392,-0.119,-3.028,7.121,5.506,10.094,7.797,4.461,-2.436,-4.798,6.768,9.498,-4.323,6.276
62.1300,6,-0.612,1.395,-0.118,-3.028,7.121,5.506,10.093,7.797,4.460,-2.437,-4.798,6.768,9.497,-4.323,6.275
62.1400,6,-0.604,1.398,-0.116,-3.028,7.121,5.506,10.092,7.797,4.459,-2.438,-4.798,6.768,9.497,-4.322,6.275
62.1500,6,-0.597,1.401,-0.115,-3.029,7.121,5.506,10.090,7.797,4.458,-2.438,-4.798,6.767,9.496,-4.322,6.275
62.1600,6,-0.589,1.404,-0.113,-3.029,7.121,5.505,10.089,7.797,4.458,-2.439,-4.798,6.767,9.496,-4.322,6.274
62.1700,6,-0.581,1.407,-0.112,-3.029,7.121,5.505,10.088,7.797,4.457,-2.440,-4.798,6.767,9.495,-4.322,6.274
62.1800,6,-0.573,1.409,-0.110,-3.030,7.122,5.505,10.086,7.797,4.456,-2.441,-4.798,6.767,9.495,-4.322,6.274
62.1900,6,-0.566,1.412,-0.109,-3.030,7.122,5.504,10.085,7.797,4.455,-2.441,-4.798,6.766,9.494,-4.322,6.273
62.2000,6,-0.558,1.415,-0.107,-3.031,7.122,5.504,10.084,7.797,4.454,-2.442,-4.798,6.766,9.494,-4.322,6.273
62.2100,6,-0.550,1.417,-0.105,-3.031,7.122,5.504,10.083,7.797,4.453,-2.443,-4.798,6.766,9.493,-4.322,6.273
62.2200,6,-0.542,1.420,-0.104,-3.031,7.122,5.503,10.081,7.797,4.453,-2.444,-4.798,6.765,9.493,-4.322,6.272
62.2300,6,-0.534,1.422,-0.102,-3.032,7.122,5.503,10.080,7.797,4.452,-2.444,-4.798,6.765,9.492,-4.322,6.272
62.2400,6,-0.526,1.425,-0.101,-3.032,7.122,5.503,10.079,7.797,4.451,-2.445,-4.798,6.765,9.491,-4.322,6.272
62.2500,6,-0.518,1.427,-0.099,-3.032,7.122,5.502,10.077,7.797,4.450,-2.446,-4.798,6.764,9.491,-4.322,6.271
62.2600,6,-0.510,1.430,-0.097,-3.033,7.122,5.502,10.076,7.796,4.449,-2.447,-4.798,6.764,9.490,-4.322,6.271
62.2700,6,-0.501,1.432,-0.096,-3.033,7.122,5.502,10.075,7.796,4.448,-2.447,-4.798,6.764,9.490,-4.322,6.271
62.2800,6,-0.493,1.435,-0.094,-3.034,7.122,5.501,10.073,7.796,4.448,-2.448,-4.798,6.763,9.489,-4.322,6.270
62.2900,6,-0.485,1.437,-0.093,-3.034,7.122,5.501,10.072,7.796,4.447,-2.449,-4.798,6.763,9.489,-4.321,6.270
62.3000,6,-0.477,1.439,-0.091,-3.034,7.122,5.501,10.071,7.796,4.446,-2.450,-4.798,6.763,9.488,-4.321,6.269
62.3100,6,-0.468,1.441,-0.089,-3.035,7.122,5.500,10.070,7.796,4.445,-2.451,-4.798,6.762,9.488,-4.321,6.269
62.3200,6,-0.460,1.444,-0.088,-3.035,7.122,5.500,10.068,7.796,4.444,-2.451,-4.798,6.762,9.487,-4.321,6.269
62.3300,6,-0.452,1.446,-0.086,-3.035,7.122,5.500,10.067,7.796,4.443,-2.452,-4.798,6.761,9.487,-4.321,6.268
62.3400,6,-0.443,1.448,-0.084,-3.036,7.122,5.499,10.066,7.796,4.443,-2.453,-4.798,6.761,9.486,-4.321,6.268
62.3500,6,-0.435,1.450,-0.083,-3.036,7.123,5.499,10.064,7.796,4.442,-2.454,-4.798,6.761,9.486,-4.321,6.267
62.3600,6,-0.426,1.452,-0.081,-3.037,7.123,5.498,10.063,7.796,4.441,-2.454,-4.798,6.760,9.485,-4.321,6.267
62.3700,6,-0.418,1.454,-0.079,-3.037,7.123,5.498,10.062,7.796,4.440,-2.455,-4.798,6.760,9.484,-4.321,6.267
62.3800,6,-0.409,1.456,-0.078,-3.037,7.123,5.498,10.060,7.797,4.439,-2.456,-4.798,6.759,9.484,-4.321,6.266
62.3900,6,-0.401,1.458,-0.076,-3.038,7.123,5.497,10.059,7.797,4.439,-2.457,-4.798,6.759,9.483,-4.320,6.266
62.4000,6,-0.392,1.460,-0.074,-3.038,7.123,5.497,10.058,7.797,4.438,-2.457,-4.798,6.759,9.483,-4.320,6.265
62.4100,6,-0.383,1.462,-0.073,-3.039,7.123,5.496,10.056,7.797,4.437,-2.458,-4.798,6.758,9.482,-4.320,6.265
62.4200,6,-0.375,1.463,-0.071,-3.039,7.123,5.496,10.055,7.797,4.436,-2.459,-4.797,6.758,9.482,-4.320,6.264
62.4300,6,-0.366,1.465,-0.069,-3.039,7.123,5.495,10.054,7.797,4.435,-2.460,-4.797,6.757,9.481,-4.320,6.264
62.4400,6,-0.357,1.467,-0.068,-3.040,7.123,5.495,10.052,7.797,4.434,-2.461,-4.797,6.757,9.481,-4.320,6.263
62.4500,6,-0.348,1.468,-0.066,-3.040,7.123,5.495,10.051,7.797,4.434,-2.461,-4.797,6.756,9.480,-4.320,6.263
62.4600,6,-0.340,1.470,-0.064,-3.040,7.124,5.494,10.050,7.797,4.433,-2.462,-4.797,6.756,9.480,-4.320,6.263
62.4700,6,-0.331,1.472,-0.063,-3.041,7.124,5.494,10.049,7.797,4.432,-2.463,-4.797,6.756,9.479,-4.319,6.262
62.4800,6,-0.322,1.473,-0.061,-3.041,7.124,5.493,10.047,7.797,4.431,-2.464,-4.797,6.755,9.478,-4.319,6.262
62.4900,6,-0.313,1.475,-0.059,-3.042,7.124,5.493,10.046,7.797,4.430,-2.464,-4.797,6.755,9.478,-4.319,6.261
62.5000,6,-0.304,1.476,-0.058,-3.042,7.124,5.492,10.045,7.797,4.430,-2.465,-4.797,6.754,9.477,-4.319,6.261
62.5100,6,-0.295,1.478,-0.056,-3.042,7.124,5.492,10.043,7.797,4.429,-2.466,-4.797,6.754,9.477,-4.319,6.260
62.5200,6,-0.286,1.479,-0.054,-3.043,7.124,5.491,10.042,7.797,4.428,-2.467,-4.797,6.753,9.476,-4.319,6.260
62.5300,6,-0.277,1.480,-0.052,-3.043,7.124,5.491,10.041,7.797,4.427,-2.468,-4.797,6.753,9.476,-4.319,6.259
62.5400,6,-0.268,1.482,-0.051,-3.044,7.124,5.490,10.039,7.798,4.426,-2.468,-4.797,6.752,9.475,-4.319,6.259
62.5500,6,-0.259,1.483,-0.049,-3.044,7.124,5.490,10.038,7.798,4.426,-2.469,-4.796,6.752,9.475,-4.318,6.258
62.5600,6,-0.250,1.484,-0.047,-3.044,7.125,5.489,10.037,7.798,4.425,-2.470,-4.796,6.751,9.474,-4.318,6.258
62.5700,6,-0.241,1.485,-0.046,-3.045,7.125,5.489,10.035,7.798,4.424,-2.471,-4.796,6.751,9.473,-4.318,6.257
62.5800,6,-0.232,1.486,-0.044,-3.045,7.125,5.488,10.034,7.798,4.423,-2.471,-4.796,6.750,9.473,-4.318,6.257
62.5900,6,-0.223,1.487,-0.042,-3.046,7.125,5.488,10.033,7.798,4.422,-2.472,-4.796,6.750,9.472,-4.318,6.256
62.6000,6,-0.214,1.488,-0.040,-3.046,7.125,5.487,10.031,7.798,4.422,-2.473,-4.796,6.749,9.472,-4.318,6.256
62.6100,6,-0.205,1.489,-0.039,-3.046,7.125,5.487,10.030,7.798,4.421,-2.474,-4.796,6.749,9.471,-4.317,6.255
62.6200,6,-0.196,1.490,-0.037,-3.047,7.125,5.486,10.029,7.798,4.420,-2.475,-4.796,6.748,9.471,-4.317,6.254
62.6300,6,-0.187,1.491,-0.035,-3.047,7.125,5.486,10.027,7.799,4.419,-2.475,-4.796,6.748,9.470,-4.317,6.254
62.6400,6,-0.178,1.492,-0.033,-3.048,7.126,5.485,10.026,7.799,4.418,-2.476,-4.796,6.747,9.470,-4.317,6.253
62.6500,6,-0.168,1.493,-0.032,-3.048,7.126,5.485,10.025,7.799,4.418,-2.477,-4.795,6.746,9.469,-4.317,6.253
62.6600,6,-0.159,1.494,-0.030,-3.048,7.126,5.484,10.023,7.799,4.417,-2.478,-4.795,6.746,9.468,-4.317,6.252
62.6700,6,-0.150,1.494,-0.028,-3.049,7.126,5.483,10.022,7.799,4.416,-2.478,-4.795,6.745,9.468,-4.316,6.252
62.6800,6,-0.141,1.495,-0.027,-3.049,7.126,5.483,10.021,7.799,4.415,-2.479,-4.795,6.745,9.467,-4.316,6.251
62.6900,6,-0.132,1.496,-0.025,-3.049,7.126,5.482,10.019,7.799,4.414,-2.480,-4.795,6.744,9.467,-4.316,6.251
62.7000,6,-0.122,1.496,-0.023,-3.050,7.126,5.482,10.018,7.800,4.414,-2.481,-4.795,6.744,9.466,-4.316,6.250
62.7100,6,-0.113,1.497,-0.021,-3.050,7.127,5.481,10.017,7.800,4.413,-2.482,-4.795,6.743,9.466,-4.316,6.249
62.7200,6,-0.104,1.497,-0.020,-3.051,7.127,5.481,10.015,7.800,4.412,-2.482,-4.794,6.742,9.465,-4.316,6.249
62.7300,6,-0.095,1.498,-0.018,-3.051,7.127,5.480,10.014,7.800,4.411,-2.483,-4.794,6.742,9.465,-4.315,6.248
62.7400,6,-0.085,1.498,-0.016,-3.051,7.127,5.479,10.013,7.800,4.411,-2.484,-4.794,6.741,9.464,-4.315,6.248
62.7500,6,-0.076,1.499,-0.014,-3.052,7.127,5.479,10.011,7.801,4.410,-2.485,-4.794,6.741,9.463,-4.315,6.247
62.7600,6,-0.067,1.499,-0.013,-3.052,7.127,5.478,10.010,7.801,4.409,-2.485,-4.794,6.740,9.463,-4.315,6.246
62.7700,6,-0.057,1.499,-0.011,-3.053,7.127,5.478,10.009,7.801,4.408,-2.486,-4.794,6.739,9.462,-4.315,6.246
62.7800,6,-0.048,1.499,-0.009,-3.053,7.128,5.477,10.008,7.801,4.407,-2.487,-4.794,6.739,9.462,-4.314,6.245
62.7900,6,-0.039,1.500,-0.007,-3.053,7.128,5.476,10.006,7.801,4.407,-2.488,-4.793,6.738,9.461,-4.314,6.245
62.8000,6,-0.030,1.500,-0.006,-3.054,7.128,5.476,10.005,7.802,4.406,-2.489,-4.793,6.738,9.461,-4.314,6.244
62.8100,6,-0.020,1.500,-0.004,-3.054,7.128,5.475,10.004,7.802,4.405,-2.489,-4.793,6.737,9.460,-4.314,6.243
62.8200,6,-0.011,1.500,-0.002,-3.055,7.128,5.475,10.002,7.802,4.404,-2.490,-4.793,6.736,9.460,-4.314,6.243
62.8300,6,-0.002,1.500,-0.000,-3.055,7.128,5.474,10.001,7.802,4.404,-2.491,-4.793,6.736,9.459,-4.313,6.242
62.8400,6,0.008,1.500,0.001,-3.055,7.129,5.473,10.000,7.802,4.403,-2.492,-4.793,6.735,9.458,-4.313,6.241
62.8500,6,0.017,1.500,0.003,-3.056,7.129,5.473,9.998,7.803,4.402,-2.493,-4.792,6.734,9.458,-4.313,6.241
62.8600,6,0.026,1.500,0.005,-3.056,7.129,5.472,9.997,7.803,4.401,-2.493,-4.792,6.734,9.457,-4.313,6.240
62.8700,6,0.035,1.500,0.007,-3.057,7.129,5.471,9.996,7.803,4.401,-2.494,-4.792,6.733,9.457,-4.312,6.240
62.8800,6,0.045,1.499,0.008,-3.057,7.129,5.471,9.994,7.803,4.400,-2.495,-4.792,6.733,9.456,-4.312,6.239
62.8900,6,0.054,1.499,0.010,-3.057,7.129,5.470,9.993,7.804,4.399,-2.496,-4.792,6.732,9.456,-4.312,6.238
62.9000,6,0.063,1.499,0.012,-3.058,7.130,5.469,9.992,7.804,4.398,-2.496,-4.791,6.731,9.455,-4.312,6.238
62.9100,6,0.073,1.499,0.014,-3.058,7.130,5.469,9.990,7.804,4.398,-2.497,-4.791,6.731,9.455,-4.312,6.237
62.9200,6,0.082,1.498,0.015,-3.059,7.130,5.468,9.989,7.804,4.397,-2.498,-4.791,6.730,9.454,-4.311,6.236
62.9300,6,0.091,1.498,0.017,-3.059,7.130,5.467,9.988,7.805,4.396,-2.499,-4.791,6.729,9.453,-4.311,6.236
62.9400,6,0.100,1.497,0.019,-3.059,7.130,5.467,9.986,7.805,4.396,-2.500,-4.791,6.729,9.453,-4.311,6.235
62.9500,6,0.110,1.497,0.021,-3.060,7.131,5.466,9.985,7.805,4.395,-2.500,-4.790,6.728,9.452,-4.311,6.234
62.9600,6,0.119,1.496,0.022,-3.060,7.131,5.465,9.984,7.805,4.394,-2.501,-4.790,6.727,9.452,-4.310,6.234
62.9700,6,0.128,1.496,0.024,-3.061,7.131,5.465,9.982,7.806,4.393,-2.502,-4.790,6.726,9.451,-4.310,6.233
62.9800,6,0.137,1.495,0.026,-3.061,7.131,5.464,9.981,7.806,4.393,-2.503,-4.790,6.726,9.451,-4.310,6.232
62.9900,6,0.147,1.495,0.028,-3.061,7.131,5.463,9.980,7.806,4.392,-2.503,-4.789,6.725,9.450,-4.310,6.232
63.0000,6,0.156,1.494,0.029,-3.062,7.132,5.463,9.979,7.807,4.391,-2.504,-4.789,6.724,9.450,-4.309,6.231
63.0100,6,0.165,1.493,0.031,-3.062,7.132,5.462,9.977,7.807,4.391,-2.505,-4.789,6.724,9.449,-4.309,6.230
63.0200,6,0.174,1.492,0.033,-3.062,7.132,5.461,9.976,7.807,4.390,-2.506,-4.789,6.723,9.449,-4.309,6.230
63.0300,6,0.183,1.491,0.035,-3.063,7.132,5.461,9.975,7.807,4.389,-2.507,-4.789,6.722,9.448,-4.309,6.229
63.0400,6,0.192,1.491,0.036,-3.063,7.132,5.460,9.973,7.808,4.389,-2.507,-4.788,6.722,9.447,-4.308,6.228
63.0500,6,0.202,1.490,0.038,-3.064,7.133,5.459,9.972,7.808,4.388,-2.508,-4.788,6.721,9.447,-4.308,6.227
63.0600,6,0.211,1.489,0.040,-3.064,7.133,5.458,9.971,7.808,4.387,-2.509,-4.788,6.720,9.446,-4.308,6.227
63.0700,6,0.220,1.488,0.041,-3.064,7.133,5.458,9.969,7.809,4.386,-2.510,-4.788,6.719,9.446,-4.308,6.226
63.0800,6,0.229,1.487,0.043,-3.065,7.133,5.457,9.968,7.809,4.386,-2.510,-4.787,6.719,9.445,-4.307,6.225
63.0900,6,0.238,1.486,0.045,-3.065,7.133,5.456,9.967,7.809,4.385,-2.511,-4.787,6.718,9.445,-4.307,6.225
63.1000,6,0.247,1.484,0.047,-3.066,7.134,5.456,9.965,7.810,4.384,-2.512,-4.787,6.717,9.444,-4.307,6.224
63.1100,6,0.256,1.483,0.048,-3.066,7.134,5.455,9.964,7.810,4.384,-2.513,-4.787,6.716,9.444,-4.306,6.223
63.1200,6,0.265,1.482,0.050,-3.066,7.134,5.454,9.963,7.810,4.383,-2.513,-4.786,6.716,9.443,-4.306,6.222
63.1300,6,0.274,1.481,0.052,-3.067,7.134,5.453,9.962,7.811,4.382,-2.514,-4.786,6.715,9.442,-4.306,6.222
63.1400,6,0.283,1.479,0.054,-3.067,7.134,5.453,9.960,7.811,4.382,-2.515,-4.786,6.714,9.442,-4.306,6.221
63.1500,6,0.292,1.478,0.055,-3.068,7.135,5.452,9.959,7.811,4.381,-2.516,-4.786,6.714,9.441,-4.305,6.220
63.1600,6,0.301,1.477,0.057,-3.068,7.135,5.451,9.958,7.812,4.380,-2.517,-4.785,6.713,9.441,-4.305,6.220
63.1700,6,0.310,1.475,0.059,-3.068,7.135,5.450,9.956,7.812,4.380,-2.517,-4.785,6.712,9.440,-4.305,6.219
63.1800,6,0.319,1.474,0.060,-3.069,7.135,5.450,9.955,7.813,4.379,-2.518,-4.785,6.711,9.440,-4.304,6.218
63.1900,6,0.328,1.472,0.062,-3.069,7.136,5.449,9.954,7.813,4.379,-2.519,-4.784,6.710,9.439,-4.304,6.217
63.2000,6,0.336,1.471,0.064,-3.069,7.136,5.448,9.953,7.813,4.378,-2.520,-4.784,6.710,9.439,-4.304,6.217
63.2100,6,0.345,1.469,0.065,-3.070,7.136,5.447,9.951,7.814,4.377,-2.520,-4.784,6.709,9.438,-4.304,6.216
63.2200,6,0.354,1.467,0.067,-3.070,7.136,5.447,9.950,7.814,4.377,-2.521,-4.784,6.708,9.438,-4.303,6.215
63.2300,6,0.363,1.466,0.069,-3.071,7.137,5.446,9.949,7.814,4.376,-2.522,-4.783,6.707,9.437,-4.303,6.214
63.2400,6,0.371,1.464,0.070,-3.071,7.137,5.445,9.947,7.815,4.375,-2.523,-4.783,6.707,9.437,-4.303,6.214
63.2500,6,0.380,1.462,0.072,-3.071,7.137,5.444,9.946,7.815,4.375,-2.523,-4.783,6.706,9.436,-4.302,6.213
63.2600,6,0.389,1.460,0.074,-3.072,7.137,5.443,9.945,7.816,4.374,-2.524,-4.782,6.705,9.435,-4.302,6.212
63.2700,6,0.397,1.459,0.075,-3.072,7.138,5.443,9.944,7.816,4.374,-2.525,-4.782,6.704,9.435,-4.302,6.211
63.2800,6,0.406,1.457,0.077,-3.073,7.138,5.442,9.942,7.817,4.373,-2.526,-4.782,6.703,9.434,-4.301,6.211
63.2900,6,0.415,1.455,0.079,-3.073,7.138,5.441,9.941,7.817,4.372,-2.526,-4.782,6.703,9.434,-4.301,6.210
63.3000,6,0.423,1.453,0.080,-3.073,7.138,5.440,9.940,7.817,4.372,-2.527,-4.781,6.702,9.433,-4.301,6.209
63.3100,6,0.432,1.451,0.082,-3.074,7.139,5.439,9.939,7.818,4.371,-2.528,-4.781,6.701,9.433,-4.300,6.208
63.3200,6,0.440,1.449,0.084,-3.074,7.139,5.439,9.937,7.818,4.371,-2.529,-4.781,6.700,9.432,-4.300,6.208
63.3300,6,0.448,1.447,0.085,-3.074,7.139,5.438,9.936,7.819,4.370,-2.529,-4.780,6.699,9.432,-4.300,6.207
63.3400,6,0.457,1.444,0.087,-3.075,7.139,5.437,9.935,7.819,4.369,-2.530,-4.780,6.699,9.431,-4.299,6.206
63.3500,6,0.465,1.442,0.089,-3.075,7.140,5.436,9.933,7.820,4.369,-2.531,-4.780,6.698,9.431,-4.299,6.205
63.3600,6,0.474,1.440,0.090,-3.076,7.140,5.435,9.932,7.820,4.368,-2.532,-4.779,6.697,9.430,-4.299,6.204
63.3700,6,0.482,1.438,0.092,-3.076,7.140,5.435,9.931,7.820,4.368,-2.532,-4.779,6.696,9.430,-4.298,6.204
63.3800,6,0.490,1.435,0.094,-3.076,7.140,5.434,9.930,7.821,4.367,-2.533,-4.779,6.695,9.429,-4.298,6.203
63.3900,6,0.498,1.433,0.095,-3.077,7.141,5.433,9.928,7.821,4.367,-2.534,-4.778,6.695,9.429,-4.298,6.202
63.4000,6,0.506,1.431,0.097,-3.077,7.141,5.432,9.927,7.822,4.366,-2.535,-4.778,6.694,9.428,-4.297,6.201
63.4100,6,0.515,1.428,0.098,-3.077,7.141,5.431,9.926,7.822,4.366,-2.535,-4.778,6.693,9.427,-4.297,6.201
63.4200,6,0.523,1.426,0.100,-3.078,7.141,5.431,9.925,7.823,4.365,-2.536,-4.777,6.692,9.427,-4.297,6.200
63.4300,6,0.531,1.423,0.102,-3.078,7.142,5.430,9.923,7.823,4.364,-2.537,-4.777,6.691,9.426,-4.296,6.199
63.4400,6,0.539,1.421,0.103,-3.079,7.142,5.429,9.922,7.824,4.364,-2.538,-4.777,6.690,9.426,-4.296,6.198
63.4500,6,0.547,1.418,0.105,-3.079,7.142,5.428,9.921,7.824,4.363,-2.538,-4.776,6.690,9.425,-4.296,6.197
63.4600,6,0.555,1.416,0.106,-3.079,7.143,5.427,9.920,7.825,4.363,-2.539,-4.776,6.689,9.425,-4.295,6.197
63.4700,6,0.563,1.413,0.108,-3.080,7.143,5.426,9.918,7.825,4.362,-2.540,-4.776,6.688,9.424,-4.295,6.196
63.4800,6,0.571,1.410,0.110,-3.080,7.143,5.426,9.917,7.826,4.362,-2.541,-4.775,6.687,9.424,-4.295,6.195
63.4900,6,0.578,1.408,0.111,-3.080,7.143,5.425,9.916,7.826,4.361,-2.541,-4.775,6.686,9.423,-4.294,6.194
63.5000,6,0.586,1.405,0.113,-3.081,7.144,5.424,9.915,7.827,4.361,-2.542,-4.774,6.685,9.423,-4.294,6.193
63.5100,6,0.594,1.402,0.114,-3.081,7.144,5.423,9.913,7.827,4.360,-2.543,-4.774,6.685,9.422,-4.294,6.193
63.5200,6,0.602,1.399,0.116,-3.081,7.144,5.422,9.912,7.828,4.360,-2.543,-4.774,6.684,9.422,-4.293,6.192
63.5300,6,0.609,1.396,0.117,-3.082,7.145,5.421,9.911,7.828,4.359,-2.544,-4.773,6.683,9.421,-4.293,6.191
63.5400,6,0.617,1.393,0.119,-3.082,7.145,5.421,9.910,7.829,4.359,-2.545,-4.773,6.682,9.421,-4.292,6.190
63.5500,6,0.624,1.390,0.120,-3.083,7.145,5.420,9.909,7.829,4.358,-2.546,-4.773,6.681,9.420,-4.292,6.189
63.5600,6,0.632,1.387,0.122,-3.083,7.145,5.419,9.907,7.830,4.358,-2.546,-4.772,6.680,9.420,-4.292,6.189
63.5700,6,0.639,1.384,0.124,-3.083,7.146,5.418,9.906,7.830,4.357,-2.547,-4.772,6.680,9.419,-4.291,6.188
63.5800,6,0.647,1.381,0.125,-3.084,7.146,5.417,9.905,7.831,4.357,-2.548,-4.771,6.679,9.419,-4.291,6.187
63.5900,6,0.654,1.378,0.127,-3.084,7.146,5.416,9.904,7.831,4.357,-2.549,-4.771,6.678,9.418,-4.291,6.186
63.6000,6,0.661,1.375,0.128,-3.084,7.147,5.416,9.902,7.832,4.356,-2.549,-4.771,6.677,9.418,-4.290,6.185
63.6100,6,0.669,1.372,0.130,-3.085,7.147,5.415,9.901,7.832,4.356,-2.550,-4.770,6.676,9.417,-4.290,6.185
63.6200,6,0.676,1.368,0.131,-3.085,7.147,5.414,9.900,7.833,4.355,-2.551,-4.770,6.675,9.417,-4.289,6.184
63.6300,6,0.683,1.365,0.133,-3.085,7.148,5.413,9.899,7.834,4.355,-2.551,-4.769,6.674,9.416,-4.289,6.183
63.6400,6,0.690,1.362,0.134,-3.086,7.148,5.412,9.898,7.834,4.354,-2.552,-4.769,6.674,9.416,-4.289,6.182
63.6500,6,0.697,1.359,0.135,-3.086,7.148,5.411,9.896,7.835,4.354,-2.553,-4.769,6.673,9.415,-4.288,6.181
63.6600,6,0.704,1.355,0.137,-3.086,7.149,5.410,9.895,7.835,4.353,-2.554,-4.768,6.672,9.415,-4.288,6.180
63.6700,6,0.711,1.352,0.138,-3.087,7.149,5.410,9.894,7.836,4.353,-2.554,-4.768,6.671,9.414,-4.287,6.180
63.6800,6,0.718,1.348,0.140,-3.087,7.149,5.409,9.893,7.836,4.353,-2.555,-4.767,6.670,9.414,-4.287,6.179
63.6900,6,0.725,1.345,0.141,-3.088,7.150,5.408,9.892,7.837,4.352,-2.556,-4.767,6.669,9.413,-4.287,6.178
63.7000,6,0.732,1.341,0.143,-3.088,7.150,5.407,9.891,7.838,4.352,-2.556,-4.767,6.668,9.413,-4.286,6.177
63.7100,6,0.738,1.338,0.144,-3.088,7.150,5.406,9.889,7.838,4.351,-2.557,-4.766,6.667,9.412,-4.286,6.176
63.7200,6,0.745,1.334,0.146,-3.089,7.151,5.405,9.888,7.839,4.351,-2.558,-4.766,6.667,9.412,-4.285,6.176
63.7300,6,0.752,1.331,0.147,-3.089,7.151,5.404,9.887,7.839,4.351,-2.558,-4.765,6.666,9.411,-4.285,6.175
63.7400,6,0.758,1.327,0.148,-3.089,7.151,5.404,9.886,7.840,4.350,-2.559,-4.765,6.665,9.411,-4.284,6.174
63.7500,6,0.765,1.323,0.150,-3.090,7.151,5.403,9.885,7.841,4.350,-2.560,-4.764,6.664,9.410,-4.284,6.173
63.7600,6,0.771,1.320,0.151,-3.090,7.152,5.402,9.883,7.841,4.350,-2.561,-4.764,6.663,9.410,-4.284,6.172
63.7700,6,0.778,1.316,0.153,-3.090,7.152,5.401,9.882,7.842,4.349,-2.561,-4.764,6.662,9.409,-4.283,6.171
63.7800,6,0.784,1.312,0.154,-3.091,7.153,5.400,9.881,7.842,4.349,-2.562,-4.763,6.661,9.409,-4.283,6.171
63.7900,6,0.790,1.308,0.155,-3.091,7.153,5.399,9.880,7.843,4.349,-2.563,-4.763,6.660,9.408,-4.282,6.170
63.8000,6,0.797,1.304,0.157,-3.091,7.153,5.398,9.879,7.844,4.348,-2.563,-4.762,6.660,9.408,-4.282,6.169
63.8100,6,0.803,1.300,0.158,-3.092,7.154,5.397,9.878,7.844,4.348,-2.564,-4.762,6.659,9.407,-4.282,6.168
63.8200,6,0.809,1.296,0.159,-3.092,7.154,5.397,9.876,7.845,4.348,-2.565,-4.761,6.658,9.407,-4.281,6.167
63.8300,6,0.815,1.292,0.161,-3.092,7.154,5.396,9.875,7.846,4.347,-2.565,-4.761,6.657,9.406,-4.281,6.166
63.8400,6,0.821,1.288,0.162,-3.093,7.155,5.395,9.874,7.846,4.347,-2.566,-4.760,6.656,9.406,-4.280,6.166
63.8500,6,0.827,1.284,0.163,-3.093,7.155,5.394,9.873,7.847,4.347,-2.567,-4.760,6.655,9.405,-4.280,6.165
63.8600,6,0.833,1.280,0.165,-3.093,7.155,5.393,9.872,7.847,4.346,-2.567,-4.759,6.654,9.405,-4.279,6.164
63.8700,6,0.839,1.276,0.166,-3.094,7.156,5.392,9.871,7.848,4.346,-2.568,-4.759,6.653,9.404,-4.279,6.163
63.8800,6,0.844,1.272,0.167,-3.094,7.156,5.391,9.870,7.849,4.346,-2.569,-4.759,6.653,9.404,-4.278,6.162
63.8900,6,0.850,1.268,0.169,-3.094,7.156,5.390,9.869,7.849,4.345,-2.569,-4.758,6.652,9.404,-4.278,6.162
63.9000,6,0.856,1.264,0.170,-3.095,7.157,5.390,9.867,7.850,4.345,-2.570,-4.758,6.651,9.403,-4.278,6.161
63.9100,6,0.862,1.260,0.171,-3.095,7.157,5.389,9.866,7.851,4.345,-2.571,-4.757,6.650,9.403,-4.277,6.160
63.9200,6,0.867,1.255,0.173,-3.095,7.157,5.388,9.865,7.851,4.345,-2.571,-4.757,6.649,9.402,-4.277,6.159
63.9300,6,0.873,1.251,0.174,-3.096,7.158,5.387,9.864,7.852,4.344,-2.572,-4.756,6.648,9.402,-4.276,6.158
63.9400,6,0.878,1.247,0.175,-3.096,7.158,5.386,9.863,7.853,4.344,-2.573,-4.756,6.647,9.401,-4.276,6.157
63.9500,6,0.883,1.242,0.176,-3.096,7.158,5.385,9.862,7.853,4.344,-2.573,-4.755,6.646,9.401,-4.275,6.157
63.9600,6,0.889,1.238,0.178,-3.097,7.159,5.384,9.861,7.854,4.344,-2.574,-4.755,6.646,9.400,-4.275,6.156
63.9700,6,0.894,1.234,0.179,-3.097,7.159,5.384,9.860,7.855,4.343,-2.575,-4.754,6.645,9.400,-4.274,6.155
63.9800,6,0.899,1.229,0.180,-3.097,7.160,5.383,9.858,7.856,4.343,-2.575,-4.754,6.644,9.399,-4.274,6.154
63.9900,6,0.904,1.225,0.181,-3.097,7.160,5.382,9.857,7.856,4.343,-2.576,-4.753,6.643,9.399,-4.273,6.153
64.0000,6,0.909,1.220,0.182,-3.098,7.160,5.381,9.856,7.857,4.343,-2.577,-4.753,6.642,9.398,-4.273,6.153
64.0100,6,0.914,1.216,0.184,-3.098,7.161,5.380,9.855,7.858,4.343,-2.577,-4.752,6.641,9.398,-4.272,6.152
64.0200,6,0.919,1.211,0.185,-3.098,7.161,5.379,9.854,7.858,4.342,-2.578,-4.752,6.640,9.398,-4.272,6.151
64.0300,6,0.924,1.207,0.186,-3.099,7.161,5.378,9.853,7.859,4.342,-2.578,-4.751,6.639,9.397,-4.272,6.150
64.0400,6,0.929,1.202,0.187,-3.099,7.162,5.377,9.852,7.860,4.342,-2.579,-4.751,6.639,9.397,-4.271,6.149
64.0500,6,0.934,1.197,0.188,-3.099,7.162,5.377,9.851,7.860,4.342,-2.580,-4.750,6.638,9.396,-4.271,6.148
64.0600,6,0.938,1.193,0.189,-3.100,7.163,5.376,9.850,7.861,4.342,-2.580,-4.750,6.637,9.396,-4.270,6.148
64.0700,6,0.943,1.188,0.191,-3.100,7.163,5.375,9.849,7.862,4.342,-2.581,-4.749,6.636,9.395,-4.270,6.147
64.0800,6,0.948,1.183,0.192,-3.100,7.163,5.374,9.848,7.863,4.341,-2.582,-4.749,6.635,9.395,-4.269,6.146
64.0900,6,0.952,1.179,0.193,-3.101,7.164,5.373,9.846,7.863,4.341,-2.582,-4.748,6.634,9.394,-4.269,6.145
64.1000,6,0.957,1.174,0.194,-3.101,7.164,5.372,9.845,7.864,4.341,-2.583,-4.748,6.633,9.394,-4.268,6.144
64.1100,6,0.961,1.169,0.195,-3.101,7.165,5.371,9.844,7.865,4.341,-2.584,-4.747,6.632,9.394,-4.268,6.144
64.1200,6,0.965,1.164,0.196,-3.101,7.165,5.370,9.843,7.866,4.341,-2.584,-4.747,6.632,9.393,-4.267,6.143
64.1300,6,0.969,1.159,0.197,-3.102,7.165,5.370,9.842,7.866,4.341,-2.585,-4.746,6.631,9.393,-4.267,6.142
64.1400,6,0.974,1.154,0.198,-3.102,7.166,5.369,9.841,7.867,4.341,-2.585,-4.746,6.630,9.392,-4.266,6.141
64.1500,6,0.978,1.150,0.199,-3.102,7.166,5.368,9.840,7.868,4.341,-2.586,-4.745,6.629,9.392,-4.266,6.140
64.1600,6,0.982,1.145,0.200,-3.103,7.166,5.367,9.839,7.869,4.340,-2.587,-4.745,6.628,9.391,-4.265,6.140
64.1700,6,0.986,1.140,0.201,-3.103,7.167,5.366,9.838,7.869,4.340,-2.587,-4.744,6.627,9.391,-4.265,6.139
64.1800,6,0.990,1.135,0.202,-3.103,7.167,5.365,9.837,7.870,4.340,-2.588,-4.743,6.626,9.391,-4.264,6.138
64.1900,6,0.994,1.130,0.203,-3.103,7.168,5.364,9.836,7.871,4.340,-2.588,-4.743,6.625,9.390,-4.264,6.137
64.2000,6,0.998,1.125,0.204,-3.104,7.168,5.364,9.835,7.872,4.340,-2.589,-4.742,6.625,9.390,-4.263,6.136
64.2100,6,1.001,1.120,0.205,-3.104,7.168,5.363,9.834,7.872,4.340,-2.590,-4.742,6.624,9.389,-4.263,6.136
64.2200,6,1.005,1.115,0.206,-3.104,7.169,5.362,9.833,7.873,4.340,-2.590,-4.741,6.623,9.389,-4.262,6.135
64.2300,6,1.009,1.109,0.207,-3.105,7.169,5.361,9.832,7.874,4.340,-2.591,-4.741,6.622,9.389,-4.262,6.134
64.2400,6,1.012,1.104,0.208,-3.105,7.170,5.360,9.831,7.875,4.340,-2.591,-4.740,6.621,9.388,-4.261,6.133
64.2500,6,1.016,1.099,0.209,-3.105,7.170,5.359,9.830,7.875,4.340,-2.592,-4.740,6.620,9.388,-4.261,6.132
64.2600,6,1.019,1.094,0.210,-3.105,7.171,5.358,9.829,7.876,4.340,-2.593,-4.739,6.619,9.387,-4.260,6.132
64.2700,6,1.022,1.089,0.211,-3.106,7.171,5.358,9.828,7.877,4.340,-2.593,-4.739,6.619,9.387,-4.260,6.131
64.2800,6,1.026,1.084,0.212,-3.106,7.171,5.357,9.827,7.878,4.340,-2.594,-4.738,6.618,9.387,-4.259,6.130
64.2900,6,1.029,1.078,0.213,-3.106,7.172,5.356,9.826,7.879,4.340,-2.594,-4.737,6.617,9.386,-4.259,6.129
64.3000,6,1.032,1.073,0.214,-3.107,7.172,5.355,9.825,7.879,4.340,-2.595,-4.737,6.616,9.386,-4.258,6.128
64.3100,6,1.035,1.068,0.215,-3.107,7.173,5.354,9.824,7.880,4.340,-2.596,-4.736,6.615,9.385,-4.258,6.128
64.3200,6,1.038,1.062,0.216,-3.107,7.173,5.353,9.823,7.881,4.340,-2.596,-4.736,6.614,9.385,-4.257,6.127
64.3300,6,1.041,1.057,0.217,-3.107,7.173,5.353,9.822,7.882,4.340,-2.597,-4.735,6.613,9.385,-4.256,6.126
64.3400,6,1.044,1.052,0.218,-3.108,7.174,5.352,9.821,7.883,4.340,-2.597,-4.735,6.613,9.384,-4.256,6.125
64.3500,6,1.047,1.046,0.218,-3.108,7.174,5.351,9.820,7.883,4.340,-2.598,-4.734,6.612,9.384,-4.255,6.125
64.3600,6,1.050,1.041,0.219,-3.108,7.175,5.350,9.819,7.884,4.340,-2.598,-4.733,6.611,9.383,-4.255,6.124
64.3700,6,1.053,1.036,0.220,-3.108,7.175,5.349,9.818,7.885,4.340,-2.599,-4.733,6.610,9.383,-4.254,6.123
64.3800,6,1.056,1.030,0.221,-3.109,7.176,5.348,9.817,7.886,4.340,-2.600,-4.732,6.609,9.383,-4.254,6.122
64.3900,6,1.058,1.025,0.222,-3.109,7.176,5.348,9.816,7.887,4.340,-2.600,-4.732,6.608,9.382,-4.253,6.122
64.4000,6,1.061,1.019,0.223,-3.109,7.176,5.347,9.815,7.887,4.341,-2.601,-4.731,6.608,9.382,-4.253,6.121
64.4100,6,1.063,1.014,0.223,-3.110,7.177,5.346,9.814,7.888,4.341,-2.601,-4.731,6.607,9.381,-4.252,6.120
64.4200,6,1.066,1.008,0.224,-3.110,7.177,5.345,9.813,7.889,4.341,-2.602,-4.730,6.606,9.381,-4.252,6.119
64.4300,6,1.068,1.003,0.225,-3.110,7.178,5.344,9.812,7.890,4.341,-2.602,-4.729,6.605,9.381,-4.251,6.118
64.4400,6,1.070,0.997,0.226,-3.110,7.178,5.343,9.811,7.891,4.341,-2.603,-4.729,6.604,9.380,-4.251,6.118
64.4500,6,1.073,0.992,0.226,-3.111,7.179,5.343,9.810,7.892,4.341,-2.603,-4.728,6.603,9.380,-4.250,6.117
64.4600,6,1.075,0.986,0.227,-3.111,7.179,5.342,9.809,7.892,4.341,-2.604,-4.728,6.603,9.380,-4.250,6.116
64.4700,6,1.077,0.980,0.228,-3.111,7.179,5.341,9.808,7.893,4.341,-2.605,-4.727,6.602,9.379,-4.249,6.115
64.4800,6,1.079,0.975,0.229,-3.111,7.180,5.340,9.807,7.894,4.342,-2.605,-4.726,6.601,9.379,-4.248,6.115
64.4900,6,1.081,0.969,0.229,-3.112,7.180,5.339,9.806,7.895,4.342,-2.606,-4.726,6.600,9.378,-4.248,6.114
64.5000,6,1.083,0.963,0.230,-3.112,7.181,5.339,9.805,7.896,4.342,-2.606,-4.725,6.599,9.378,-4.247,6.113
64.5100,6,1.085,0.958,0.231,-3.112,7.181,5.338,9.805,7.897,4.342,-2.607,-4.725,6.598,9.378,-4.247,6.113
64.5200,6,1.087,0.952,0.231,-3.112,7.182,5.337,9.804,7.898,4.342,-2.607,-4.724,6.598,9.377,-4.246,6.112
64.5300,6,1.089,0.946,0.232,-3.113,7.182,5.336,9.803,7.898,4.342,-2.608,-4.723,6.597,9.377,-4.246,6.111
64.5400,6,1.090,0.941,0.233,-3.113,7.183,5.335,9.802,7.899,4.343,-2.608,-4.723,6.596,9.377,-4.245,6.110
64.5500,6,1.092,0.935,0.233,-3.113,7.183,5.335,9.801,7.900,4.343,-2.609,-4.722,6.595,9.376,-4.245,6.110
64.5600,6,1.094,0.929,0.234,-3.113,7.183,5.334,9.800,7.901,4.343,-2.609,-4.722,6.594,9.376,-4.244,6.109
64.5700,6,1.095,0.923,0.234,-3.113,7.184,5.333,9.799,7.902,4.343,-2.610,-4.721,6.594,9.376,-4.243,6.108
64.5800,6,1.097,0.918,0.235,-3.114,7.184,5.332,9.798,7.903,4.344,-2.610,-4.720,6.593,9.375,-4.243,6.107
64.5900,6,1.098,0.912,0.236,-3.114,7.185,5.331,9.797,7.904,4.344,-2.611,-4.720,6.592,9.375,-4.242,6.107
64.6000,6,1.100,0.906,0.236,-3.114,7.185,5.331,9.796,7.904,4.344,-2.611,-4.719,6.591,9.374,-4.242,6.106
64.6100,6,1.101,0.900,0.237,-3.114,7.186,5.330,9.795,7.905,4.344,-2.612,-4.719,6.591,9.374,-4.241,6.105
64.6200,6,1.102,0.894,0.237,-3.115,7.186,5.329,9.795,7.906,4.345,-2.612,-4.718,6.590,9.374,-4.241,6.105
64.6300,6,1.104,0.888,0.238,-3.115,7.187,5.328,9.794,7.907,4.345,-2.613,-4.717,6.589,9.373,-4.240,6.104
64.6400,6,1.105,0.883,0.238,-3.115,7.187,5.328,9.793,7.908,4.345,-2.614,-4.717,6.588,9.373,-4.239,6.103
64.6500,6,1.106,0.877,0.239,-3.115,7.187,5.327,9.792,7.909,4.345,-2.614,-4.716,6.587,9.373,-4.239,6.103
64.6600,6,1.107,0.871,0.239,-3.116,7.188,5.326,9.791,7.910,4.346,-2.615,-4.715,6.587,9.372,-4.238,6.102
64.6700,6,1.108,0.865,0.240,-3.116,7.188,5.325,9.790,7.911,4.346,-2.615,-4.715,6.586,9.372,-4.238,6.101
64.6800,6,1.109,0.859,0.240,-3.116,7.189,5.325,9.789,7.912,4.346,-2.616,-4.714,6.585,9.372,-4.237,6.100
64.6900,6,1.110,0.853,0.241,-3.116,7.189,5.324,9.788,7.912,4.347,-2.616,-4.714,6.584,9.371,-4.237,6.100
64.7000,6,1.111,0.847,0.241,-3.116,7.190,5.323,9.788,7.913,4.347,-2.617,-4.713,6.584,9.371,-4.236,6.099
64.7100,6,1.111,0.841,0.242,-3.117,7.190,5.322,9.787,7.914,4.347,-2.617,-4.712,6.583,9.371,-4.235,6.098
64.7200,6,1.112,0.835,0.242,-3.117,7.191,5.322,9.786,7.915,4.348,-2.617,-4.712,6.582,9.370,-4.235,6.098
64.7300,6,1.113,0.829,0.243,-3.117,7.191,5.321,9.785,7.916,4.348,-2.618,-4.711,6.581,9.370,-4.234,6.097
64.7400,6,1.114,0.823,0.243,-3.117,7.192,5.320,9.784,7.917,4.348,-2.618,-4.710,6.581,9.370,-4.234,6.096
64.7500,6,1.114,0.817,0.244,-3.118,7.192,5.319,9.783,7.918,4.349,-2.619,-4.710,6.580,9.369,-4.233,6.096
64.7600,6,1.115,0.811,0.244,-3.118,7.193,5.319,9.782,7.919,4.349,-2.619,-4.709,6.579,9.369,-4.232,6.095
64.7700,6,1.115,0.805,0.244,-3.118,7.193,5.318,9.782,7.920,4.350,-2.620,-4.708,6.578,9.369,-4.232,6.094
64.7800,6,1.116,0.799,0.245,-3.118,7.193,5.317,9.781,7.921,4.350,-2.620,-4.708,6.578,9.368,-4.231,6.094
64.7900,6,1.116,0.793,0.245,-3.118,7.194,5.316,9.780,7.922,4.350,-2.621,-4.707,6.577,9.368,-4.231,6.093
64.8000,6,1.116,0.787,0.245,-3.119,7.194,5.316,9.779,7.922,4.351,-2.621,-4.707,6.576,9.368,-4.230,6.092
64.8100,6,1.117,0.781,0.246,-3.119,7.195,5.315,9.778,7.923,4.351,-2.622,-4.706,6.575,9.368,-4.230,6.092
64.8200,6,1.117,0.775,0.246,-3.119,7.195,5.314,9.777,7.924,4.352,-2.622,-4.705,6.575,9.367,-4.229,6.091
64.8300,6,1.117,0.769,0.246,-3.119,7.196,5.314,9.777,7.925,4.352,-2.623,-4.705,6.574,9.367,-4.228,6.091
64.8400,6,1.117,0.763,0.247,-3.119,7.196,5.313,9.776,7.926,4.353,-2.623,-4.704,6.573,9.367,-4.228,6.090
64.8500,6,1.117,0.757,0.247,-3.120,7.197,5.312,9.775,7.927,4.353,-2.624,-4.703,6.573,9.366,-4.227,6.089
64.8600,6,1.117,0.751,0.247,-3.120,7.197,5.311,9.774,7.928,4.354,-2.624,-4.703,6.572,9.366,-4.227,6.089
64.8700,6,1.117,0.745,0.247,-3.120,7.198,5.311,9.773,7.929,4.354,-2.625,-4.702,6.571,9.366,-4.226,6.088
64.8800,6,1.117,0.739,0.248,-3.120,7.198,5.310,9.773,7.930,4.355,-2.625,-4.701,6.571,9.365,-4.225,6.087
64.8900,6,1.117,0.732,0.248,-3.120,7.199,5.309,9.772,7.931,4.355,-2.626,-4.701,6.570,9.365,-4.225,6.087
64.9000,6,1.117,0.726,0.248,-3.121,7.199,5.309,9.771,7.932,4.356,-2.626,-4.700,6.569,9.365,-4.224,6.086
64.9100,6,1.117,0.720,0.248,-3.121,7.200,5.308,9.770,7.933,4.356,-2.626,-4.699,6.568,9.364,-4.224,6.086
64.9200,6,1.117,0.714,0.249,-3.121,7.200,5.307,9.769,7.934,4.357,-2.627,-4.699,6.568,9.364,-4.223,6.085
64.9300,6,1.117,0.708,0.249,-3.121,7.201,5.307,9.769,7.935,4.357,-2.627,-4.698,6.567,9.364,-4.222,6.084
64.9400,6,1.116,0.702,0.249,-3.121,7.201,5.306,9.768,7.935,4.358,-2.628,-4.697,6.566,9.364,-4.222,6.084
64.9500,6,1.116,0.696,0.249,-3.121,7.202,5.305,9.767,7.936,4.358,-2.628,-4.697,6.566,9.363,-4.221,6.083
64.9600,6,1.116,0.690,0.249,-3.122,7.202,5.305,9.766,7.937,4.359,-2.629,-4.696,6.565,9.363,-4.221,6.083
64.9700,6,1.115,0.683,0.249,-3.122,7.203,5.304,9.765,7.938,4.359,-2.629,-4.695,6.564,9.363,-4.220,6.082
64.9800,6,1.115,0.677,0.249,-3.122,7.203,5.303,9.765,7.939,4.360,-2.630,-4.695,6.564,9.362,-4.219,6.081
64.9900,6,1.114,0.671,0.250,-3.122,7.203,5.303,9.764,7.940,4.361,-2.630,-4.694,6.563,9.362,-4.219,6.081
65.0000,6,1.114,0.665,0.250,-3.122,7.204,5.302,9.763,7.941,4.360,-2.630,-4.693,6.562,9.362,-4.218,6.080
65.0100,6,1.113,0.659,0.250,-3.123,7.204,5.302,9.762,7.942,4.359,-2.631,-4.693,6.562,9.362,-4.218,6.080
65.0200,6,1.113,0.653,0.250,-3.123,7.205,5.301,9.762,7.943,4.357,-2.631,-4.692,6.561,9.361,-4.217,6.079
65.0300,6,1.112,0.646,0.250,-3.123,7.205,5.300,9.761,7.944,4.353,-2.632,-4.691,6.561,9.361,-4.216,6.079
65.0400,6,1.111,0.640,0.250,-3.123,7.206,5.300,9.760,7.945,4.349,-2.632,-4.691,6.560,9.361,-4.216,6.078
65.0500,6,1.111,0.634,0.250,-3.123,7.206,5.299,9.759,7.946,4.344,-2.633,-4.690,6.559,9.360,-4.215,6.078
65.0600,6,1.110,0.628,0.250,-3.123,7.207,5.298,9.759,7.947,4.337,-2.633,-4.689,6.559,9.360,-4.214,6.077
65.0700,6,1.109,0.622,0.250,-3.124,7.207,5.298,9.758,7.948,4.330,-2.633,-4.689,6.558,9.360,-4.214,6.076
65.0800,6,1.108,0.615,0.250,-3.124,7.208,5.297,9.757,7.949,4.322,-2.634,-4.688,6.557,9.360,-4.213,6.076
65.0900,6,1.108,0.609,0.250,-3.124,7.208,5.297,9.756,7.950,4.313,-2.634,-4.687,6.557,9.359,-4.213,6.075
65.1000,6,1.107,0.603,0.250,-3.124,7.209,5.296,9.756,7.951,4.303,-2.635,-4.687,6.556,9.359,-4.212,6.075
65.1100,6,1.106,0.597,0.250,-3.124,7.209,5.295,9.755,7.952,4.291,-2.635,-4.686,6.556,9.359,-4.211,6.074
65.1200,6,1.105,0.591,0.250,-3.124,7.210,5.295,9.754,7.953,4.279,-2.635,-4.685,6.555,9.359,-4.211,6.074
65.1300,6,1.104,0.585,0.250,-3.125,7.210,5.294,9.753,7.954,4.266,-2.636,-4.685,6.554,9.358,-4.210,6.073
65.1400,6,1.103,0.578,0.250,-3.125,7.211,5.294,9.753,7.955,4.252,-2.636,-4.684,6.554,9.358,-4.210,6.073
65.1500,6,1.102,0.572,0.250,-3.125,7.211,5.293,9.752,7.956,4.237,-2.637,-4.683,6.553,9.358,-4.209,6.072
65.1600,6,1.101,0.566,0.250,-3.125,7.212,5.292,9.751,7.957,4.221,-2.637,-4.683,6.553,9.358,-4.208,6.072
65.1700,6,1.100,0.560,0.249,-3.125,7.212,5.292,9.751,7.958,4.204,-2.637,-4.682,6.552,9.357,-4.208,6.071
65.1800,6,1.099,0.554,0.249,-3.125,7.213,5.291,9.750,7.959,4.186,-2.638,-4.681,6.552,9.357,-4.207,6.071
65.1900,6,1.098,0.547,0.249,-3.126,7.213,5.291,9.749,7.959,4.167,-2.638,-4.680,6.551,9.357,-4.206,6.070
65.2000,6,1.096,0.541,0.249,-3.126,7.214,5.290,9.749,7.960,4.147,-2.639,-4.680,6.550,9.357,-4.206,6.070
65.2100,6,1.095,0.535,0.249,-3.126,7.214,5.290,9.748,7.961,4.126,-2.639,-4.679,6.550,9.356,-4.205,6.069
65.2200,6,1.094,0.529,0.249,-3.126,7.215,5.289,9.747,7.962,4.104,-2.639,-4.678,6.549,9.356,-4.205,6.069
65.2300,6,1.093,0.523,0.249,-3.126,7.215,5.289,9.747,7.963,4.082,-2.640,-4.678,6.549,9.356,-4.204,6.068
65.2400,6,1.091,0.516,0.248,-3.126,7.216,5.288,9.746,7.964,4.058,-2.640,-4.677,6.548,9.356,-4.203,6.068
65.2500,6,1.090,0.510,0.248,-3.126,7.216,5.288,9.745,7.965,4.033,-2.641,-4.676,6.548,9.355,-4.203,6.067
65.2600,6,1.089,0.504,0.248,-3.127,7.217,5.287,9.745,7.966,4.007,-2.641,-4.676,6.547,9.355,-4.202,6.067
65.2700,6,1.088,0.498,0.248,-3.127,7.217,5.287,9.744,7.967,3.981,-2.641,-4.675,6.547,9.355,-4.201,6.067
65.2800,6,1.086,0.492,0.247,-3.127,7.218,5.286,9.743,7.968,3.953,-2.642,-4.674,6.546,9.355,-4.201,6.066
65.2900,6,1.085,0.486,0.247,-3.127,7.218,5.286,9.743,7.969,3.924,-2.642,-4.674,6.546,9.354,-4.200,6.066
65.3000,6,1.083,0.479,0.247,-3.127,7.219,5.285,9.742,7.970,3.895,-2.642,-4.673,6.545,9.354,-4.200,6.065
65.3100,6,1.082,0.473,0.247,-3.127,7.219,5.285,9.741,7.971,3.864,-2.643,-4.672,6.545,9.354,-4.199,6.065
65.3200,6,1.081,0.467,0.246,-3.127,7.220,5.284,9.741,7.972,3.833,-2.643,-4.671,6.544,9.354,-4.198,6.064
65.3300,6,1.079,0.461,0.246,-3.128,7.220,5.284,9.740,7.974,3.800,-2.644,-4.671,6.544,9.353,-4.198,6.064
65.3400,6,1.078,0.455,0.246,-3.128,7.221,5.283,9.740,7.975,3.767,-2.644,-4.670,6.543,9.353,-4.197,6.064
65.3500,6,1.076,0.449,0.245,-3.128,7.221,5.283,9.739,7.976,3.733,-2.644,-4.669,6.543,9.353,-4.196,6.063
65.3600,6,1.075,0.443,0.245,-3.128,7.222,5.282,9.739,7.977,3.698,-2.645,-4.669,6.542,9.353,-4.196,6.063
65.3700,6,1.073,0.437,0.245,-3.128,7.222,5.282,9.738,7.978,3.662,-2.645,-4.668,6.542,9.353,-4.195,6.062
65.3800,6,1.072,0.430,0.244,-3.128,7.223,5.281,9.737,7.979,3.626,-2.645,-4.667,6.541,9.352,-4.194,6.062
65.3900,6,1.070,0.424,0.244,-3.128,7.223,5.281,9.737,7.980,3.590,-2.646,-4.667,6.541,9.352,-4.194,6.062
65.4000,6,1.069,0.418,0.244,-3.129,7.224,5.280,9.736,7.981,3.555,-2.646,-4.666,6.540,9.352,-4.193,6.061
65.4100,6,1.067,0.412,0.243,-3.129,7.224,5.280,9.736,7.982,3.519,-2.646,-4.665,6.540,9.352,-4.193,6.061
65.4200,6,1.065,0.406,0.243,-3.129,7.225,5.279,9.735,7.983,3.484,-2.647,-4.665,6.539,9.351,-4.192,6.060
65.4300,6,1.064,0.400,0.242,-3.129,7.225,5.279,9.735,7.984,3.449,-2.647,-4.664,6.539,9.351,-4.191,6.060
65.4400,6,1.062,0.394,0.242,-3.129,7.226,5.279,9.734,7.985,3.414,-2.647,-4.663,6.539,9.351,-4.191,6.060
65.4500,6,1.061,0.388,0.241,-3.129,7.226,5.278,9.734,7.986,3.380,-2.648,-4.662,6.538,9.351,-4.190,6.059
65.4600,6,1.059,0.382,0.241,-3.129,7.227,5.278,9.733,7.987,3.346,-2.648,-4.662,6.538,9.351,-4.189,6.059
65.4700,6,1.057,0.376,0.241,-3.129,7.227,5.277,9.733,7.988,3.313,-2.649,-4.661,6.537,9.350,-4.189,6.059
65.4800,6,1.056,0.370,0.240,-3.130,7.228,5.277,9.732,7.989,3.280,-2.649,-4.660,6.537,9.350,-4.188,6.058
65.4900,6,1.054,0.364,0.240,-3.130,7.228,5.276,9.732,7.990,3.247,-2.649,-4.660,6.536,9.350,-4.188,6.058
65.5000,5,1.052,0.358,0.239,-3.130,7.229,5.276,9.732,7.991,3.215,-2.650,-4.659,6.536,9.350,-4.187,6.058
65.5100,5,1.051,0.352,0.239,-3.130,7.229,5.276,9.731,7.992,3.183,-2.650,-4.658,6.536,9.349,-4.186,6.057
65.5200,5,1.049,0.346,0.238,-3.130,7.230,5.275,9.731,7.993,3.152,-2.650,-4.657,6.535,9.349,-4.186,6.057
65.5300,5,1.047,0.340,0.237,-3.130,7.230,5.275,9.730,7.994,3.121,-2.651,-4.657,6.535,9.349,-4.185,6.057
65.5400,5,1.046,0.334,0.237,-3.130,7.231,5.274,9.730,7.995,3.091,-2.651,-4.656,6.534,9.349,-4.184,6.056
65.5500,5,1.044,0.328,0.236,-3.130,7.232,5.274,9.729,7.996,3.061,-2.651,-4.655,6.534,9.349,-4.184,6.056
65.5600,5,1.042,0.322,0.236,-3.131,7.232,5.274,9.729,7.998,3.031,-2.652,-4.655,6.534,9.348,-4.183,6.056
65.5700,5,1.041,0.316,0.235,-3.131,7.233,5.273,9.729,7.999,3.002,-2.652,-4.654,6.533,9.348,-4.182,6.055
65.5800,5,1.039,0.310,0.235,-3.131,7.233,5.273,9.728,8.000,2.973,-2.652,-4.653,6.533,9.348,-4.182,6.055
65.5900,5,1.037,0.304,0.234,-3.131,7.234,5.273,9.728,8.001,2.945,-2.653,-4.653,6.533,9.348,-4.181,6.055
65.6000,5,1.036,0.298,0.233,-3.131,7.234,5.272,9.728,8.002,2.917,-2.653,-4.652,6.532,9.348,-4.180,6.055
65.6100,5,1.034,0.292,0.233,-3.131,7.235,5.272,9.727,8.003,2.889,-2.653,-4.651,6.532,9.347,-4.180,6.054
65.6200,5,1.032,0.286,0.232,-3.131,7.235,5.272,9.727,8.004,2.862,-2.653,-4.650,6.532,9.347,-4.179,6.054
65.6300,5,1.031,0.280,0.231,-3.131,7.236,5.271,9.726,8.005,2.835,-2.654,-4.650,6.531,9.347,-4.179,6.054
65.6400,5,1.029,0.274,0.231,-3.131,7.236,5.271,9.726,8.006,2.809,-2.654,-4.649,6.531,9.347,-4.178,6.054
65.6500,5,1.027,0.268,0.230,-3.132,7.237,5.271,9.726,8.007,2.783,-2.654,-4.648,6.531,9.347,-4.177,6.053
65.6600,5,1.026,0.262,0.229,-3.132,7.237,5.270,9.725,8.008,2.757,-2.655,-4.648,6.530,9.347,-4.177,6.053
65.6700,5,1.024,0.257,0.229,-3.132,7.238,5.270,9.725,8.009,2.732,-2.655,-4.647,6.530,9.346,-4.176,6.053
65.6800,5,1.022,0.251,0.228,-3.132,7.238,5.270,9.725,8.010,2.707,-2.655,-4.646,6.530,9.346,-4.175,6.053
65.6900,5,1.021,0.245,0.227,-3.132,7.239,5.270,9.724,8.012,2.683,-2.656,-4.645,6.529,9.346,-4.175,6.052
65.7000,5,1.019,0.239,0.227,-3.132,7.239,5.269,9.724,8.013,2.658,-2.656,-4.645,6.529,9.346,-4.174,6.052
65.7100,5,1.017,0.233,0.226,-3.132,7.240,5.269,9.724,8.014,2.635,-2.656,-4.644,6.529,9.346,-4.173,6.052
65.7200,5,1.016,0.227,0.225,-3.132,7.240,5.269,9.724,8.015,2.611,-2.657,-4.643,6.529,9.345,-4.173,6.052
65.7300,5,1.014,0.222,0.224,-3.132,7.241,5.268,9.723,8.016,2.588,-2.657,-4.643,6.528,9.345,-4.172,6.051
65.7400,5,1.012,0.216,0.223,-3.132,7.241,5.268,9.723,8.017,2.565,-2.657,-4.642,6.528,9.345,-4.171,6.051
65.7500,5,1.011,0.210,0.223,-3.133,7.242,5.268,9.723,8.018,2.543,-2.658,-4.641,6.528,9.345,-4.171,6.051
65.7600,5,1.009,0.204,0.222,-3.133,7.242,5.268,9.722,8.019,2.521,-2.658,-4.640,6.527,9.345,-4.170,6.051
65.7700,5,1.008,0.199,0.221,-3.133,7.243,5.267,9.722,8.020,2.499,-2.658,-4.640,6.527,9.345,-4.170,6.051
65.7800,5,1.006,0.193,0.220,-3.133,7.243,5.267,9.722,8.021,2.477,-2.658,-4.639,6.527,9.344,-4.169,6.051
65.7900,5,1.004,0.187,0.219,-3.133,7.244,5.267,9.722,8.022,2.456,-2.659,-4.638,6.527,9.344,-4.168,6.050
65.8000,5,1.003,0.182,0.219,-3.133,7.244,5.267,9.721,8.023,2.436,-2.659,-4.638,6.527,9.344,-4.168,6.050
65.8100,5,1.001,0.176,0.218,-3.133,7.245,5.266,9.721,8.025,2.415,-2.659,-4.637,6.526,9.344,-4.167,6.050
65.8200,5,1.000,0.170,0.217,-3.133,7.245,5.266,9.721,8.026,2.395,-2.660,-4.636,6.526,9.344,-4.166,6.050
65.8300,5,0.998,0.165,0.216,-3.133,7.246,5.266,9.721,8.027,2.375,-2.660,-4.635,6.526,9.343,-4.166,6.050
65.8400,5,0.997,0.159,0.215,-3.133,7.246,5.266,9.720,8.028,2.356,-2.660,-4.635,6.526,9.343,-4.165,6.050
65.8500,5,0.995,0.153,0.214,-3.134,7.247,5.266,9.720,8.029,2.336,-2.660,-4.634,6.525,9.343,-4.164,6.049
65.8600,5,0.994,0.148,0.213,-3.134,7.247,5.265,9.720,8.030,2.318,-2.661,-4.633,6.525,9.343,-4.164,6.049
65.8700,5,0.992,0.142,0.212,-3.134,7.248,5.265,9.720,8.031,2.299,-2.661,-4.633,6.525,9.343,-4.163,6.049
65.8800,5,0.991,0.137,0.211,-3.134,7.248,5.265,9.719,8.032,2.281,-2.661,-4.632,6.525,9.343,-4.162,6.049
65.8900,5,0.989,0.131,0.210,-3.134,7.249,5.265,9.719,8.033,2.263,-2.662,-4.631,6.525,9.343,-4.162,6.049
65.9000,5,0.988,0.126,0.210,-3.134,7.250,5.265,9.719,8.034,2.245,-2.662,-4.630,6.525,9.342,-4.161,6.049
65.9100,5,0.987,0.120,0.209,-3.134,7.250,5.265,9.719,8.035,2.227,-2.662,-4.630,6.524,9.342,-4.161,6.049
65.9200,5,0.985,0.115,0.208,-3.134,7.251,5.264,9.719,8.036,2.210,-2.662,-4.629,6.524,9.342,-4.160,6.049
65.9300,5,0.984,0.109,0.207,-3.134,7.251,5.264,9.718,8.038,2.193,-2.663,-4.628,6.524,9.342,-4.159,6.048
65.9400,5,0.983,0.104,0.206,-3.134,7.252,5.264,9.718,8.039,2.177,-2.663,-4.628,6.524,9.342,-4.159,6.048
65.9500,5,0.981,0.098,0.205,-3.134,7.252,5.264,9.718,8.040,2.160,-2.663,-4.627,6.524,9.342,-4.158,6.048
65.9600,5,0.980,0.093,0.204,-3.134,7.253,5.264,9.718,8.041,2.144,-2.663,-4.626,6.524,9.341,-4.157,6.048
65.9700,5,0.979,0.087,0.203,-3.135,7.253,5.264,9.718,8.042,2.128,-2.664,-4.625,6.523,9.341,-4.157,6.048
65.9800,5,0.978,0.082,0.202,-3.135,7.254,5.264,9.718,8.043,2.113,-2.664,-4.625,6.523,9.341,-4.156,6.048
65.9900,5,0.976,0.077,0.201,-3.135,7.254,5.264,9.717,8.044,2.098,-2.664,-4.624,6.523,9.341,-4.155,6.048
66.0000,5,0.975,0.071,0.199,-3.135,7.255,5.263,9.717,8.045,2.083,-2.665,-4.623,6.523,9.341,-4.155,6.048
66.0100,5,0.974,0.066,0.198,-3.135,7.255,5.263,9.717,8.046,2.068,-2.665,-4.623,6.522,9.341,-4.154,6.048
66.0200,5,0.973,0.061,0.197,-3.135,7.256,5.263,9.717,8.047,2.053,-2.665,-4.622,6.520,9.340,-4.153,6.048
66.0300,5,0.972,0.055,0.196,-3.135,7.256,5.263,9.717,8.048,2.039,-2.665,-4.621,6.518,9.340,-4.153,6.048
66.0400,5,0.971,0.050,0.195,-3.135,7.257,5.263,9.717,8.050,2.025,-2.666,-4.620,6.515,9.340,-4.152,6.048
66.0500,5,0.970,0.045,0.194,-3.135,7.257,5.263,9.716,8.051,2.011,-2.666,-4.620,6.512,9.340,-4.151,6.048
66.0600,5,0.969,0.039,0.193,-3.135,7.258,5.263,9.716,8.052,1.998,-2.666,-4.619,6.508,9.340,-4.151,6.048
66.0700,5,0.968,0.034,0.192,-3.135,7.258,5.263,9.716,8.053,1.984,-2.666,-4.618,6.505,9.340,-4.150,6.048
66.0800,5,0.967,0.029,0.191,-3.135,7.259,5.263,9.716,8.054,1.971,-2.667,-4.618,6.501,9.340,-4.150,6.048
66.0900,5,0.966,0.024,0.190,-3.135,7.259,5.263,9.716,8.055,1.958,-2.667,-4.617,6.496,9.339,-4.149,6.048
66.1000,5,0.965,0.019,0.188,-3.135,7.260,5.263,9.716,8.056,1.945,-2.667,-4.616,6.492,9.339,-4.148,6.048
66.1100,5,0.964,0.013,0.187,-3.136,7.260,5.263,9.716,8.057,1.933,-2.667,-4.615,6.488,9.339,-4.148,6.048
66.1200,5,0.963,0.008,0.186,-3.136,7.261,5.263,9.716,8.058,1.921,-2.668,-4.615,6.483,9.339,-4.147,6.048
66.1300,5,0.962,0.003,0.185,-3.136,7.261,5.263,9.715,8.059,1.909,-2.668,-4.614,6.478,9.339,-4.146,6.048
66.1400,5,0.961,-0.002,0.184,-3.136,7.262,5.263,9.715,8.060,1.897,-2.668,-4.613,6.474,9.339,-4.146,6.048
66.1500,5,0.961,-0.007,0.183,-3.136,7.262,5.263,9.715,8.061,1.885,-2.668,-4.613,6.469,9.339,-4.145,6.048
66.1600,5,0.960,-0.012,0.181,-3.136,7.263,5.263,9.715,8.063,1.874,-2.669,-4.612,6.465,9.339,-4.144,6.048
66.1700,5,0.959,-0.017,0.180,-3.136,7.263,5.263,9.715,8.064,1.863,-2.669,-4.611,6.460,9.338,-4.144,6.048
66.1800,5,0.958,-0.022,0.179,-3.136,7.264,5.263,9.715,8.065,1.852,-2.669,-4.610,6.456,9.338,-4.143,6.048
66.1900,5,0.958,-0.027,0.178,-3.136,7.265,5.263,9.715,8.066,1.841,-2.669,-4.610,6.451,9.338,-4.142,6.048
66.2000,5,0.957,-0.032,0.177,-3.136,7.265,5.263,9.715,8.067,1.830,-2.670,-4.609,6.447,9.338,-4.142,6.048
66.2100,5,0.957,-0.037,0.175,-3.136,7.266,5.263,9.715,8.068,1.820,-2.670,-4.608,6.443,9.338,-4.141,6.048
66.2200,5,0.956,-0.042,0.174,-3.136,7.266,5.263,9.714,8.069,1.810,-2.670,-4.608,6.438,9.338,-4.140,6.048
66.2300,5,0.956,-0.047,0.173,-3.136,7.267,5.263,9.714,8.070,1.800,-2.670,-4.607,6.434,9.338,-4.140,6.048
66.2400,5,0.955,-0.052,0.171,-3.136,7.267,5.263,9.714,8.071,1.790,-2.671,-4.606,6.430,9.337,-4.139,6.048
66.2500,5,0.955,-0.057,0.170,-3.136,7.268,5.263,9.714,8.072,1.780,-2.671,-4.605,6.425,9.337,-4.139,6.048
66.2600,5,0.954,-0.062,0.169,-3.136,7.268,5.263,9.714,8.073,1.771,-2.671,-4.605,6.421,9.337,-4.138,6.049
66.2700,5,0.954,-0.067,0.168,-3.136,7.269,5.263,9.714,8.074,1.761,-2.671,-4.604,6.417,9.337,-4.137,6.049
66.2800,5,0.954,-0.071,0.166,-3.137,7.269,5.263,9.714,8.076,1.752,-2.671,-4.603,6.413,9.337,-4.137,6.049
66.2900,5,0.953,-0.076,0.165,-3.137,7.270,5.263,9.714,8.077,1.743,-2.672,-4.603,6.409,9.337,-4.136,6.049
66.3000,5,0.953,-0.081,0.164,-3.137,7.270,5.263,9.714,8.078,1.734,-2.672,-4.602,6.405,9.337,-4.135,6.049
66.3100,5,0.953,-0.086,0.162,-3.137,7.271,5.263,9.714,8.079,1.726,-2.672,-4.601,6.401,9.337,-4.135,6.049
66.3200,5,0.953,-0.090,0.161,-3.137,7.271,5.263,9.714,8.080,1.717,-2.672,-4.600,6.397,9.337,-4.134,6.049
66.3300,5,0.953,-0.095,0.160,-3.137,7.272,5.263,9.714,8.081,1.709,-2.673,-4.600,6.393,9.336,-4.133,6.049
66.3400,5,0.952,-0.100,0.158,-3.137,7.272,5.263,9.714,8.082,1.701,-2.673,-4.599,6.389,9.336,-4.133,6.049
66.3500,5,0.952,-0.105,0.157,-3.137,7.273,5.263,9.714,8.083,1.693,-2.673,-4.598,6.386,9.336,-4.132,6.050
66.3600,5,0.952,-0.109,0.156,-3.137,7.273,5.264,9.713,8.084,1.685,-2.673,-4.598,6.382,9.336,-4.131,6.050
66.3700,5,0.952,-0.114,0.154,-3.137,7.274,5.264,9.713,8.085,1.677,-2.673,-4.597,6.378,9.336,-4.131,6.050
66.3800,5,0.952,-0.118,0.153,-3.137,7.274,5.264,9.713,8.086,1.670,-2.674,-4.596,6.375,9.336,-4.130,6.050
66.3900,5,0.953,-0.123,0.151,-3.137,7.275,5.264,9.713,8.087,1.662,-2.674,-4.595,6.371,9.336,-4.130,6.050
66.4000,5,0.953,-0.128,0.150,-3.137,7.275,5.264,9.713,8.088,1.655,-2.674,-4.595,6.368,9.336,-4.129,6.050
66.4100,5,0.953,-0.132,0.149,-3.137,7.276,5.264,9.713,8.089,1.648,-2.674,-4.594,6.364,9.335,-4.128,6.051
66.4200,5,0.953,-0.137,0.147,-3.137,7.276,5.264,9.713,8.091,1.641,-2.674,-4.593,6.361,9.335,-4.128,6.051
66.4300,5,0.953,-0.141,0.146,-3.137,7.277,5.265,9.713,8.092,1.634,-2.675,-4.593,6.357,9.335,-4.127,6.051
66.4400,5,0.954,-0.146,0.144,-3.137,7.277,5.265,9.713,8.093,1.628,-2.675,-4.592,6.354,9.335,-4.126,6.051
66.4500,5,0.954,-0.150,0.143,-3.137,7.278,5.265,9.713,8.094,1.621,-2.675,-4.591,6.350,9.335,-4.126,6.051
66.4600,5,0.954,-0.155,0.142,-3.137,7.278,5.265,9.713,8.095,1.615,-2.675,-4.591,6.347,9.335,-4.125,6.052
66.4700,5,0.955,-0.159,0.140,-3.137,7.279,5.265,9.713,8.096,1.608,-2.675,-4.590,6.344,9.335,-4.124,6.052
66.4800,5,0.955,-0.163,0.139,-3.137,7.279,5.265,9.713,8.097,1.602,-2.676,-4.589,6.341,9.335,-4.124,6.052
66.4900,5,0.956,-0.168,0.137,-3.137,7.280,5.266,9.713,8.098,1.596,-2.676,-4.588,6.337,9.335,-4.123,6.052
66.5000,5,0.956,-0.172,0.136,-3.137,7.280,5.266,9.713,8.099,1.590,-2.676,-4.588,6.334,9.335,-4.122,6.052
66.5100,5,0.957,-0.176,0.134,-3.138,7.281,5.266,9.713,8.100,1.585,-2.676,-4.587,6.331,9.334,-4.122,6.053
66.5200,5,0.957,-0.181,0.133,-3.138,7.281,5.266,9.713,8.101,1.579,-2.676,-4.586,6.328,9.334,-4.121,6.053
66.5300,5,0.958,-0.185,0.131,-3.138,7.282,5.266,9.713,8.102,1.573,-2.677,-4.586,6.325,9.334,-4.121,6.053
66.5400,5,0.959,-0.189,0.130,-3.138,7.283,5.267,9.713,8.103,1.568,-2.677,-4.585,6.322,9.334,-4.120,6.053
66.5500,5,0.960,-0.194,0.128,-3.138,7.283,5.267,9.713,8.104,1.563,-2.677,-4.584,6.319,9.334,-4.119,6.054
66.5600,5,0.960,-0.198,0.127,-3.138,7.284,5.267,9.713,8.105,1.558,-2.677,-4.583,6.316,9.334,-4.119,6.054
66.5700,5,0.961,-0.202,0.125,-3.138,7.284,5.267,9.713,8.106,1.553,-2.677,-4.583,6.313,9.334,-4.118,6.054
66.5800,5,0.962,-0.206,0.124,-3.138,7.285,5.268,9.713,8.108,1.548,-2.677,-4.582,6.310,9.334,-4.117,6.054
66.5900,5,0.963,-0.210,0.122,-3.138,7.285,5.268,9.713,8.109,1.543,-2.678,-4.581,6.307,9.334,-4.117,6.055
66.6000,5,0.964,-0.214,0.121,-3.138,7.286,5.268,9.713,8.110,1.538,-2.678,-4.581,6.305,9.334,-4.116,6.055
66.6100,5,0.965,-0.219,0.119,-3.138,7.286,5.268,9.713,8.111,1.533,-2.678,-4.580,6.302,9.334,-4.115,6.055
66.6200,5,0.966,-0.223,0.118,-3.138,7.287,5.269,9.713,8.112,1.529,-2.678,-4.579,6.299,9.333,-4.115,6.056
66.6300,5,0.967,-0.227,0.116,-3.138,7.287,5.269,9.713,8.113,1.525,-2.678,-4.579,6.296,9.333,-4.114,6.056
66.6400,5,0.969,-0.231,0.115,-3.138,7.288,5.269,9.713,8.114,1.520,-2.679,-4.578,6.294,9.333,-4.114,6.056
66.6500,5,0.970,-0.235,0.113,-3.138,7.288,5.269,9.713,8.115,1.516,-2.679,-4.577,6.291,9.333,-4.113,6.056
66.6600,5,0.971,-0.239,0.111,-3.138,7.289,5.270,9.713,8.116,1.512,-2.679,-4.576,6.289,9.333,-4.112,6.057
66.6700,5,0.972,-0.243,0.110,-3.138,7.289,5.270,9.713,8.117,1.508,-2.679,-4.576,6.286,9.333,-4.112,6.057
66.6800,5,0.974,-0.247,0.108,-3.138,7.290,5.270,9.713,8.118,1.504,-2.679,-4.575,6.284,9.333,-4.111,6.057
66.6900,5,0.975,-0.251,0.107,-3.138,7.290,5.271,9.713,8.119,1.500,-2.679,-4.574,6.281,9.333,-4.110,6.058
66.7000,5,0.976,-0.255,0.105,-3.138,7.291,5.271,9.713,8.120,1.497,-2.680,-4.574,6.279,9.333,-4.110,6.058
66.7100,5,0.978,-0.258,0.104,-3.138,7.291,5.271,9.713,8.121,1.493,-2.680,-4.573,6.276,9.333,-4.109,6.058
66.7200,5,0.979,-0.262,0.102,-3.138,7.292,5.272,9.713,8.122,1.489,-2.680,-4.572,6.274,9.333,-4.108,6.059
66.7300,5,0.981,-0.266,0.100,-3.138,7.292,5.272,9.713,8.123,1.486,-2.680,-4.572,6.271,9.333,-4.108,6.059
66.7400,5,0.983,-0.270,0.099,-3.138,7.293,5.272,9.713,8.124,1.483,-2.680,-4.571,6.269,9.332,-4.107,6.059
66.7500,5,0.984,-0.274,0.097,-3.138,7.293,5.273,9.713,8.125,1.479,-2.680,-4.570,6.267,9.332,-4.107,6.060
66.7600,5,0.986,-0.278,0.095,-3.138,7.294,5.273,9.713,8.126,1.476,-2.680,-4.569,6.265,9.332,-4.106,6.060
66.7700,5,0.988,-0.281,0.094,-3.138,7.294,5.273,9.713,8.127,1.473,-2.681,-4.569,6.262,9.332,-4.105,6.061
66.7800,5,0.990,-0.285,0.092,-3.138,7.295,5.274,9.713,8.129,1.470,-2.681,-4.568,6.260,9.332,-4.105,6.061
66.7900,5,0.991,-0.289,0.091,-3.138,7.295,5.274,9.713,8.130,1.467,-2.681,-4.567,6.258,9.332,-4.104,6.061
66.8000,5,0.993,-0.292,0.089,-3.138,7.296,5.274,9.713,8.131,1.464,-2.681,-4.567,6.256,9.332,-4.103,6.062
66.8100,5,0.995,-0.296,0.087,-3.138,7.296,5.275,9.714,8.132,1.462,-2.681,-4.566,6.254,9.332,-4.103,6.062
66.8200,5,0.997,-0.300,0.086,-3.138,7.297,5.275,9.714,8.133,1.459,-2.681,-4.565,6.252,9.332,-4.102,6.062
66.8300,5,0.999,-0.303,0.084,-3.138,7.297,5.276,9.714,8.134,1.456,-2.682,-4.565,6.249,9.332,-4.102,6.063
66.8400,5,1.001,-0.307,0.082,-3.138,7.298,5.276,9.714,8.135,1.454,-2.682,-4.564,6.247,9.332,-4.101,6.063
66.8500,5,1.003,-0.311,0.081,-3.138,7.298,5.276,9.714,8.136,1.451,-2.682,-4.563,6.245,9.332,-4.100,6.064
66.8600,5,1.006,-0.314,0.079,-3.138,7.299,5.277,9.714,8.137,1.449,-2.682,-4.563,6.243,9.332,-4.100,6.064
66.8700,5,1.008,-0.318,0.077,-3.138,7.299,5.277,9.714,8.138,1.447,-2.682,-4.562,6.242,9.332,-4.099,6.065
66.8800,5,1.010,-0.321,0.076,-3.138,7.300,5.278,9.714,8.139,1.444,-2.682,-4.561,6.240,9.332,-4.098,6.065
66.8900,5,1.012,-0.325,0.074,-3.138,7.300,5.278,9.714,8.140,1.442,-2.682,-4.561,6.238,9.332,-4.098,6.065
66.9000,5,1.015,-0.328,0.072,-3.138,7.301,5.278,9.714,8.141,1.440,-2.683,-4.560,6.236,9.331,-4.097,6.066
66.9100,5,1.017,-0.332,0.071,-3.138,7.301,5.279,9.714,8.142,1.438,-2.683,-4.559,6.234,9.331,-4.097,6.066
66.9200,5,1.019,-0.335,0.069,-3.138,7.302,5.279,9.714,8.143,1.436,-2.683,-4.558,6.232,9.331,-4.096,6.067
66.9300,5,1.022,-0.338,0.067,-3.138,7.302,5.280,9.714,8.144,1.434,-2.683,-4.558,6.230,9.331,-4.095,6.067
66.9400,5,1.024,-0.342,0.066,-3.138,7.303,5.280,9.714,8.145,1.433,-2.683,-4.557,6.229,9.331,-4.095,6.068
66.9500,5,1.027,-0.345,0.064,-3.138,7.303,5.281,9.714,8.146,1.431,-2.683,-4.556,6.227,9.331,-4.094,6.068
66.9600,5,1.030,-0.348,0.062,-3.138,7.304,5.281,9.715,8.147,1.429,-2.683,-4.556,6.225,9.331,-4.093,6.068
66.9700,5,1.032,-0.352,0.061,-3.138,7.304,5.281,9.715,8.148,1.427,-2.683,-4.555,6.223,9.331,-4.093,6.069
66.9800,5,1.035,-0.355,0.059,-3.138,7.305,5.282,9.715,8.149,1.426,-2.684,-4.554,6.222,9.331,-4.092,6.069
66.9900,5,1.038,-0.358,0.057,-3.138,7.305,5.282,9.715,8.150,1.424,-2.684,-4.554,6.220,9.331,-4.092,6.070
67.0000,5,1.040,-0.362,0.056,-3.138,7.306,5.283,9.715,8.151,1.423,-2.684,-4.553,6.219,9.331,-4.091,6.070
67.0100,5,1.043,-0.365,0.054,-3.138,7.306,5.283,9.715,8.152,1.422,-2.684,-4.552,6.217,9.331,-4.090,6.071
67.0200,5,1.046,-0.368,0.052,-3.138,7.307,5.284,9.715,8.153,1.420,-2.684,-4.552,6.215,9.331,-4.090,6.071
67.0300,5,1.049,-0.371,0.050,-3.138,7.307,5.284,9.715,8.154,1.419,-2.684,-4.551,6.214,9.331,-4.089,6.072
67.0400,5,1.052,-0.374,0.049,-3.138,7.308,5.285,9.715,8.155,1.418,-2.684,-4.550,6.212,9.331,-4.088,6.072
67.0500,5,1.055,-0.377,0.047,-3.138,7.308,5.285,9.715,8.156,1.417,-2.684,-4.550,6.211,9.331,-4.088,6.073
67.0600,5,1.058,-0.381,0.045,-3.138,7.309,5.286,9.716,8.157,1.416,-2.684,-4.549,6.209,9.331,-4.087,6.073
67.0700,5,1.061,-0.384,0.043,-3.138,7.309,5.286,9.716,8.158,1.414,-2.685,-4.548,6.208,9.331,-4.087,6.074
67.0800,5,1.064,-0.387,0.042,-3.138,7.310,5.287,9.716,8.159,1.414,-2.685,-4.548,6.207,9.331,-4.086,6.074
67.0900,5,1.067,-0.390,0.040,-3.138,7.310,5.287,9.716,8.160,1.413,-2.685,-4.547,6.205,9.331,-4.085,6.075
67.1000,5,1.070,-0.393,0.038,-3.138,7.311,5.288,9.716,8.161,1.412,-2.685,-4.546,6.204,9.331,-4.085,6.075
67.1100,5,1.073,-0.396,0.037,-3.138,7.311,5.288,9.716,8.162,1.411,-2.685,-4.546,6.202,9.331,-4.084,6.076
67.1200,5,1.077,-0.399,0.035,-3.138,7.312,5.289,9.716,8.163,1.410,-2.685,-4.545,6.201,9.331,-4.084,6.076
67.1300,5,1.080,-0.402,0.033,-3.138,7.312,5.290,9.716,8.164,1.409,-2.685,-4.544,6.200,9.331,-4.083,6.077
67.1400,5,1.083,-0.405,0.031,-3.138,7.313,5.290,9.716,8.165,1.409,-2.685,-4.544,6.198,9.330,-4.082,6.078
67.1500,5,1.087,-0.408,0.030,-3.138,7.313,5.291,9.717,8.166,1.408,-2.685,-4.543,6.197,9.330,-4.082,6.078
67.1600,5,1.090,-0.410,0.028,-3.138,7.314,5.291,9.717,8.167,1.407,-2.685,-4.542,6.196,9.330,-4.081,6.079
67.1700,5,1.094,-0.413,0.026,-3.138,7.314,5.292,9.717,8.168,1.407,-2.686,-4.542,6.195,9.330,-4.080,6.079
67.1800,5,1.097,-0.416,0.024,-3.138,7.315,5.292,9.717,8.169,1.406,-2.686,-4.541,6.193,9.330,-4.080,6.080
67.1900,5,1.101,-0.419,0.023,-3.138,7.315,5.293,9.717,8.170,1.406,-2.686,-4.540,6.192,9.330,-4.079,6.080
67.2000,5,1.104,-0.422,0.021,-3.138,7.316,5.293,9.717,8.171,1.406,-2.686,-4.540,6.191,9.330,-4.079,6.081
67.2100,5,1.108,-0.425,0.019,-3.138,7.316,5.294,9.717,8.172,1.405,-2.686,-4.539,6.190,9.330,-4.078,6.081
67.2200,5,1.111,-0.427,0.017,-3.138,7.317,5.295,9.718,8.173,1.405,-2.686,-4.538,6.189,9.330,-4.077,6.082
67.2300,5,1.115,-0.430,0.016,-3.138,7.317,5.295,9.718,8.174,1.405,-2.686,-4.538,6.188,9.330,-4.077,6.083
67.2400,5,1.119,-0.433,0.014,-3.138,7.318,5.296,9.718,8.175,1.404,-2.686,-4.537,6.187,9.330,-4.076,6.083
67.2500,5,1.123,-0.436,0.012,-3.138,7.318,5.296,9.718,8.176,1.404,-2.686,-4.536,6.186,9.330,-4.076,6.084
67.2600,5,1.126,-0.438,0.010,-3.138,7.319,5.297,9.718,8.177,1.404,-2.686,-4.536,6.185,9.330,-4.075,6.084
67.2700,5,1.130,-0.441,0.009,-3.138,7.319,5.298,9.718,8.178,1.404,-2.686,-4.535,6.184,9.330,-4.074,6.085
67.2800,5,1.134,-0.444,0.007,-3.138,7.320,5.298,9.719,8.179,1.404,-2.686,-4.534,6.183,9.330,-4.074,6.086
67.2900,5,1.138,-0.446,0.005,-3.137,7.320,5.299,9.719,8.180,1.404,-2.686,-4.534,6.182,9.330,-4.073,6.086
67.3000,5,1.142,-0.449,0.003,-3.137,7.320,5.299,9.719,8.181,1.404,-2.687,-4.533,6.181,9.330,-4.073,6.087
67.3100,5,1.146,-0.452,0.002,-3.137,7.321,5.300,9.719,8.182,1.404,-2.687,-4.532,6.180,9.330,-4.072,6.087
67.3200,5,1.150,-0.454,-0.000,-3.137,7.321,5.301,9.719,8.183,1.404,-2.687,-4.532,6.179,9.330,-4.071,6.088
67.3300,5,1.154,-0.457,-0.002,-3.137,7.322,5.301,9.719,8.184,1.404,-2.687,-4.531,6.178,9.330,-4.071,6.089
67.3400,5,1.158,-0.459,-0.004,-3.137,7.322,5.302,9.720,8.185,1.404,-2.687,-4.530,6.177,9.330,-4.070,6.089
67.3500,5,1.162,-0.462,-0.005,-3.137,7.323,5.303,9.720,8.186,1.405,-2.687,-4.530,6.176,9.330,-4.070,6.090
67.3600,5,1.166,-0.464,-0.007,-3.137,7.323,5.303,9.720,8.187,1.405,-2.687,-4.529,6.175,9.330,-4.069,6.090
67.3700,5,1.170,-0.467,-0.009,-3.137,7.324,5.304,9.720,8.188,1.405,-2.687,-4.528,6.174,9.330,-4.068,6.091
67.3800,5,1.174,-0.469,-0.011,-3.137,7.324,5.304,9.720,8.189,1.405,-2.687,-4.528,6.173,9.330,-4.068,6.092
67.3900,5,1.178,-0.472,-0.012,-3.137,7.325,5.305,9.721,8.190,1.406,-2.687,-4.527,6.173,9.330,-4.067,6.092
67.4000,5,1.183,-0.474,-0.014,-3.137,7.325,5.306,9.721,8.191,1.406,-2.687,-4.526,6.172,9.330,-4.067,6.093
67.4100,5,1.187,-0.476,-0.016,-3.137,7.326,5.306,9.721,8.192,1.406,-2.687,-4.526,6.171,9.330,-4.066,6.094
67.4200,5,1.191,-0.479,-0.018,-3.137,7.326,5.307,9.721,8.193,1.407,-2.687,-4.525,6.170,9.330,-4.065,6.094
67.4300,5,1.195,-0.481,-0.019,-3.137,7.327,5.308,9.721,8.194,1.407,-2.687,-4.524,6.169,9.330,-4.065,6.095
67.4400,5,1.200,-0.484,-0.021,-3.137,7.327,5.308,9.722,8.195,1.408,-2.687,-4.524,6.169,9.330,-4.064,6.096
67.4500,5,1.204,-0.486,-0.023,-3.137,7.328,5.309,9.722,8.196,1.408,-2.687,-4.523,6.168,9.330,-4.064,6.096
67.4600,5,1.209,-0.488,-0.024,-3.137,7.328,5.310,9.722,8.197,1.409,-2.687,-4.523,6.167,9.330,-4.063,6.097
67.4700,5,1.213,-0.491,-0.026,-3.137,7.329,5.311,9.722,8.198,1.410,-2.687,-4.522,6.167,9.330,-4.062,6.098
67.4800,5,1.217,-0.493,-0.028,-3.136,7.329,5.311,9.722,8.199,1.410,-2.687,-4.521,6.166,9.331,-4.062,6.098
67.4900,5,1.222,-0.495,-0.030,-3.136,7.330,5.312,9.723,8.200,1.411,-2.687,-4.521,6.165,9.331,-4.061,6.099
67.5000,5,1.226,-0.497,-0.031,-3.136,7.330,5.313,9.723,8.201,1.412,-2.687,-4.520,6.165,9.331,-4.061,6.100
67.5100,5,1.231,-0.500,-0.033,-3.136,7.331,5.313,9.723,8.202,1.412,-2.687,-4.519,6.164,9.331,-4.060,6.100
67.5200,5,1.235,-0.502,-0.035,-3.136,7.331,5.314,9.723,8.203,1.413,-2.688,-4.519,6.163,9.331,-4.059,6.101
67.5300,5,1.240,-0.504,-0.037,-3.136,7.331,5.315,9.724,8.204,1.414,-2.688,-4.518,6.163,9.331,-4.059,6.102
67.5400,5,1.244,-0.506,-0.038,-3.136,7.332,5.315,9.724,8.205,1.415,-2.688,-4.517,6.162,9.331,-4.058,6.102
67.5500,5,1.249,-0.508,-0.040,-3.136,7.332,5.316,9.724,8.205,1.415,-2.688,-4.517,6.162,9.331,-4.058,6.103
67.5600,5,1.254,-0.510,-0.042,-3.136,7.333,5.317,9.724,8.206,1.416,-2.688,-4.516,6.161,9.331,-4.057,6.104
67.5700,5,1.258,-0.513,-0.044,-3.136,7.333,5.318,9.725,8.207,1.417,-2.688,-4.516,6.161,9.331,-4.057,6.104
67.5800,5,1.263,-0.515,-0.045,-3.136,7.334,5.318,9.725,8.208,1.418,-2.688,-4.515,6.160,9.331,-4.056,6.105
67.5900,5,1.268,-0.517,-0.047,-3.136,7.334,5.319,9.725,8.209,1.419,-2.688,-4.514,6.160,9.331,-4.055,6.106
67.6000,5,1.272,-0.519,-0.049,-3.136,7.335,5.320,9.725,8.210,1.420,-2.688,-4.514,6.159,9.331,-4.055,6.107
67.6100,5,1.277,-0.521,-0.050,-3.136,7.335,5.320,9.726,8.211,1.421,-2.688,-4.513,6.159,9.331,-4.054,6.107
67.6200,5,1.282,-0.523,-0.052,-3.135,7.336,5.321,9.726,8.212,1.422,-2.688,-4.512,6.158,9.331,-4.054,6.108
67.6300,5,1.286,-0.525,-0.054,-3.135,7.336,5.322,9.726,8.213,1.423,-2.688,-4.512,6.158,9.331,-4.053,6.109
67.6400,5,1.291,-0.527,-0.056,-3.135,7.337,5.323,9.726,8.214,1.424,-2.688,-4.511,6.157,9.331,-4.053,6.109
67.6500,5,1.296,-0.529,-0.057,-3.135,7.337,5.323,9.727,8.215,1.425,-2.688,-4.510,6.157,9.331,-4.052,6.110
67.6600,5,1.301,-0.531,-0.059,-3.135,7.338,5.324,9.727,8.216,1.426,-2.688,-4.510,6.156,9.331,-4.051,6.111
67.6700,5,1.306,-0.533,-0.061,-3.135,7.338,5.325,9.727,8.217,1.427,-2.688,-4.509,6.156,9.331,-4.051,6.112
67.6800,5,1.310,-0.535,-0.062,-3.135,7.338,5.326,9.728,8.218,1.428,-2.688,-4.509,6.155,9.331,-4.050,6.112
67.6900,5,1.315,-0.537,-0.064,-3.135,7.339,5.326,9.728,8.219,1.429,-2.688,-4.508,6.155,9.331,-4.050,6.113
67.7000,5,1.320,-0.539,-0.066,-3.135,7.339,5.327,9.728,8.219,1.430,-2.688,-4.507,6.155,9.332,-4.049,6.114
67.7100,5,1.325,-0.541,-0.067,-3.135,7.340,5.328,9.728,8.220,1.432,-2.687,-4.507,6.154,9.332,-4.049,6.114
67.7200,5,1.330,-0.542,-0.069,-3.135,7.340,5.329,9.729,8.221,1.433,-2.687,-4.506,6.154,9.332,-4.048,6.115
67.7300,5,1.335,-0.544,-0.071,-3.134,7.341,5.330,9.729,8.222,1.434,-2.687,-4.506,6.154,9.332,-4.047,6.116
67.7400,5,1.339,-0.546,-0.072,-3.134,7.341,5.330,9.729,8.223,1.435,-2.687,-4.505,6.153,9.332,-4.047,6.117
67.7500,5,1.344,-0.548,-0.074,-3.134,7.342,5.331,9.730,8.224,1.437,-2.687,-4.504,6.153,9.332,-4.046,6.117
67.7600,5,1.349,-0.550,-0.076,-3.134,7.342,5.332,9.730,8.225,1.438,-2.687,-4.504,6.153,9.332,-4.046,6.118
67.7700,5,1.354,-0.552,-0.077,-3.134,7.343,5.333,9.730,8.226,1.439,-2.687,-4.503,6.152,9.332,-4.045,6.119
67.7800,5,1.359,-0.553,-0.079,-3.134,7.343,5.333,9.731,8.227,1.440,-2.687,-4.503,6.152,9.332,-4.045,6.120
67.7900,5,1.364,-0.555,-0.081,-3.134,7.343,5.334,9.731,8.228,1.442,-2.687,-4.502,6.152,9.332,-4.044,6.120
67.8000,5,1.369,-0.557,-0.082,-3.134,7.344,5.335,9.731,8.229,1.443,-2.687,-4.501,6.152,9.332,-4.043,6.121
67.8100,5,1.374,-0.559,-0.084,-3.134,7.344,5.336,9.732,8.230,1.445,-2.687,-4.501,6.151,9.332,-4.043,6.122
67.8200,5,1.379,-0.561,-0.086,-3.133,7.345,5.337,9.732,8.230,1.446,-2.687,-4.500,6.151,9.333,-4.042,6.123
67.8300,5,1.384,-0.562,-0.087,-3.133,7.345,5.337,9.732,8.231,1.447,-2.687,-4.499,6.151,9.333,-4.042,6.123
67.8400,5,1.388,-0.564,-0.089,-3.133,7.346,5.338,9.733,8.232,1.449,-2.687,-4.499,6.151,9.333,-4.041,6.124
67.8500,5,1.393,-0.566,-0.091,-3.133,7.346,5.339,9.733,8.233,1.450,-2.687,-4.498,6.151,9.333,-4.041,6.125
67.8600,5,1.398,-0.567,-0.092,-3.133,7.347,5.340,9.733,8.234,1.452,-2.687,-4.498,6.150,9.333,-4.040,6.126
67.8700,5,1.403,-0.569,-0.094,-3.133,7.347,5.341,9.734,8.235,1.453,-2.687,-4.497,6.150,9.333,-4.040,6.126
67.8800,5,1.408,-0.571,-0.096,-3.133,7.348,5.341,9.734,8.236,1.455,-2.687,-4.496,6.150,9.333,-4.039,6.127
67.8900,5,1.413,-0.572,-0.097,-3.133,7.348,5.342,9.735,8.237,1.456,-2.687,-4.496,6.150,9.333,-4.038,6.128
67.9000,5,1.418,-0.574,-0.099,-3.132,7.348,5.343,9.735,8.238,1.458,-2.687,-4.495,6.150,9.333,-4.038,6.129
67.9100,5,1.423,-0.576,-0.100,-3.132,7.349,5.344,9.735,8.238,1.459,-2.686,-4.495,6.150,9.333,-4.037,6.130
67.9200,5,1.428,-0.577,-0.102,-3.132,7.349,5.345,9.736,8.239,1.461,-2.686,-4.494,6.149,9.334,-4.037,6.130
67.9300,5,1.433,-0.579,-0.104,-3.132,7.350,5.346,9.736,8.240,1.462,-2.686,-4.494,6.149,9.334,-4.036,6.131
67.9400,5,1.438,-0.581,-0.105,-3.132,7.350,5.346,9.736,8.241,1.464,-2.686,-4.493,6.149,9.334,-4.036,6.132
67.9500,5,1.443,-0.582,-0.107,-3.132,7.351,5.347,9.737,8.242,1.465,-2.686,-4.492,6.149,9.334,-4.035,6.133
67.9600,5,1.448,-0.584,-0.108,-3.132,7.351,5.348,9.737,8.243,1.467,-2.686,-4.492,6.149,9.334,-4.035,6.133
67.9700,5,1.452,-0.585,-0.110,-3.131,7.351,5.349,9.738,8.244,1.469,-2.686,-4.491,6.149,9.334,-4.034,6.134
67.9800,5,1.457,-0.587,-0.111,-3.131,7.352,5.350,9.738,8.245,1.470,-2.686,-4.491,6.149,9.334,-4.033,6.135
67.9900,5,1.462,-0.588,-0.113,-3.131,7.352,5.351,9.739,8.245,1.472,-2.686,-4.490,6.149,9.334,-4.033,6.136
68.0000,5,1.467,-0.590,-0.115,-3.131,7.353,5.351,9.739,8.246,1.474,-2.686,-4.489,6.149,9.335,-4.032,6.137
68.0100,5,1.472,-0.591,-0.116,-3.131,7.353,5.352,9.739,8.247,1.475,-2.686,-4.489,6.149,9.335,-4.032,6.137
68.0200,5,1.477,-0.593,-0.118,-3.131,7.354,5.353,9.740,8.248,1.477,-2.685,-4.488,6.148,9.335,-4.031,6.138
68.0300,5,1.482,-0.594,-0.119,-3.131,7.354,5.354,9.740,8.249,1.479,-2.685,-4.488,6.148,9.335,-4.031,6.139
68.0400,5,1.487,-0.596,-0.121,-3.130,7.355,5.355,9.741,8.250,1.480,-2.685,-4.487,6.148,9.335,-4.030,6.140
68.0500,5,1.491,-0.597,-0.122,-3.130,7.355,5.356,9.741,8.251,1.482,-2.685,-4.487,6.148,9.335,-4.030,6.141
68.0600,5,1.496,-0.599,-0.124,-3.130,7.355,5.356,9.742,8.251,1.484,-2.685,-4.486,6.148,9.335,-4.029,6.141
68.0700,5,1.501,-0.600,-0.125,-3.130,7.356,5.357,9.742,8.252,1.485,-2.685,-4.485,6.148,9.336,-4.029,6.142
68.0800,5,1.506,-0.602,-0.127,-3.130,7.356,5.358,9.742,8.253,1.487,-2.685,-4.485,6.148,9.336,-4.028,6.143
68.0900,5,1.511,-0.603,-0.128,-3.130,7.357,5.359,9.743,8.254,1.489,-2.685,-4.484,6.148,9.336,-4.028,6.144
68.1000,5,1.515,-0.605,-0.130,-3.129,7.357,5.360,9.743,8.255,1.491,-2.684,-4.484,6.148,9.336,-4.027,6.144
68.1100,5,1.520,-0.606,-0.131,-3.129,7.358,5.361,9.744,8.256,1.492,-2.684,-4.483,6.148,9.336,-4.027,6.145
68.1200,5,1.525,-0.607,-0.133,-3.129,7.358,5.361,9.744,8.256,1.494,-2.684,-4.483,6.148,9.336,-4.026,6.146
68.1300,5,1.530,-0.609,-0.134,-3.129,7.358,5.362,9.745,8.257,1.496,-2.684,-4.482,6.148,9.337,-4.025,6.147
68.1400,5,1.534,-0.610,-0.136,-3.129,7.359,5.363,9.745,8.258,1.498,-2.684,-4.481,6.148,9.337,-4.025,6.148
68.1500,5,1.539,-0.612,-0.137,-3.128,7.359,5.364,9.746,8.259,1.500,-2.684,-4.481,6.149,9.337,-4.024,6.148
68.1600,5,1.544,-0.613,-0.139,-3.128,7.360,5.365,9.746,8.260,1.502,-2.684,-4.480,6.149,9.337,-4.024,6.149
68.1700,5,1.548,-0.614,-0.140,-3.128,7.360,5.366,9.747,8.261,1.503,-2.683,-4.480,6.149,9.337,-4.023,6.150
68.1800,5,1.553,-0.616,-0.142,-3.128,7.360,5.367,9.747,8.261,1.505,-2.683,-4.479,6.149,9.337,-4.023,6.151
68.1900,5,1.557,-0.617,-0.143,-3.128,7.361,5.367,9.748,8.262,1.507,-2.683,-4.479,6.149,9.338,-4.022,6.152
68.2000,5,1.562,-0.618,-0.144,-3.128,7.361,5.368,9.748,8.263,1.509,-2.683,-4.478,6.149,9.338,-4.022,6.153
68.2100,5,1.567,-0.620,-0.146,-3.127,7.362,5.369,9.749,8.264,1.511,-2.683,-4.478,6.149,9.338,-4.021,6.153
68.2200,5,1.571,-0.621,-0.147,-3.127,7.362,5.370,9.749,8.265,1.513,-2.682,-4.477,6.149,9.338,-4.021,6.154
68.2300,5,1.576,-0.622,-0.149,-3.127,7.363,5.371,9.750,8.265,1.514,-2.682,-4.476,6.149,9.338,-4.020,6.155
68.2400,5,1.580,-0.624,-0.150,-3.127,7.363,5.372,9.750,8.266,1.516,-2.682,-4.476,6.149,9.339,-4.020,6.156
68.2500,5,1.585,-0.625,-0.152,-3.127,7.363,5.373,9.751,8.267,1.518,-2.682,-4.475,6.149,9.339,-4.019,6.157
68.2600,5,1.589,-0.626,-0.153,-3.126,7.364,5.374,9.752,8.268,1.520,-2.682,-4.475,6.149,9.339,-4.019,6.157
68.2700,5,1.593,-0.628,-0.154,-3.126,7.364,5.374,9.752,8.269,1.522,-2.682,-4.474,6.150,9.339,-4.018,6.158
68.2800,5,1.598,-0.629,-0.156,-3.126,7.365,5.375,9.753,8.270,1.524,-2.681,-4.474,6.150,9.339,-4.018,6.159
68.2900,5,1.602,-0.630,-0.157,-3.126,7.365,5.376,9.753,8.270,1.526,-2.681,-4.473,6.150,9.340,-4.017,6.160
68.3000,5,1.606,-0.632,-0.158,-3.125,7.365,5.377,9.754,8.271,1.528,-2.681,-4.473,6.150,9.340,-4.017,6.161
68.3100,5,1.611,-0.633,-0.160,-3.125,7.366,5.378,9.754,8.272,1.530,-2.681,-4.472,6.150,9.340,-4.016,6.161
68.3200,5,1.615,-0.634,-0.161,-3.125,7.366,5.379,9.755,8.273,1.532,-2.681,-4.472,6.150,9.340,-4.016,6.162
68.3300,5,1.619,-0.635,-0.162,-3.125,7.367,5.380,9.756,8.273,1.534,-2.680,-4.471,6.150,9.341,-4.015,6.163
68.3400,5,1.623,-0.637,-0.164,-3.125,7.367,5.380,9.756,8.274,1.536,-2.680,-4.471,6.151,9.341,-4.015,6.164
68.3500,5,1.627,-0.638,-0.165,-3.124,7.367,5.381,9.757,8.275,1.538,-2.680,-4.470,6.151,9.341,-4.014,6.165
68.3600,5,1.632,-0.639,-0.166,-3.124,7.368,5.382,9.757,8.276,1.540,-2.680,-4.470,6.151,9.341,-4.014,6.165
68.3700,5,1.636,-0.640,-0.168,-3.124,7.368,5.383,9.758,8.277,1.542,-2.679,-4.469,6.151,9.341,-4.013,6.166
68.3800,5,1.640,-0.642,-0.169,-3.124,7.369,5.384,9.759,8.277,1.543,-2.679,-4.468,6.151,9.342,-4.013,6.167
68.3900,5,1.644,-0.643,-0.170,-3.123,7.369,5.385,9.759,8.278,1.545,-2.679,-4.468,6.151,9.342,-4.012,6.168
68.4000,5,1.648,-0.644,-0.172,-3.123,7.369,5.386,9.760,8.279,1.547,-2.679,-4.467,6.152,9.342,-4.012,6.169
68.4100,5,1.652,-0.645,-0.173,-3.123,7.370,5.387,9.760,8.280,1.549,-2.678,-4.467,6.152,9.342,-4.011,6.169
68.4200,5,1.656,-0.646,-0.174,-3.123,7.370,5.387,9.761,8.280,1.551,-2.678,-4.466,6.152,9.343,-4.011,6.170
68.4300,5,1.660,-0.648,-0.175,-3.122,7.371,5.388,9.762,8.281,1.553,-2.678,-4.466,6.152,9.343,-4.010,6.171
68.4400,5,1.663,-0.649,-0.177,-3.122,7.371,5.389,9.762,8.282,1.555,-2.678,-4.465,6.152,9.343,-4.010,6.172
68.4500,5,1.667,-0.650,-0.178,-3.122,7.371,5.390,9.763,8.283,1.557,-2.677,-4.465,6.153,9.344,-4.009,6.173
68.4600,5,1.671,-0.651,-0.179,-3.122,7.372,5.391,9.764,8.283,1.559,-2.677,-4.464,6.153,9.344,-4.009,6.173
68.4700,5,1.675,-0.652,-0.180,-3.121,7.372,5.392,9.764,8.284,1.561,-2.677,-4.464,6.153,9.344,-4.008,6.174
68.4800,5,1.678,-0.654,-0.181,-3.121,7.373,5.393,9.765,8.285,1.563,-2.677,-4.463,6.153,9.344,-4.008,6.175
68.4900,5,1.682,-0.655,-0.183,-3.121,7.373,5.394,9.766,8.286,1.565,-2.676,-4.463,6.153,9.345,-4.007,6.176
68.5000,5,1.686,-0.656,-0.184,-3.121,7.373,5.394,9.766,8.286,1.568,-2.676,-4.462,6.154,9.345,-4.007,6.177
68.5100,5,1.689,-0.657,-0.185,-3.120,7.374,5.395,9.767,8.287,1.570,-2.676,-4.462,6.154,9.345,-4.006,6.177
68.5200,5,1.693,-0.658,-0.186,-3.120,7.374,5.396,9.768,8.288,1.572,-2.675,-4.461,6.154,9.345,-4.006,6.178
68.5300,5,1.696,-0.660,-0.187,-3.120,7.375,5.397,9.768,8.289,1.574,-2.675,-4.461,6.154,9.346,-4.005,6.179
68.5400,5,1.700,-0.661,-0.188,-3.120,7.375,5.398,9.769,8.289,1.576,-2.675,-4.460,6.155,9.346,-4.005,6.180
68.5500,5,1.703,-0.662,-0.190,-3.119,7.375,5.399,9.770,8.290,1.578,-2.675,-4.460,6.155,9.346,-4.004,6.181
68.5600,5,1.706,-0.663,-0.191,-3.119,7.376,5.400,9.771,8.291,1.580,-2.674,-4.459,6.155,9.347,-4.004,6.181
68.5700,5,1.710,-0.664,-0.192,-3.119,7.376,5.400,9.771,8.292,1.582,-2.674,-4.459,6.155,9.347,-4.004,6.182
68.5800,5,1.713,-0.665,-0.193,-3.118,7.376,5.401,9.772,8.292,1.584,-2.674,-4.458,6.156,9.347,-4.003,6.183
68.5900,5,1.716,-0.667,-0.194,-3.118,7.377,5.402,9.773,8.293,1.586,-2.673,-4.458,6.156,9.348,-4.003,6.184
68.6000,5,1.719,-0.668,-0.195,-3.118,7.377,5.403,9.773,8.294,1.588,-2.673,-4.457,6.156,9.348,-4.002,6.185
68.6100,5,1.722,-0.669,-0.196,-3.118,7.378,5.404,9.774,8.294,1.590,-2.673,-4.457,6.156,9.348,-4.002,6.185
68.6200,5,1.726,-0.670,-0.197,-3.117,7.378,5.405,9.775,8.295,1.592,-2.672,-4.456,6.157,9.348,-4.001,6.186
68.6300,5,1.729,-0.671,-0.198,-3.117,7.378,5.406,9.776,8.296,1.594,-2.672,-4.456,6.157,9.349,-4.001,6.187
68.6400,5,1.732,-0.672,-0.200,-3.117,7.379,5.407,9.776,8.297,1.596,-2.672,-4.455,6.157,9.349,-4.000,6.188
68.6500,5,1.734,-0.674,-0.201,-3.116,7.379,5.407,9.777,8.297,1.598,-2.671,-4.455,6.157,9.349,-4.000,6.189
68.6600,5,1.737,-0.675,-0.202,-3.116,7.379,5.408,9.778,8.298,1.600,-2.671,-4.454,6.158,9.350,-3.999,6.189
68.6700,5,1.740,-0.676,-0.203,-3.116,7.380,5.409,9.779,8.299,1.602,-2.671,-4.454,6.158,9.350,-3.999,6.190
68.6800,5,1.743,-0.677,-0.204,-3.115,7.380,5.410,9.780,8.299,1.604,-2.670,-4.454,6.158,9.350,-3.998,6.191
68.6900,5,1.746,-0.678,-0.205,-3.115,7.381,5.411,9.780,8.300,1.606,-2.670,-4.453,6.159,9.351,-3.998,6.192
68.7000,5,1.748,-0.679,-0.206,-3.115,7.381,5.412,9.781,8.301,1.608,-2.670,-4.453,6.159,9.351,-3.998,6.193
68.7100,5,1.751,-0.680,-0.207,-3.115,7.381,5.413,9.782,8.301,1.611,-2.669,-4.452,6.159,9.351,-3.997,6.193
68.7200,5,1.753,-0.682,-0.208,-3.114,7.382,5.413,9.783,8.302,1.613,-2.669,-4.452,6.159,9.352,-3.997,6.194
68.7300,5,1.756,-0.683,-0.209,-3.114,7.382,5.414,9.784,8.303,1.615,-2.668,-4.451,6.160,9.352,-3.996,6.195
68.7400,5,1.758,-0.684,-0.210,-3.114,7.382,5.415,9.784,8.303,1.617,-2.668,-4.451,6.160,9.353,-3.996,6.196
68.7500,5,1.761,-0.685,-0.211,-3.113,7.383,5.416,9.785,8.304,1.619,-2.668,-4.450,6.160,9.353,-3.995,6.196
68.7600,5,1.763,-0.686,-0.211,-3.113,7.383,5.417,9.786,8.305,1.621,-2.667,-4.450,6.161,9.353,-3.995,6.197
68.7700,5,1.765,-0.687,-0.212,-3.113,7.383,5.418,9.787,8.306,1.623,-2.667,-4.449,6.161,9.354,-3.994,6.198
68.7800,5,1.768,-0.688,-0.213,-3.112,7.384,5.418,9.788,8.306,1.625,-2.667,-4.449,6.161,9.354,-3.994,6.199
68.7900,5,1.770,-0.690,-0.214,-3.112,7.384,5.419,9.789,8.307,1.627,-2.666,-4.448,6.162,9.354,-3.994,6.200
68.8000,5,1.772,-0.691,-0.215,-3.111,7.384,5.420,9.790,8.307,1.629,-2.666,-4.448,6.162,9.355,-3.993,6.200
68.8100,5,1.774,-0.692,-0.216,-3.111,7.385,5.421,9.790,8.308,1.631,-2.665,-4.448,6.162,9.355,-3.993,6.201
68.8200,5,1.776,-0.693,-0.217,-3.111,7.385,5.422,9.791,8.309,1.633,-2.665,-4.447,6.162,9.356,-3.992,6.202
68.8300,5,1.778,-0.694,-0.218,-3.110,7.386,5.423,9.792,8.309,1.635,-2.664,-4.447,6.163,9.356,-3.992,6.203
68.8400,5,1.780,-0.695,-0.219,-3.110,7.386,5.424,9.793,8.310,1.637,-2.664,-4.446,6.163,9.356,-3.991,6.203
68.8500,5,1.782,-0.697,-0.219,-3.110,7.386,5.424,9.794,8.311,1.639,-2.664,-4.446,6.163,9.357,-3.991,6.204
68.8600,5,1.783,-0.698,-0.220,-3.109,7.387,5.425,9.795,8.311,1.642,-2.663,-4.445,6.164,9.357,-3.991,6.205
68.8700,5,1.785,-0.699,-0.221,-3.109,7.387,5.426,9.796,8.312,1.644,-2.663,-4.445,6.164,9.358,-3.990,6.206
68.8800,5,1.787,-0.700,-0.222,-3.109,7.387,5.427,9.797,8.313,1.646,-2.662,-4.444,6.164,9.358,-3.990,6.206
68.8900,5,1.788,-0.701,-0.223,-3.108,7.388,5.428,9.798,8.313,1.648,-2.662,-4.444,6.165,9.358,-3.989,6.207
68.9000,5,1.790,-0.702,-0.223,-3.108,7.388,5.428,9.798,8.314,1.650,-2.661,-4.444,6.165,9.359,-3.989,6.208
68.9100,5,1.791,-0.704,-0.224,-3.108,7.388,5.429,9.799,8.315,1.652,-2.661,-4.443,6.165,9.359,-3.988,6.209
68.9200,5,1.793,-0.705,-0.225,-3.107,7.389,5.430,9.800,8.315,1.654,-2.661,-4.443,6.165,9.360,-3.988,6.209
68.9300,5,1.794,-0.706,-0.226,-3.107,7.389,5.431,9.801,8.316,1.656,-2.660,-4.442,6.166,9.360,-3.988,6.210
68.9400,5,1.795,-0.707,-0.227,-3.106,7.389,5.432,9.802,8.316,1.658,-2.660,-4.442,6.166,9.360,-3.987,6.211
68.9500,5,1.796,-0.708,-0.227,-3.106,7.390,5.433,9.803,8.317,1.660,-2.659,-4.441,6.166,9.361,-3.987,6.212
68.9600,5,1.798,-0.709,-0.228,-3.106,7.390,5.433,9.804,8.318,1.662,-2.659,-4.441,6.167,9.361,-3.986,6.212
68.9700,5,1.799,-0.711,-0.229,-3.105,7.390,5.434,9.805,8.318,1.664,-2.658,-4.441,6.167,9.362,-3.986,6.213
68.9800,5,1.800,-0.712,-0.229,-3.105,7.391,5.435,9.806,8.319,1.666,-2.658,-4.440,6.167,9.362,-3.986,6.214
68.9900,5,1.801,-0.713,-0.230,-3.104,7.391,5.436,9.807,8.320,1.668,-2.657,-4.440,6.168,9.363,-3.985,6.214
69.0000,5,1.802,-0.714,-0.231,-3.104,7.391,5.437,9.808,8.320,1.670,-2.657,-4.439,6.168,9.363,-3.985,6.215
69.0100,5,1.802,-0.715,-0.231,-3.104,7.392,5.437,9.809,8.321,1.672,-2.656,-4.439,6.168,9.364,-3.984,6.216
69.0200,5,1.803,-0.717,-0.232,-3.103,7.392,5.438,9.810,8.321,1.674,-2.656,-4.439,6.169,9.364,-3.984,6.217
69.0300,5,1.804,-0.718,-0.233,-3.103,7.392,5.439,9.811,8.322,1.676,-2.655,-4.438,6.169,9.364,-3.984,6.217
69.0400,5,1.804,-0.719,-0.233,-3.102,7.393,5.440,9.812,8.323,1.678,-2.655,-4.438,6.169,9.365,-3.983,6.218
69.0500,5,1.805,-0.720,-0.234,-3.102,7.393,5.441,9.813,8.323,1.680,-2.654,-4.437,6.170,9.365,-3.983,6.219
69.0600,5,1.805,-0.721,-0.235,-3.102,7.393,5.441,9.814,8.324,1.682,-2.654,-4.437,6.170,9.366,-3.982,6.219
69.0700,5,1.806,-0.723,-0.235,-3.101,7.394,5.442,9.815,8.324,1.684,-2.653,-4.437,6.170,9.366,-3.982,6.220
69.0800,5,1.806,-0.724,-0.236,-3.101,7.394,5.443,9.816,8.325,1.686,-2.653,-4.436,6.170,9.367,-3.982,6.221
69.0900,5,1.807,-0.725,-0.236,-3.100,7.394,5.444,9.817,8.325,1.688,-2.652,-4.436,6.171,9.367,-3.981,6.222
69.1000,5,1.807,-0.726,-0.237,-3.100,7.395,5.444,9.818,8.326,1.690,-2.652,-4.435,6.171,9.368,-3.981,6.222
69.1100,5,1.807,-0.727,-0.237,-3.099,7.395,5.445,9.819,8.327,1.692,-2.651,-4.435,6.171,9.368,-3.980,6.223
69.1200,5,1.807,-0.729,-0.238,-3.099,7.395,5.446,9.820,8.327,1.694,-2.650,-4.435,6.172,9.369,-3.980,6.224
69.1300,5,1.807,-0.730,-0.239,-3.098,7.395,5.447,9.822,8.328,1.696,-2.650,-4.434,6.172,9.369,-3.980,6.224
69.1400,5,1.807,-0.731,-0.239,-3.098,7.396,5.448,9.823,8.328,1.698,-2.649,-4.434,6.172,9.370,-3.979,6.225
69.1500,5,1.807,-0.732,-0.240,-3.098,7.396,5.448,9.824,8.329,1.700,-2.649,-4.433,6.173,9.370,-3.979,6.226
69.1600,5,1.807,-0.734,-0.240,-3.097,7.396,5.449,9.825,8.329,1.702,-2.648,-4.433,6.173,9.371,-3.978,6.226
69.1700,5,1.806,-0.735,-0.241,-3.097,7.397,5.450,9.826,8.330,1.704,-2.648,-4.433,6.173,9.371,-3.978,6.227
69.1800,5,1.806,-0.736,-0.241,-3.096,7.397,5.451,9.827,8.330,1.706,-2.647,-4.432,6.174,9.372,-3.978,6.228
69.1900,5,1.806,-0.737,-0.241,-3.096,7.397,5.451,9.828,8.331,1.708,-2.646,-4.432,6.174,9.372,-3.977,6.228
69.2000,5,1.805,-0.739,-0.242,-3.095,7.398,5.452,9.829,8.332,1.710,-2.646,-4.432,6.174,9.373,-3.977,6.229
69.2100,5,1.805,-0.740,-0.242,-3.095,7.398,5.453,9.830,8.332,1.712,-2.645,-4.431,6.174,9.373,-3.977,6.230
69.2200,5,1.804,-0.741,-0.243,-3.094,7.398,5.454,9.831,8.333,1.714,-2.645,-4.431,6.175,9.374,-3.976,6.230
69.2300,5,1.804,-0.743,-0.243,-3.094,7.399,5.454,9.833,8.333,1.716,-2.644,-4.430,6.175,9.374,-3.976,6.231
69.2400,5,1.803,-0.744,-0.244,-3.093,7.399,5.455,9.834,8.334,1.718,-2.644,-4.430,6.175,9.375,-3.975,6.232
69.2500,5,1.802,-0.745,-0.244,-3.093,7.399,5.456,9.835,8.334,1.720,-2.643,-4.430,6.176,9.376,-3.975,6.232
69.2600,5,1.801,-0.746,-0.244,-3.092,7.399,5.456,9.836,8.335,1.722,-2.642,-4.429,6.176,9.376,-3.975,6.233
69.2700,5,1.800,-0.748,-0.245,-3.092,7.400,5.457,9.837,8.335,1.724,-2.642,-4.429,6.176,9.377,-3.974,6.234
69.2800,5,1.799,-0.749,-0.245,-3.092,7.400,5.458,9.838,8.336,1.726,-2.641,-4.429,6.177,9.377,-3.974,6.234
69.2900,5,1.798,-0.750,-0.245,-3.091,7.400,5.459,9.840,8.336,1.728,-2.640,-4.428,6.177,9.378,-3.974,6.235
69.3000,5,1.797,-0.752,-0.246,-3.091,7.401,5.459,9.841,8.337,1.730,-2.640,-4.428,6.177,9.378,-3.973,6.235
69.3100,5,1.796,-0.753,-0.246,-3.090,7.401,5.460,9.842,8.337,1.732,-2.639,-4.428,6.177,9.379,-3.973,6.236
69.3200,5,1.794,-0.754,-0.246,-3.090,7.401,5.461,9.843,8.338,1.734,-2.639,-4.427,6.178,9.379,-3.973,6.237
69.3300,5,1.793,-0.756,-0.247,-3.089,7.401,5.461,9.844,8.338,1.736,-2.638,-4.427,6.178,9.380,-3.972,6.237
69.3400,5,1.792,-0.757,-0.247,-3.089,7.402,5.462,9.846,8.339,1.737,-2.637,-4.427,6.178,9.381,-3.972,6.238
69.3500,5,1.790,-0.758,-0.247,-3.088,7.402,5.463,9.847,8.339,1.739,-2.637,-4.426,6.179,9.381,-3.972,6.239
69.3600,5,1.789,-0.760,-0.247,-3.088,7.402,5.464,9.848,8.340,1.741,-2.636,-4.426,6.179,9.382,-3.971,6.239
69.3700,5,1.787,-0.761,-0.248,-3.087,7.403,5.464,9.849,8.340,1.743,-2.635,-4.425,6.179,9.382,-3.971,6.240
69.3800,5,1.785,-0.762,-0.248,-3.087,7.403,5.465,9.850,8.341,1.745,-2.635,-4.425,6.179,9.383,-3.970,6.240
69.3900,5,1.783,-0.764,-0.248,-3.086,7.403,5.466,9.852,8.341,1.747,-2.634,-4.425,6.180,9.383,-3.970,6.241
69.4000,5,1.782,-0.765,-0.248,-3.085,7.403,5.466,9.853,8.342,1.749,-2.633,-4.424,6.180,9.384,-3.970,6.242
69.4100,5,1.780,-0.767,-0.249,-3.085,7.404,5.467,9.854,8.342,1.751,-2.633,-4.424,6.180,9.385,-3.969,6.242
69.4200,5,1.778,-0.768,-0.249,-3.084,7.404,5.468,9.855,8.343,1.753,-2.632,-4.424,6.180,9.385,-3.969,6.243
69.4300,5,1.776,-0.769,-0.249,-3.084,7.404,5.468,9.857,8.343,1.754,-2.631,-4.423,6.181,9.386,-3.969,6.243
69.4400,5,1.774,-0.771,-0.249,-3.083,7.405,5.469,9.858,8.344,1.756,-2.631,-4.423,6.181,9.386,-3.968,6.244
69.4500,5,1.771,-0.772,-0.249,-3.083,7.405,5.470,9.859,8.344,1.758,-2.630,-4.423,6.181,9.387,-3.968,6.244
69.4600,5,1.769,-0.774,-0.249,-3.082,7.405,5.470,9.861,8.345,1.760,-2.629,-4.423,6.181,9.388,-3.968,6.245
69.4700,5,1.767,-0.775,-0.249,-3.082,7.405,5.471,9.862,8.345,1.762,-2.629,-4.422,6.182,9.388,-3.967,6.246
69.4800,5,1.764,-0.776,-0.250,-3.081,7.406,5.472,9.863,8.346,1.764,-2.628,-4.422,6.182,9.389,-3.967,6.246
69.4900,5,1.762,-0.778,-0.250,-3.081,7.406,5.472,9.864,8.346,1.765,-2.627,-4.422,6.182,9.390,-3.967,6.247
69.5000,5,1.759,-0.779,-0.250,-3.080,7.406,5.473,9.866,8.346,1.767,-2.626,-4.421,6.182,9.390,-3.966,6.247
69.5100,5,1.757,-0.781,-0.250,-3.080,7.406,5.473,9.867,8.347,1.769,-2.626,-4.421,6.183,9.391,-3.966,6.248
69.5200,5,1.754,-0.782,-0.250,-3.079,7.407,5.474,9.868,8.347,1.771,-2.625,-4.421,6.183,9.391,-3.966,6.248
69.5300,5,1.751,-0.784,-0.250,-3.079,7.407,5.475,9.870,8.348,1.773,-2.624,-4.420,6.183,9.392,-3.965,6.249
69.5400,5,1.748,-0.785,-0.250,-3.078,7.407,5.475,9.871,8.348,1.774,-2.624,-4.420,6.183,9.393,-3.965,6.249
69.5500,5,1.746,-0.787,-0.250,-3.077,7.407,5.476,9.872,8.349,1.776,-2.623,-4.420,6.184,9.393,-3.965,6.250
69.5600,5,1.743,-0.788,-0.250,-3.077,7.408,5.477,9.874,8.349,1.778,-2.622,-4.419,6.184,9.394,-3.965,6.251
69.5700,5,1.740,-0.790,-0.250,-3.076,7.408,5.477,9.875,8.350,1.780,-2.621,-4.419,6.184,9.395,-3.964,6.251
69.5800,5,1.736,-0.791,-0.250,-3.076,7.408,5.478,9.876,8.350,1.782,-2.621,-4.419,6.184,9.395,-3.964,6.252
69.5900,5,1.733,-0.793,-0.250,-3.075,7.408,5.478,9.878,8.350,1.783,-2.620,-4.418,6.185,9.396,-3.964,6.252
69.6000,5,1.730,-0.794,-0.250,-3.075,7.409,5.479,9.879,8.351,1.785,-2.619,-4.418,6.185,9.397,-3.963,6.253
69.6100,5,1.727,-0.796,-0.250,-3.074,7.409,5.480,9.880,8.351,1.787,-2.618,-4.418,6.185,9.397,-3.963,6.253
69.6200,5,1.723,-0.797,-0.250,-3.073,7.409,5.480,9.882,8.352,1.788,-2.618,-4.418,6.185,9.398,-3.963,6.254
69.6300,5,1.720,-0.799,-0.250,-3.073,7.409,5.481,9.883,8.352,1.790,-2.617,-4.417,6.185,9.399,-3.962,6.254
69.6400,5,1.716,-0.800,-0.250,-3.072,7.410,5.481,9.885,8.353,1.792,-2.616,-4.417,6.186,9.399,-3.962,6.255
69.6500,5,1.713,-0.802,-0.250,-3.072,7.410,5.482,9.886,8.353,1.794,-2.615,-4.417,6.186,9.400,-3.962,6.255
69.6600,5,1.709,-0.803,-0.249,-3.071,7.410,5.482,9.887,8.353,1.795,-2.614,-4.416,6.186,9.401,-3.961,6.256
69.6700,5,1.706,-0.805,-0.249,-3.070,7.410,5.483,9.889,8.354,1.797,-2.614,-4.416,6.186,9.401,-3.961,6.256
69.6800,5,1.702,-0.806,-0.249,-3.070,7.411,5.484,9.890,8.354,1.799,-2.613,-4.416,6.187,9.402,-3.961,6.257
69.6900,5,1.698,-0.808,-0.249,-3.069,7.411,5.484,9.892,8.355,1.800,-2.612,-4.416,6.187,9.403,-3.961,6.257
69.7000,5,1.694,-0.809,-0.249,-3.069,7.411,5.485,9.893,8.355,1.802,-2.611,-4.415,6.187,9.403,-3.960,6.258
69.7100,5,1.690,-0.811,-0.249,-3.068,7.411,5.485,9.895,8.355,1.804,-2.611,-4.415,6.187,9.404,-3.960,6.258
69.7200,5,1.686,-0.813,-0.249,-3.067,7.412,5.486,9.896,8.356,1.805,-2.610,-4.415,6.187,9.405,-3.960,6.258
69.7300,5,1.682,-0.814,-0.248,-3.067,7.412,5.486,9.897,8.356,1.807,-2.609,-4.415,6.187,9.406,-3.959,6.259
69.7400,5,1.678,-0.816,-0.248,-3.066,7.412,5.487,9.899,8.356,1.809,-2.608,-4.414,6.188,9.406,-3.959,6.259
69.7500,5,1.674,-0.817,-0.248,-3.066,7.412,5.487,9.900,8.357,1.810,-2.607,-4.414,6.188,9.407,-3.959,6.260
69.7600,5,1.669,-0.819,-0.248,-3.065,7.413,5.488,9.902,8.357,1.812,-2.606,-4.414,6.188,9.408,-3.959,6.260
69.7700,5,1.665,-0.821,-0.247,-3.064,7.413,5.488,9.903,8.358,1.814,-2.606,-4.414,6.188,9.408,-3.958,6.261
69.7800,5,1.661,-0.822,-0.247,-3.064,7.413,5.489,9.905,8.358,1.815,-2.605,-4.413,6.188,9.409,-3.958,6.261
69.7900,5,1.656,-0.824,-0.247,-3.063,7.413,5.489,9.906,8.358,1.817,-2.604,-4.413,6.189,9.410,-3.958,6.262
69.8000,5,1.652,-0.825,-0.247,-3.063,7.413,5.490,9.908,8.359,1.818,-2.603,-4.413,6.189,9.411,-3.957,6.262
69.8100,5,1.647,-0.827,-0.246,-3.062,7.414,5.490,9.909,8.359,1.820,-2.602,-4.412,6.189,9.411,-3.957,6.262
69.8200,5,1.642,-0.829,-0.246,-3.061,7.414,5.491,9.911,8.359,1.822,-2.601,-4.412,6.189,9.412,-3.957,6.263
69.8300,5,1.638,-0.830,-0.246,-3.061,7.414,5.491,9.912,8.360,1.823,-2.601,-4.412,6.189,9.413,-3.957,6.263
69.8400,5,1.633,-0.832,-0.245,-3.060,7.414,5.492,9.914,8.360,1.825,-2.600,-4.412,6.189,9.414,-3.956,6.264
69.8500,5,1.628,-0.834,-0.245,-3.059,7.415,5.492,9.915,8.360,1.826,-2.599,-4.412,6.189,9.414,-3.956,6.264
69.8600,5,1.623,-0.835,-0.245,-3.059,7.415,5.493,9.917,8.361,1.828,-2.598,-4.411,6.190,9.415,-3.956,6.264
69.8700,5,1.618,-0.837,-0.244,-3.058,7.415,5.493,9.918,8.361,1.829,-2.597,-4.411,6.190,9.416,-3.956,6.265
69.8800,5,1.613,-0.839,-0.244,-3.057,7.415,5.494,9.920,8.361,1.831,-2.596,-4.411,6.190,9.417,-3.955,6.265
69.8900,5,1.608,-0.840,-0.244,-3.057,7.415,5.494,9.921,8.362,1.832,-2.596,-4.411,6.190,9.417,-3.955,6.265
69.9000,5,1.603,-0.842,-0.243,-3.056,7.416,5.495,9.923,8.362,1.834,-2.595,-4.410,6.190,9.418,-3.955,6.266
69.9100,5,1.598,-0.844,-0.243,-3.055,7.416,5.495,9.924,8.362,1.835,-2.594,-4.410,6.190,9.419,-3.955,6.266
69.9200,5,1.592,-0.846,-0.242,-3.055,7.416,5.495,9.926,8.363,1.837,-2.593,-4.410,6.190,9.420,-3.954,6.267
69.9300,5,1.587,-0.847,-0.242,-3.054,7.416,5.496,9.927,8.363,1.838,-2.592,-4.410,6.190,9.420,-3.954,6.267
69.9400,5,1.582,-0.849,-0.241,-3.054,7.417,5.496,9.929,8.363,1.840,-2.591,-4.409,6.191,9.421,-3.954,6.267
69.9500,5,1.576,-0.851,-0.241,-3.053,7.417,5.497,9.930,8.364,1.841,-2.590,-4.409,6.191,9.422,-3.953,6.268
69.9600,5,1.571,-0.852,-0.240,-3.052,7.417,5.497,9.932,8.364,1.843,-2.589,-4.409,6.191,9.423,-3.953,6.268
69.9700,5,1.565,-0.854,-0.240,-3.052,7.417,5.497,9.933,8.364,1.844,-2.588,-4.409,6.191,9.423,-3.953,6.268
69.9800,5,1.560,-0.856,-0.239,-3.051,7.417,5.498,9.935,8.365,1.846,-2.588,-4.409,6.191,9.424,-3.953,6.269
69.9900,5,1.554,-0.858,-0.239,-3.050,7.418,5.498,9.937,8.365,1.847,-2.587,-4.408,6.191,9.425,-3.953,6.269
70.0000,5,1.548,-0.859,-0.238,-3.050,7.418,5.499,9.938,8.365,1.849,-2.586,-4.408,6.191,9.426,-3.952,6.269
70.0100,5,1.543,-0.861,-0.238,-3.049,7.418,5.499,9.940,8.366,1.850,-2.585,-4.408,6.191,9.427,-3.952,6.270
70.0200,5,1.537,-0.863,-0.237,-3.048,7.418,5.499,9.941,8.366,1.851,-2.584,-4.408,6.191,9.427,-3.952,6.270
70.0300,5,1.531,-0.865,-0.237,-3.048,7.418,5.500,9.943,8.366,1.853,-2.583,-4.407,6.191,9.428,-3.952,6.270
70.0400,5,1.525,-0.866,-0.236,-3.047,7.419,5.500,9.945,8.366,1.854,-2.582,-4.407,6.191,9.429,-3.951,6.271
70.0500,5,1.519,-0.868,-0.236,-3.046,7.419,5.501,9.946,8.367,1.856,-2.581,-4.407,6.191,9.430,-3.951,6.271
70.0600,5,1.513,-0.870,-0.235,-3.045,7.419,5.501,9.948,8.367,1.857,-2.580,-4.407,6.192,9.431,-3.951,6.271
70.0700,5,1.507,-0.872,-0.234,-3.045,7.419,5.501,9.949,8.367,1.858,-2.579,-4.407,6.192,9.431,-3.951,6.272
70.0800,5,1.501,-0.874,-0.234,-3.044,7.419,5.502,9.951,8.368,1.860,-2.578,-4.406,6.192,9.432,-3.950,6.272
70.0900,5,1.495,-0.875,-0.233,-3.043,7.419,5.502,9.953,8.368,1.861,-2.578,-4.406,6.192,9.433,-3.950,6.272
70.1000,5,1.488,-0.877,-0.233,-3.043,7.420,5.502,9.954,8.368,1.862,-2.577,-4.406,6.192,9.434,-3.950,6.273
70.1100,5,1.482,-0.879,-0.232,-3.042,7.420,5.503,9.956,8.368,1.864,-2.576,-4.406,6.192,9.435,-3.950,6.273
70.1200,5,1.476,-0.881,-0.231,-3.041,7.420,5.503,9.957,8.369,1.865,-2.575,-4.406,6.192,9.435,-3.949,6.273
70.1300,5,1.469,-0.883,-0.231,-3.041,7.420,5.503,9.959,8.369,1.866,-2.574,-4.405,6.192,9.436,-3.949,6.273
70.1400,5,1.463,-0.884,-0.230,-3.040,7.420,5.504,9.961,8.369,1.868,-2.573,-4.405,6.192,9.437,-3.949,6.274
70.1500,5,1.457,-0.886,-0.229,-3.039,7.421,5.504,9.962,8.369,1.869,-2.572,-4.405,6.192,9.438,-3.949,6.274
70.1600,5,1.450,-0.888,-0.229,-3.039,7.421,5.504,9.964,8.370,1.870,-2.571,-4.405,6.192,9.439,-3.949,6.274
70.1700,5,1.444,-0.890,-0.228,-3.038,7.421,5.505,9.966,8.370,1.872,-2.570,-4.405,6.192,9.439,-3.948,6.275
70.1800,5,1.437,-0.892,-0.227,-3.037,7.421,5.505,9.967,8.370,1.873,-2.569,-4.405,6.192,9.440,-3.948,6.275
70.1900,5,1.430,-0.894,-0.226,-3.036,7.421,5.505,9.969,8.370,1.874,-2.568,-4.404,6.192,9.441,-3.948,6.275
70.2000,5,1.424,-0.895,-0.226,-3.036,7.421,5.505,9.971,8.371,1.875,-2.567,-4.404,6.192,9.442,-3.948,6.275
70.2100,5,1.417,-0.897,-0.225,-3.035,7.422,5.506,9.972,8.371,1.877,-2.566,-4.404,6.192,9.443,-3.948,6.276
70.2200,5,1.410,-0.899,-0.224,-3.034,7.422,5.506,9.974,8.371,1.878,-2.565,-4.404,6.192,9.444,-3.947,6.276
70.2300,5,1.403,-0.901,-0.223,-3.034,7.422,5.506,9.976,8.371,1.879,-2.564,-4.404,6.192,9.444,-3.947,6.276
70.2400,5,1.397,-0.903,-0.223,-3.033,7.422,5.506,9.977,8.372,1.880,-2.563,-4.404,6.192,9.445,-3.947,6.276
70.2500,5,1.390,-0.905,-0.222,-3.032,7.422,5.507,9.979,8.372,1.881,-2.562,-4.403,6.192,9.446,-3.947,6.276
70.2600,5,1.383,-0.907,-0.221,-3.031,7.422,5.507,9.981,8.372,1.883,-2.561,-4.403,6.192,9.447,-3.946,6.277
70.2700,5,1.376,-0.908,-0.220,-3.031,7.423,5.507,9.982,8.372,1.884,-2.560,-4.403,6.192,9.448,-3.946,6.277
70.2800,5,1.369,-0.910,-0.219,-3.030,7.423,5.507,9.984,8.373,1.885,-2.559,-4.403,6.192,9.449,-3.946,6.277
70.2900,5,1.362,-0.912,-0.218,-3.029,7.423,5.508,9.986,8.373,1.886,-2.558,-4.403,6.192,9.450,-3.946,6.277
70.3000,5,1.355,-0.914,-0.218,-3.028,7.423,5.508,9.987,8.373,1.887,-2.557,-4.403,6.192,9.450,-3.946,6.278
70.3100,5,1.348,-0.916,-0.217,-3.028,7.423,5.508,9.989,8.373,1.888,-2.556,-4.402,6.192,9.451,-3.946,6.278
70.3200,5,1.340,-0.918,-0.216,-3.027,7.423,5.508,9.991,8.373,1.890,-2.555,-4.402,6.192,9.452,-3.945,6.278
70.3300,5,1.333,-0.920,-0.215,-3.026,7.424,5.509,9.993,8.374,1.891,-2.554,-4.402,6.192,9.453,-3.945,6.278
70.3400,5,1.326,-0.922,-0.214,-3.026,7.424,5.509,9.994,8.374,1.892,-2.553,-4.402,6.192,9.454,-3.945,6.278
70.3500,5,1.319,-0.924,-0.213,-3.025,7.424,5.509,9.996,8.374,1.893,-2.552,-4.402,6.192,9.455,-3.945,6.278
70.3600,5,1.312,-0.925,-0.212,-3.024,7.424,5.509,9.998,8.374,1.894,-2.551,-4.402,6.191,9.456,-3.945,6.279
70.3700,5,1.304,-0.927,-0.211,-3.023,7.424,5.509,9.999,8.374,1.895,-2.550,-4.402,6.191,9.456,-3.944,6.279
70.3800,5,1.297,-0.929,-0.210,-3.023,7.424,5.509,10.001,8.375,1.896,-2.549,-4.401,6.191,9.457,-3.944,6.279
70.3900,5,1.290,-0.931,-0.209,-3.022,7.425,5.510,10.003,8.375,1.897,-2.548,-4.401,6.191,9.458,-3.944,6.279
70.4000,5,1.282,-0.933,-0.208,-3.021,7.425,5.510,10.005,8.375,1.898,-2.547,-4.401,6.191,9.459,-3.944,6.279
70.4100,5,1.275,-0.935,-0.207,-3.020,7.425,5.510,10.006,8.375,1.899,-2.546,-4.401,6.191,9.460,-3.944,6.279
70.4200,5,1.267,-0.937,-0.206,-3.020,7.425,5.510,10.008,8.375,1.900,-2.545,-4.401,6.191,9.461,-3.943,6.279
70.4300,5,1.260,-0.939,-0.205,-3.019,7.425,5.510,10.010,8.376,1.901,-2.544,-4.401,6.191,9.462,-3.943,6.280
70.4400,5,1.252,-0.941,-0.204,-3.018,7.425,5.510,10.012,8.376,1.902,-2.543,-4.401,6.191,9.463,-3.943,6.280
70.4500,5,1.245,-0.943,-0.203,-3.017,7.425,5.511,10.013,8.376,1.903,-2.542,-4.400,6.191,9.464,-3.943,6.280
70.4600,5,1.237,-0.945,-0.202,-3.017,7.426,5.511,10.015,8.376,1.904,-2.541,-4.400,6.191,9.464,-3.943,6.280
70.4700,5,1.230,-0.946,-0.201,-3.016,7.426,5.511,10.017,8.376,1.905,-2.540,-4.400,6.190,9.465,-3.943,6.280
70.4800,5,1.222,-0.948,-0.200,-3.015,7.426,5.511,10.019,8.376,1.906,-2.539,-4.400,6.190,9.466,-3.942,6.280
70.4900,5,1.214,-0.950,-0.199,-3.014,7.426,5.511,10.020,8.377,1.907,-2.538,-4.400,6.190,9.467,-3.942,6.280
70.5000,5,1.207,-0.952,-0.198,-3.013,7.426,5.511,10.022,8.377,1.908,-2.537,-4.400,6.190,9.468,-3.942,6.280
70.5100,5,1.199,-0.954,-0.197,-3.013,7.426,5.511,10.024,8.377,1.909,-2.536,-4.400,6.190,9.469,-3.942,6.280
70.5200,5,1.191,-0.956,-0.196,-3.012,7.426,5.511,10.026,8.377,1.910,-2.535,-4.400,6.190,9.470,-3.942,6.280
70.5300,5,1.183,-0.958,-0.195,-3.011,7.426,5.511,10.027,8.377,1.911,-2.534,-4.400,6.190,9.471,-3.942,6.280
70.5400,5,1.176,-0.960,-0.194,-3.010,7.427,5.511,10.029,8.377,1.912,-2.533,-4.399,6.189,9.472,-3.941,6.280
70.5500,5,1.168,-0.962,-0.193,-3.010,7.427,5.512,10.031,8.377,1.913,-2.532,-4.399,6.189,9.472,-3.941,6.280
70.5600,5,1.160,-0.964,-0.192,-3.009,7.427,5.512,10.033,8.378,1.914,-2.531,-4.399,6.189,9.473,-3.941,6.281
70.5700,5,1.152,-0.966,-0.191,-3.008,7.427,5.512,10.035,8.378,1.914,-2.530,-4.399,6.189,9.474,-3.941,6.281
70.5800,5,1.144,-0.968,-0.189,-3.007,7.427,5.512,10.036,8.378,1.915,-2.529,-4.399,6.189,9.475,-3.941,6.281
70.5900,5,1.137,-0.970,-0.188,-3.007,7.427,5.512,10.038,8.378,1.916,-2.528,-4.399,6.189,9.476,-3.941,6.281
70.6000,5,1.129,-0.971,-0.187,-3.006,7.427,5.512,10.040,8.378,1.917,-2.527,-4.399,6.188,9.477,-3.941,6.281
70.6100,5,1.121,-0.973,-0.186,-3.005,7.428,5.512,10.042,8.378,1.918,-2.526,-4.399,6.188,9.478,-3.940,6.281
70.6200,5,1.113,-0.975,-0.185,-3.004,7.428,5.512,10.043,8.378,1.919,-2.524,-4.399,6.188,9.479,-3.940,6.281
70.6300,5,1.105,-0.977,-0.184,-3.003,7.428,5.512,10.045,8.379,1.920,-2.523,-4.399,6.188,9.480,-3.940,6.281
70.6400,5,1.097,-0.979,-0.182,-3.003,7.428,5.512,10.047,8.379,1.920,-2.522,-4.398,6.188,9.481,-3.940,6.281
70.6500,5,1.089,-0.981,-0.181,-3.002,7.428,5.512,10.049,8.379,1.921,-2.521,-4.398,6.188,9.482,-3.940,6.281
70.6600,5,1.081,-0.983,-0.180,-3.001,7.428,5.512,10.051,8.379,1.922,-2.520,-4.398,6.187,9.483,-3.940,6.281
70.6700,5,1.073,-0.985,-0.179,-3.000,7.428,5.512,10.052,8.379,1.923,-2.519,-4.398,6.187,9.483,-3.940,6.281
70.6800,5,1.065,-0.987,-0.177,-3.000,7.428,5.512,10.054,8.379,1.923,-2.518,-4.398,6.187,9.484,-3.939,6.281
70.6900,5,1.057,-0.989,-0.176,-2.999,7.428,5.512,10.056,8.379,1.924,-2.517,-4.398,6.187,9.485,-3.939,6.281
70.7000,5,1.049,-0.991,-0.175,-2.998,7.429,5.512,10.058,8.379,1.925,-2.516,-4.398,6.186,9.486,-3.939,6.281
70.7100,5,1.041,-0.992,-0.174,-2.997,7.429,5.512,10.060,8.379,1.926,-2.515,-4.398,6.186,9.487,-3.939,6.280
70.7200,5,1.033,-0.994,-0.172,-2.996,7.429,5.512,10.062,8.380,1.926,-2.514,-4.398,6.186,9.488,-3.939,6.280
70.7300,5,1.025,-0.996,-0.171,-2.996,7.429,5.512,10.063,8.380,1.927,-2.513,-4.398,6.186,9.489,-3.939,6.280
70.7400,5,1.017,-0.998,-0.170,-2.995,7.429,5.512,10.065,8.380,1.928,-2.512,-4.398,6.186,9.490,-3.939,6.280
70.7500,5,1.009,-1.000,-0.169,-2.994,7.429,5.512,10.067,8.380,1.929,-2.511,-4.398,6.185,9.491,-3.938,6.280
70.7600,5,1.001,-1.002,-0.167,-2.993,7.429,5.512,10.069,8.380,1.929,-2.509,-4.397,6.185,9.492,-3.938,6.280
70.7700,5,0.993,-1.004,-0.166,-2.992,7.429,5.512,10.071,8.380,1.930,-2.508,-4.397,6.185,9.493,-3.938,6.280
70.7800,5,0.985,-1.006,-0.165,-2.992,7.429,5.512,10.073,8.380,1.931,-2.507,-4.397,6.185,9.494,-3.938,6.280
70.7900,5,0.977,-1.008,-0.163,-2.991,7.430,5.512,10.074,8.380,1.931,-2.506,-4.397,6.184,9.495,-3.938,6.280
70.8000,5,0.969,-1.009,-0.162,-2.990,7.430,5.511,10.076,8.380,1.932,-2.505,-4.397,6.184,9.496,-3.938,6.280
70.8100,5,0.961,-1.011,-0.161,-2.989,7.430,5.511,10.078,8.380,1.932,-2.504,-4.397,6.184,9.497,-3.938,6.280
70.8200,5,0.953,-1.013,-0.159,-2.988,7.430,5.511,10.080,8.380,1.933,-2.503,-4.397,6.183,9.497,-3.938,6.280
70.8300,5,0.945,-1.015,-0.158,-2.988,7.430,5.511,10.082,8.380,1.934,-2.502,-4.397,6.183,9.498,-3.938,6.279
70.8400,5,0.937,-1.017,-0.157,-2.987,7.430,5.511,10.084,8.381,1.934,-2.501,-4.397,6.183,9.499,-3.937,6.279
70.8500,5,0.929,-1.019,-0.155,-2.986,7.430,5.511,10.085,8.381,1.935,-2.500,-4.397,6.183,9.500,-3.937,6.279
70.8600,5,0.921,-1.021,-0.154,-2.985,7.430,5.511,10.087,8.381,1.935,-2.498,-4.397,6.182,9.501,-3.937,6.279
70.8700,5,0.913,-1.023,-0.153,-2.984,7.430,5.511,10.089,8.381,1.936,-2.497,-4.397,6.182,9.502,-3.937,6.279
70.8800,5,0.905,-1.024,-0.151,-2.984,7.430,5.511,10.091,8.381,1.937,-2.496,-4.397,6.182,9.503,-3.937,6.279
70.8900,5,0.897,-1.026,-0.150,-2.983,7.430,5.510,10.093,8.381,1.937,-2.495,-4.397,6.181,9.504,-3.937,6.279
70.9000,5,0.889,-1.028,-0.148,-2.982,7.431,5.510,10.095,8.381,1.938,-2.494,-4.397,6.181,9.505,-3.937,6.279
70.9100,5,0.881,-1.030,-0.147,-2.981,7.431,5.510,10.097,8.381,1.938,-2.493,-4.397,6.181,9.506,-3.937,6.278
70.9200,5,0.873,-1.032,-0.146,-2.980,7.431,5.510,10.098,8.381,1.939,-2.492,-4.397,6.180,9.507,-3.937,6.278
70.9300,5,0.865,-1.033,-0.144,-2.980,7.431,5.510,10.100,8.381,1.939,-2.491,-4.397,6.180,9.508,-3.936,6.278
70.9400,5,0.857,-1.035,-0.143,-2.979,7.431,5.510,10.102,8.381,1.940,-2.490,-4.397,6.180,9.509,-3.936,6.278
70.9500,5,0.849,-1.037,-0.141,-2.978,7.431,5.510,10.104,8.381,1.940,-2.489,-4.397,6.179,9.510,-3.936,6.278
70.9600,5,0.841,-1.039,-0.140,-2.977,7.431,5.509,10.106,8.381,1.941,-2.487,-4.396,6.179,9.511,-3.936,6.277
70.9700,5,0.833,-1.041,-0.138,-2.976,7.431,5.509,10.108,8.381,1.941,-2.486,-4.396,6.179,9.512,-3.936,6.277
70.9800,5,0.825,-1.042,-0.137,-2.976,7.431,5.509,10.110,8.381,1.942,-2.485,-4.396,6.178,9.513,-3.936,6.277
70.9900,5,0.817,-1.044,-0.135,-2.975,7.431,5.509,10.111,8.381,1.942,-2.484,-4.396,6.178,9.514,-3.936,6.277
71.0000,5,0.809,-1.046,-0.134,-2.974,7.431,5.509,10.113,8.381,1.942,-2.483,-4.396,6.178,9.515,-3.936,6.277
71.0100,5,0.801,-1.048,-0.132,-2.973,7.431,5.508,10.115,8.381,1.943,-2.482,-4.396,6.177,9.516,-3.936,6.276
71.0200,5,0.793,-1.050,-0.131,-2.972,7.432,5.508,10.117,8.381,1.943,-2.481,-4.396,6.177,9.517,-3.936,6.276
71.0300,5,0.785,-1.051,-0.129,-2.971,7.432,5.508,10.119,8.381,1.944,-2.480,-4.396,6.177,9.517,-3.936,6.276
71.0400,5,0.777,-1.053,-0.128,-2.971,7.432,5.508,10.121,8.381,1.944,-2.478,-4.396,6.176,9.518,-3.935,6.276
71.0500,5,0.769,-1.055,-0.126,-2.970,7.432,5.508,10.123,8.381,1.944,-2.477,-4.396,6.176,9.519,-3.935,6.276
71.0600,5,0.762,-1.056,-0.125,-2.969,7.432,5.507,10.125,8.381,1.945,-2.476,-4.396,6.175,9.520,-3.935,6.275
71.0700,5,0.754,-1.058,-0.123,-2.968,7.432,5.507,10.126,8.381,1.945,-2.475,-4.396,6.175,9.521,-3.935,6.275
71.0800,5,0.746,-1.060,-0.122,-2.967,7.432,5.507,10.128,8.381,1.946,-2.474,-4.396,6.175,9.522,-3.935,6.275
71.0900,5,0.738,-1.062,-0.120,-2.966,7.432,5.507,10.130,8.381,1.946,-2.473,-4.396,6.174,9.523,-3.935,6.274
71.1000,5,0.730,-1.063,-0.119,-2.966,7.432,5.506,10.132,8.381,1.946,-2.472,-4.396,6.174,9.524,-3.935,6.274
71.1100,5,0.723,-1.065,-0.117,-2.965,7.432,5.506,10.134,8.381,1.946,-2.471,-4.396,6.173,9.525,-3.935,6.274
71.1200,5,0.715,-1.067,-0.116,-2.964,7.432,5.506,10.136,8.381,1.947,-2.469,-4.396,6.173,9.526,-3.935,6.274
71.1300,5,0.707,-1.068,-0.114,-2.963,7.432,5.506,10.138,8.381,1.947,-2.468,-4.396,6.173,9.527,-3.935,6.273
71.1400,5,0.699,-1.070,-0.113,-2.962,7.432,5.505,10.140,8.381,1.947,-2.467,-4.396,6.172,9.528,-3.935,6.273
71.1500,5,0.692,-1.072,-0.111,-2.962,7.432,5.505,10.142,8.381,1.948,-2.466,-4.396,6.172,9.529,-3.935,6.273
71.1600,5,0.684,-1.073,-0.110,-2.961,7.432,5.505,10.143,8.381,1.948,-2.465,-4.396,6.171,9.530,-3.935,6.273
71.1700,5,0.676,-1.075,-0.108,-2.960,7.433,5.504,10.145,8.381,1.948,-2.464,-4.396,6.171,9.531,-3.934,6.272
71.1800,5,0.669,-1.076,-0.106,-2.959,7.433,5.504,10.147,8.381,1.948,-2.463,-4.396,6.170,9.532,-3.934,6.272
71.1900,5,0.661,-1.078,-0.105,-2.958,7.433,5.504,10.149,8.381,1.949,-2.462,-4.396,6.170,9.533,-3.934,6.272
71.2000,5,0.654,-1.080,-0.103,-2.957,7.433,5.503,10.151,8.381,1.949,-2.460,-4.396,6.170,9.534,-3.934,6.271
71.2100,5,0.646,-1.081,-0.102,-2.957,7.433,5.503,10.153,8.381,1.949,-2.459,-4.396,6.169,9.535,-3.934,6.271
71.2200,5,0.639,-1.083,-0.100,-2.956,7.433,5.503,10.155,8.381,1.949,-2.458,-4.396,6.169,9.536,-3.934,6.271
71.2300,5,0.631,-1.084,-0.098,-2.955,7.433,5.502,10.157,8.381,1.950,-2.457,-4.396,6.168,9.537,-3.934,6.270
71.2400,5,0.624,-1.086,-0.097,-2.954,7.433,5.502,10.159,8.381,1.950,-2.456,-4.396,6.168,9.538,-3.934,6.270
71.2500,5,0.616,-1.087,-0.095,-2.953,7.433,5.502,10.161,8.381,1.950,-2.455,-4.396,6.167,9.539,-3.934,6.270
71.2600,5,0.609,-1.089,-0.094,-2.952,7.433,5.501,10.162,8.381,1.950,-2.454,-4.396,6.167,9.540,-3.934,6.269
71.2700,5,0.601,-1.090,-0.092,-2.952,7.433,5.501,10.164,8.381,1.950,-2.452,-4.396,6.166,9.541,-3.934,6.269
71.2800,5,0.594,-1.092,-0.090,-2.951,7.433,5.501,10.166,8.381,1.950,-2.451,-4.396,6.166,9.542,-3.934,6.269
71.2900,5,0.587,-1.093,-0.089,-2.950,7.433,5.500,10.168,8.381,1.950,-2.450,-4.396,6.165,9.543,-3.934,6.268
71.3000,5,0.580,-1.095,-0.087,-2.949,7.433,5.500,10.170,8.381,1.951,-2.449,-4.396,6.165,9.544,-3.934,6.268
71.3100,5,0.572,-1.096,-0.085,-2.948,7.433,5.500,10.172,8.381,1.951,-2.448,-4.396,6.164,9.545,-3.934,6.267
71.3200,5,0.565,-1.098,-0.084,-2.947,7.433,5.499,10.174,8.381,1.951,-2.447,-4.396,6.164,9.546,-3.934,6.267
71.3300,5,0.558,-1.099,-0.082,-2.947,7.433,5.499,10.176,8.381,1.951,-2.446,-4.396,6.163,9.547,-3.934,6.267
71.3400,5,0.551,-1.101,-0.080,-2.946,7.433,5.498,10.178,8.381,1.951,-2.444,-4.396,6.163,9.548,-3.934,6.266
71.3500,5,0.544,-1.102,-0.079,-2.945,7.433,5.498,10.180,8.381,1.951,-2.443,-4.396,6.162,9.549,-3.934,6.266
71.3600,5,0.537,-1.103,-0.077,-2.944,7.433,5.498,10.181,8.381,1.951,-2.442,-4.397,6.162,9.550,-3.933,6.265
71.3700,5,0.529,-1.105,-0.075,-2.943,7.433,5.497,10.183,8.380,1.951,-2.441,-4.397,6.161,9.551,-3.933,6.265
71.3800,5,0.522,-1.106,-0.074,-2.942,7.433,5.497,10.185,8.380,1.951,-2.440,-4.397,6.161,9.552,-3.933,6.265
71.3900,5,0.515,-1.107,-0.072,-2.942,7.433,5.496,10.187,8.380,1.951,-2.439,-4.397,6.160,9.553,-3.933,6.264
71.4000,5,0.509,-1.109,-0.070,-2.941,7.434,5.496,10.189,8.380,1.951,-2.438,-4.397,6.160,9.554,-3.933,6.264
71.4100,5,0.502,-1.110,-0.069,-2.940,7.434,5.496,10.191,8.380,1.951,-2.436,-4.397,6.159,9.555,-3.933,6.263
71.4200,5,0.495,-1.111,-0.067,-2.939,7.434,5.495,10.193,8.380,1.951,-2.435,-4.397,6.159,9.556,-3.933,6.263
71.4300,5,0.488,-1.113,-0.065,-2.938,7.434,5.495,10.195,8.380,1.951,-2.434,-4.397,6.158,9.557,-3.933,6.262
71.4400,5,0.481,-1.114,-0.064,-2.937,7.434,5.494,10.197,8.380,1.951,-2.433,-4.397,6.158,9.558,-3.933,6.262
71.4500,5,0.474,-1.115,-0.062,-2.936,7.434,5.494,10.199,8.380,1.951,-2.432,-4.397,6.157,9.559,-3.933,6.262
71.4600,5,0.468,-1.116,-0.060,-2.936,7.434,5.493,10.201,8.380,1.951,-2.431,-4.397,6.156,9.560,-3.933,6.261
71.4700,5,0.461,-1.118,-0.059,-2.935,7.434,5.493,10.203,8.380,1.951,-2.429,-4.397,6.156,9.561,-3.933,6.261
71.4800,5,0.454,-1.119,-0.057,-2.934,7.434,5.492,10.204,8.380,1.951,-2.428,-4.397,6.155,9.562,-3.933,6.260
71.4900,5,0.448,-1.120,-0.055,-2.933,7.434,5.492,10.206,8.379,1.951,-2.427,-4.397,6.155,9.563,-3.933,6.260
71.5000,5,0.441,-1.121,-0.053,-2.932,7.434,5.491,10.208,8.379,1.951,-2.426,-4.397,6.154,9.564,-3.933,6.259
71.5100,5,0.435,-1.122,-0.052,-2.931,7.434,5.491,10.210,8.379,1.951,-2.425,-4.397,6.154,9.565,-3.933,6.259
71.5200,5,0.428,-1.123,-0.050,-2.931,7.434,5.491,10.212,8.379,1.951,-2.424,-4.397,6.153,9.566,-3.933,6.258
71.5300,5,0.422,-1.125,-0.048,-2.930,7.434,5.490,10.214,8.379,1.951,-2.422,-4.397,6.153,9.567,-3.933,6.258
71.5400,5,0.415,-1.126,-0.047,-2.929,7.434,5.490,10.216,8.379,1.951,-2.421,-4.397,6.152,9.568,-3.933,6.257
71.5500,5,0.409,-1.127,-0.045,-2.928,7.434,5.489,10.218,8.379,1.951,-2.420,-4.398,6.151,9.569,-3.933,6.257
71.5600,5,0.403,-1.128,-0.043,-2.927,7.434,5.489,10.220,8.379,1.950,-2.419,-4.398,6.151,9.570,-3.933,6.256
71.5700,5,0.396,-1.129,-0.041,-2.926,7.434,5.488,10.222,8.379,1.950,-2.418,-4.398,6.150,9.571,-3.933,6.256
71.5800,5,0.390,-1.130,-0.040,-2.925,7.434,5.487,10.224,8.379,1.950,-2.417,-4.398,6.150,9.572,-3.933,6.255
71.5900,5,0.384,-1.131,-0.038,-2.925,7.434,5.487,10.226,8.378,1.950,-2.416,-4.398,6.149,9.573,-3.933,6.255
71.6000,5,0.378,-1.132,-0.036,-2.924,7.434,5.486,10.228,8.378,1.950,-2.414,-4.398,6.148,9.574,-3.933,6.254
71.6100,5,0.372,-1.133,-0.035,-2.923,7.434,5.486,10.229,8.378,1.950,-2.413,-4.398,6.148,9.575,-3.933,6.254
71.6200,5,0.366,-1.134,-0.033,-2.922,7.434,5.485,10.231,8.378,1.949,-2.412,-4.398,6.147,9.576,-3.933,6.253
71.6300,5,0.360,-1.135,-0.031,-2.921,7.434,5.485,10.233,8.378,1.949,-2.411,-4.398,6.147,9.577,-3.933,6.253
71.6400,5,0.354,-1.136,-0.029,-2.920,7.434,5.484,10.235,8.378,1.949,-2.410,-4.398,6.146,9.578,-3.933,6.252
71.6500,5,0.348,-1.137,-0.028,-2.920,7.434,5.484,10.237,8.378,1.949,-2.409,-4.398,6.145,9.579,-3.933,6.252
71.6600,5,0.342,-1.137,-0.026,-2.919,7.434,5.483,10.239,8.377,1.949,-2.407,-4.398,6.145,9.580,-3.933,6.251
71.6700,5,0.336,-1.138,-0.024,-2.918,7.434,5.483,10.241,8.377,1.948,-2.406,-4.398,6.144,9.581,-3.933,6.251
71.6800,5,0.330,-1.139,-0.022,-2.917,7.434,5.482,10.243,8.377,1.948,-2.405,-4.399,6.144,9.582,-3.933,6.250
71.6900,5,0.325,-1.140,-0.021,-2.916,7.434,5.482,10.245,8.377,1.948,-2.404,-4.399,6.143,9.583,-3.933,6.250
71.7000,5,0.319,-1.141,-0.019,-2.915,7.434,5.481,10.247,8.377,1.948,-2.403,-4.399,6.142,9.584,-3.933,6.249
71.7100,5,0.313,-1.141,-0.017,-2.914,7.434,5.480,10.249,8.377,1.947,-2.402,-4.399,6.142,9.585,-3.933,6.248
71.7200,5,0.308,-1.142,-0.015,-2.914,7.434,5.480,10.251,8.377,1.947,-2.400,-4.399,6.141,9.586,-3.933,6.248
71.7300,5,0.302,-1.143,-0.014,-2.913,7.434,5.479,10.253,8.376,1.947,-2.399,-4.399,6.140,9.587,-3.933,6.247
71.7400,5,0.297,-1.144,-0.012,-2.912,7.434,5.479,10.255,8.376,1.947,-2.398,-4.399,6.140,9.588,-3.933,6.247
71.7500,5,0.291,-1.144,-0.010,-2.911,7.434,5.478,10.256,8.376,1.946,-2.397,-4.399,6.139,9.589,-3.933,6.246
71.7600,5,0.286,-1.145,-0.008,-2.910,7.434,5.477,10.258,8.376,1.946,-2.396,-4.399,6.138,9.590,-3.933,6.246
71.7700,5,0.281,-1.146,-0.007,-2.909,7.434,5.477,10.260,8.376,1.946,-2.395,-4.399,6.138,9.591,-3.933,6.245
71.7800,5,0.275,-1.146,-0.005,-2.908,7.434,5.476,10.262,8.376,1.945,-2.393,-4.400,6.137,9.592,-3.933,6.244
71.7900,5,0.270,-1.147,-0.003,-2.908,7.434,5.476,10.264,8.375,1.945,-2.392,-4.400,6.136,9.593,-3.933,6.244
71.8000,5,0.265,-1.147,-0.001,-2.907,7.434,5.475,10.266,8.375,1.945,-2.391,-4.400,6.136,9.594,-3.933,6.243
71.8100,5,0.260,-1.148,0.000,-2.906,7.434,5.474,10.268,8.375,1.944,-2.390,-4.400,6.135,9.595,-3.933,6.243
71.8200,5,0.255,-1.149,0.002,-2.905,7.434,5.474,10.270,8.375,1.944,-2.389,-4.400,6.134,9.596,-3.933,6.242
71.8300,5,0.250,-1.149,0.004,-2.904,7.434,5.473,10.272,8.375,1.943,-2.388,-4.400,6.134,9.597,-3.933,6.241
71.8400,5,0.245,-1.150,0.006,-2.903,7.434,5.472,10.274,8.375,1.943,-2.386,-4.400,6.133,9.598,-3.933,6.241
71.8500,5,0.240,-1.150,0.007,-2.903,7.434,5.472,10.276,8.374,1.943,-2.385,-4.400,6.132,9.599,-3.933,6.240
71.8600,5,0.235,-1.150,0.009,-2.902,7.434,5.471,10.278,8.374,1.942,-2.384,-4.400,6.132,9.600,-3.933,6.240
71.8700,5,0.230,-1.151,0.011,-2.901,7.434,5.471,10.280,8.374,1.942,-2.383,-4.401,6.131,9.601,-3.933,6.239
71.8800,5,0.225,-1.151,0.013,-2.900,7.434,5.470,10.282,8.374,1.941,-2.382,-4.401,6.130,9.602,-3.933,6.238
71.8900,5,0.220,-1.152,0.014,-2.899,7.434,5.469,10.284,8.374,1.941,-2.381,-4.401,6.130,9.603,-3.933,6.238
71.9000,5,0.216,-1.152,0.016,-2.898,7.434,5.469,10.285,8.373,1.941,-2.379,-4.401,6.129,9.604,-3.933,6.237
71.9100,5,0.211,-1.152,0.018,-2.897,7.434,5.468,10.287,8.373,1.940,-2.378,-4.401,6.128,9.605,-3.933,6.236
71.9200,5,0.207,-1.153,0.020,-2.897,7.434,5.467,10.289,8.373,1.940,-2.377,-4.401,6.128,9.606,-3.933,6.236
71.9300,5,0.202,-1.153,0.021,-2.896,7.434,5.467,10.291,8.373,1.939,-2.376,-4.401,6.127,9.607,-3.934,6.235
71.9400,5,0.198,-1.153,0.023,-2.895,7.434,5.466,10.293,8.373,1.939,-2.375,-4.401,6.126,9.608,-3.934,6.234
71.9500,5,0.193,-1.153,0.025,-2.894,7.434,5.465,10.295,8.372,1.938,-2.374,-4.402,6.126,9.609,-3.934,6.234
71.9600,5,0.189,-1.154,0.027,-2.893,7.434,5.465,10.297,8.372,1.938,-2.372,-4.402,6.125,9.610,-3.934,6.233
71.9700,5,0.185,-1.154,0.028,-2.892,7.433,5.464,10.299,8.372,1.937,-2.371,-4.402,6.124,9.611,-3.934,6.233
71.9800,5,0.180,-1.154,0.030,-2.891,7.433,5.463,10.301,8.372,1.937,-2.370,-4.402,6.123,9.612,-3.934,6.232
71.9900,5,0.176,-1.154,0.032,-2.891,7.433,5.462,10.303,8.371,1.936,-2.369,-4.402,6.123,9.613,-3.934,6.231
72.0000,5,0.172,-1.154,0.034,-2.890,7.433,5.462,10.305,8.371,1.936,-2.368,-4.402,6.122,9.614,-3.934,6.231
72.0100,5,0.168,-1.154,0.035,-2.889,7.433,5.461,10.307,8.371,1.935,-2.367,-4.402,6.121,9.615,-3.934,6.230
72.0200,5,0.164,-1.154,0.037,-2.888,7.433,5.460,10.309,8.371,1.935,-2.365,-4.403,6.121,9.616,-3.934,6.229
72.0300,5,0.160,-1.154,0.039,-2.887,7.433,5.460,10.311,8.371,1.934,-2.364,-4.403,6.120,9.617,-3.934,6.229
72.0400,5,0.156,-1.154,0.040,-2.886,7.433,5.459,10.313,8.370,1.933,-2.363,-4.403,6.119,9.618,-3.934,6.228
72.0500,5,0.152,-1.154,0.042,-2.885,7.433,5.458,10.314,8.370,1.933,-2.362,-4.403,6.118,9.619,-3.934,6.227
72.0600,5,0.148,-1.154,0.044,-2.885,7.433,5.458,10.316,8.370,1.932,-2.361,-4.403,6.118,9.620,-3.934,6.226
72.0700,5,0.144,-1.154,0.046,-2.884,7.433,5.457,10.318,8.370,1.932,-2.360,-4.403,6.117,9.621,-3.934,6.226
72.0800,5,0.141,-1.154,0.047,-2.883,7.433,5.456,10.320,8.369,1.931,-2.358,-4.404,6.116,9.622,-3.934,6.225
72.0900,5,0.137,-1.154,0.049,-2.882,7.433,5.455,10.322,8.369,1.931,-2.357,-4.404,6.115,9.623,-3.934,6.224
72.1000,5,0.133,-1.154,0.051,-2.881,7.433,5.455,10.324,8.369,1.930,-2.356,-4.404,6.115,9.624,-3.934,6.224
72.1100,5,0.130,-1.153,0.052,-2.880,7.433,5.454,10.326,8.369,1.929,-2.355,-4.404,6.114,9.625,-3.934,6.223
72.1200,5,0.126,-1.153,0.054,-2.879,7.433,5.453,10.328,8.368,1.929,-2.354,-4.404,6.113,9.626,-3.935,6.222
72.1300,5,0.123,-1.153,0.056,-2.879,7.433,5.452,10.330,8.368,1.928,-2.352,-4.404,6.113,9.627,-3.935,6.222
72.1400,5,0.119,-1.153,0.058,-2.878,7.433,5.452,10.332,8.368,1.927,-2.351,-4.404,6.112,9.628,-3.935,6.221
72.1500,5,0.116,-1.152,0.059,-2.877,7.433,5.451,10.334,8.368,1.927,-2.350,-4.405,6.111,9.629,-3.935,6.220
72.1600,5,0.113,-1.152,0.061,-2.876,7.433,5.450,10.336,8.367,1.926,-2.349,-4.405,6.110,9.630,-3.935,6.219
72.1700,5,0.109,-1.152,0.063,-2.875,7.433,5.449,10.338,8.367,1.925,-2.348,-4.405,6.110,9.631,-3.935,6.219
72.1800,5,0.106,-1.151,0.064,-2.874,7.433,5.449,10.340,8.367,1.925,-2.347,-4.405,6.109,9.632,-3.935,6.218
72.1900,5,0.103,-1.151,0.066,-2.873,7.432,5.448,10.341,8.367,1.924,-2.345,-4.405,6.108,9.633,-3.935,6.217
72.2000,5,0.100,-1.150,0.068,-2.873,7.432,5.447,10.343,8.366,1.923,-2.344,-4.406,6.107,9.634,-3.935,6.217
72.2100,5,0.097,-1.150,0.069,-2.872,7.432,5.446,10.345,8.366,1.923,-2.343,-4.406,6.107,9.635,-3.935,6.216
72.2200,5,0.094,-1.149,0.071,-2.871,7.432,5.446,10.347,8.366,1.922,-2.342,-4.406,6.106,9.636,-3.935,6.215
72.2300,5,0.091,-1.149,0.073,-2.870,7.432,5.445,10.349,8.365,1.921,-2.341,-4.406,6.105,9.637,-3.935,6.214
72.2400,5,0.088,-1.148,0.074,-2.869,7.432,5.444,10.351,8.365,1.921,-2.340,-4.406,6.104,9.638,-3.935,6.214
72.2500,5,0.085,-1.148,0.076,-2.868,7.432,5.443,10.353,8.365,1.920,-2.338,-4.406,6.104,9.639,-3.936,6.213
72.2600,5,0.082,-1.147,0.078,-2.867,7.432,5.443,10.355,8.365,1.919,-2.337,-4.407,6.103,9.640,-3.936,6.212
72.2700,5,0.079,-1.146,0.079,-2.867,7.432,5.442,10.357,8.364,1.918,-2.336,-4.407,6.102,9.641,-3.936,6.211
72.2800,5,0.077,-1.146,0.081,-2.866,7.432,5.441,10.359,8.364,1.918,-2.335,-4.407,6.101,9.642,-3.936,6.211
72.2900,5,0.074,-1.145,0.083,-2.865,7.432,5.440,10.361,8.364,1.917,-2.334,-4.407,6.100,9.643,-3.936,6.210
72.3000,5,0.071,-1.144,0.084,-2.864,7.432,5.439,10.363,8.363,1.916,-2.333,-4.407,6.100,9.644,-3.936,6.209
72.3100,5,0.069,-1.143,0.086,-2.863,7.432,5.439,10.365,8.363,1.915,-2.331,-4.408,6.099,9.645,-3.936,6.209
72.3200,5,0.066,-1.143,0.088,-2.862,7.432,5.438,10.367,8.363,1.914,-2.330,-4.408,6.098,9.646,-3.936,6.208
72.3300,5,0.064,-1.142,0.089,-2.861,7.432,5.437,10.368,8.362,1.914,-2.329,-4.408,6.097,9.647,-3.936,6.207
72.3400,5,0.062,-1.141,0.091,-2.861,7.431,5.436,10.370,8.362,1.913,-2.328,-4.408,6.097,9.648,-3.936,6.206
72.3500,5,0.059,-1.140,0.093,-2.860,7.431,5.435,10.372,8.362,1.912,-2.327,-4.408,6.096,9.649,-3.936,6.205
72.3600,5,0.057,-1.139,0.094,-2.859,7.431,5.435,10.374,8.362,1.911,-2.326,-4.409,6.095,9.650,-3.937,6.205
72.3700,5,0.055,-1.138,0.096,-2.858,7.431,5.434,10.376,8.361,1.910,-2.324,-4.409,6.094,9.651,-3.937,6.204
72.3800,5,0.052,-1.137,0.097,-2.857,7.431,5.433,10.378,8.361,1.910,-2.323,-4.409,6.094,9.652,-3.937,6.203
72.3900,5,0.050,-1.136,0.099,-2.856,7.431,5.432,10.380,8.361,1.909,-2.322,-4.409,6.093,9.653,-3.937,6.202
72.4000,5,0.048,-1.135,0.101,-2.855,7.431,5.431,10.382,8.360,1.908,-2.321,-4.409,6.092,9.654,-3.937,6.202
72.4100,5,0.046,-1.134,0.102,-2.855,7.431,5.431,10.384,8.360,1.907,-2.320,-4.410,6.091,9.655,-3.937,6.201
72.4200,5,0.044,-1.133,0.104,-2.854,7.431,5.430,10.386,8.360,1.906,-2.319,-4.410,6.090,9.656,-3.937,6.200
72.4300,5,0.042,-1.132,0.105,-2.853,7.431,5.429,10.388,8.359,1.905,-2.317,-4.410,6.090,9.657,-3.937,6.199
72.4400,5,0.040,-1.130,0.107,-2.852,7.431,5.428,10.390,8.359,1.904,-2.316,-4.410,6.089,9.658,-3.937,6.199
72.4500,5,0.038,-1.129,0.109,-2.851,7.431,5.427,10.392,8.359,1.904,-2.315,-4.411,6.088,9.659,-3.938,6.198
72.4600,5,0.036,-1.128,0.110,-2.850,7.431,5.426,10.393,8.358,1.903,-2.314,-4.411,6.087,9.660,-3.938,6.197
72.4700,5,0.035,-1.127,0.112,-2.850,7.430,5.426,10.395,8.358,1.902,-2.313,-4.411,6.087,9.661,-3.938,6.196
72.4800,5,0.033,-1.125,0.113,-2.849,7.430,5.425,10.397,8.358,1.901,-2.312,-4.411,6.086,9.662,-3.938,6.196
72.4900,5,0.031,-1.124,0.115,-2.848,7.430,5.424,10.399,8.357,1.900,-2.310,-4.411,6.085,9.663,-3.938,6.195
72.5000,5,0.030,-1.123,0.116,-2.847,7.430,5.423,10.401,8.357,1.899,-2.309,-4.412,6.084,9.664,-3.938,6.194
72.5100,5,0.028,-1.121,0.118,-2.846,7.430,5.422,10.403,8.357,1.898,-2.308,-4.412,6.083,9.665,-3.938,6.193
72.5200,5,0.026,-1.120,0.120,-2.845,7.430,5.422,10.405,8.356,1.897,-2.307,-4.412,6.083,9.666,-3.938,6.192
72.5300,5,0.025,-1.118,0.121,-2.844,7.430,5.421,10.407,8.356,1.896,-2.306,-4.412,6.082,9.667,-3.938,6.192
72.5400,5,0.023,-1.117,0.123,-2.844,7.430,5.420,10.409,8.355,1.895,-2.305,-4.413,6.081,9.668,-3.939,6.191
72.5500,5,0.022,-1.115,0.124,-2.843,7.430,5.419,10.411,8.355,1.894,-2.303,-4.413,6.080,9.669,-3.939,6.190
72.5600,5,0.020,-1.114,0.126,-2.842,7.430,5.418,10.413,8.355,1.893,-2.302,-4.413,6.079,9.670,-3.939,6.189
72.5700,5,0.019,-1.112,0.127,-2.841,7.429,5.417,10.415,8.354,1.892,-2.301,-4.413,6.079,9.671,-3.939,6.188
72.5800,5,0.018,-1.110,0.129,-2.840,7.429,5.416,10.417,8.354,1.892,-2.300,-4.414,6.078,9.672,-3.939,6.188
72.5900,5,0.017,-1.109,0.130,-2.839,7.429,5.416,10.418,8.354,1.891,-2.299,-4.414,6.077,9.673,-3.939,6.187
72.6000,5,0.015,-1.107,0.132,-2.838,7.429,5.415,10.420,8.353,1.890,-2.298,-4.414,6.076,9.674,-3.939,6.186
72.6100,5,0.014,-1.105,0.133,-2.838,7.429,5.414,10.422,8.353,1.889,-2.296,-4.414,6.076,9.675,-3.940,6.185
72.6200,5,0.013,-1.103,0.135,-2.837,7.429,5.413,10.424,8.353,1.888,-2.295,-4.415,6.075,9.676,-3.940,6.185
72.6300,5,0.012,-1.102,0.136,-2.836,7.429,5.412,10.426,8.352,1.887,-2.294,-4.415,6.074,9.677,-3.940,6.184
72.6400,5,0.011,-1.100,0.138,-2.835,7.429,5.411,10.428,8.352,1.886,-2.293,-4.415,6.073,9.678,-3.940,6.183
72.6500,5,0.010,-1.098,0.139,-2.834,7.429,5.411,10.430,8.351,1.885,-2.292,-4.415,6.072,9.679,-3.940,6.182
72.6600,5,0.009,-1.096,0.140,-2.833,7.429,5.410,10.432,8.351,1.884,-2.291,-4.416,6.072,9.680,-3.940,6.181
72.6700,5,0.008,-1.094,0.142,-2.832,7.428,5.409,10.434,8.351,1.882,-2.289,-4.416,6.071,9.681,-3.940,6.181
72.6800,5,0.007,-1.092,0.143,-2.832,7.428,5.408,10.436,8.350,1.881,-2.288,-4.416,6.070,9.682,-3.940,6.180
72.6900,5,0.006,-1.090,0.145,-2.831,7.428,5.407,10.438,8.350,1.880,-2.287,-4.416,6.069,9.683,-3.941,6.179
72.7000,5,0.005,-1.088,0.146,-2.830,7.428,5.406,10.439,8.349,1.879,-2.286,-4.417,6.068,9.684,-3.941,6.178
72.7100,5,0.004,-1.086,0.148,-2.829,7.428,5.405,10.441,8.349,1.878,-2.285,-4.417,6.068,9.685,-3.941,6.177
72.7200,5,0.004,-1.084,0.149,-2.828,7.428,5.405,10.443,8.349,1.877,-2.284,-4.417,6.067,9.686,-3.941,6.177
72.7300,5,0.003,-1.082,0.150,-2.827,7.428,5.404,10.445,8.348,1.876,-2.282,-4.417,6.066,9.687,-3.941,6.176
72.7400,5,0.002,-1.079,0.152,-2.826,7.428,5.403,10.447,8.348,1.875,-2.281,-4.418,6.065,9.688,-3.941,6.175
72.7500,5,0.001,-1.077,0.153,-2.826,7.428,5.402,10.449,8.347,1.874,-2.280,-4.418,6.065,9.689,-3.942,6.174
72.7600,5,0.001,-1.075,0.155,-2.825,7.427,5.401,10.451,8.347,1.873,-2.279,-4.418,6.064,9.690,-3.942,6.173
72.7700,5,0.000,-1.073,0.156,-2.824,7.427,5.400,10.453,8.347,1.872,-2.278,-4.418,6.063,9.691,-3.942,6.173
72.7800,5,-0.000,-1.070,0.157,-2.823,7.427,5.399,10.455,8.346,1.871,-2.277,-4.419,6.062,9.692,-3.942,6.172
72.7900,5,-0.001,-1.068,0.159,-2.822,7.427,5.399,10.457,8.346,1.870,-2.275,-4.419,6.061,9.693,-3.942,6.171
72.8000,5,-0.002,-1.066,0.160,-2.821,7.427,5.398,10.459,8.345,1.869,-2.274,-4.419,6.061,9.694,-3.942,6.170
72.8100,5,-0.002,-1.063,0.161,-2.820,7.427,5.397,10.461,8.345,1.867,-2.273,-4.419,6.060,9.695,-3.942,6.169
72.8200,5,-0.002,-1.061,0.163,-2.820,7.427,5.396,10.462,8.344,1.866,-2.272,-4.420,6.059,9.696,-3.943,6.169
72.8300,5,-0.003,-1.058,0.164,-2.819,7.427,5.395,10.464,8.344,1.865,-2.271,-4.420,6.058,9.697,-3.943,6.168
72.8400,5,-0.003,-1.056,0.165,-2.818,7.426,5.394,10.466,8.344,1.864,-2.270,-4.420,6.057,9.698,-3.943,6.167
72.8500,5,-0.004,-1.053,0.167,-2.817,7.426,5.393,10.468,8.343,1.863,-2.268,-4.421,6.057,9.699,-3.943,6.166
72.8600,5,-0.004,-1.050,0.168,-2.816,7.426,5.392,10.470,8.343,1.862,-2.267,-4.421,6.056,9.700,-3.943,6.165
72.8700,5,-0.004,-1.048,0.169,-2.815,7.426,5.392,10.472,8.342,1.861,-2.266,-4.421,6.055,9.701,-3.943,6.165
72.8800,5,-0.005,-1.045,0.171,-2.815,7.426,5.391,10.474,8.342,1.860,-2.265,-4.421,6.054,9.702,-3.944,6.164
72.8900,5,-0.005,-1.042,0.172,-2.814,7.426,5.390,10.476,8.341,1.858,-2.264,-4.422,6.054,9.703,-3.944,6.163
72.9000,5,-0.005,-1.040,0.173,-2.813,7.426,5.389,10.478,8.341,1.857,-2.263,-4.422,6.053,9.704,-3.944,6.162
72.9100,5,-0.005,-1.037,0.174,-2.812,7.426,5.388,10.480,8.341,1.856,-2.261,-4.422,6.052,9.705,-3.944,6.161
72.9200,5,-0.005,-1.034,0.176,-2.811,7.425,5.387,10.481,8.340,1.855,-2.260,-4.423,6.051,9.706,-3.944,6.161
72.9300,5,-0.006,-1.031,0.177,-2.810,7.425,5.386,10.483,8.340,1.854,-2.259,-4.423,6.050,9.707,-3.944,6.160
72.9400,5,-0.006,-1.028,0.178,-2.809,7.425,5.386,10.485,8.339,1.853,-2.258,-4.423,6.050,9.708,-3.945,6.159
72.9500,5,-0.006,-1.026,0.179,-2.809,7.425,5.385,10.487,8.339,1.851,-2.257,-4.423,6.049,9.709,-3.945,6.158
72.9600,5,-0.006,-1.023,0.180,-2.808,7.425,5.384,10.489,8.338,1.850,-2.256,-4.424,6.048,9.710,-3.945,6.157
72.9700,5,-0.006,-1.020,0.182,-2.807,7.425,5.383,10.491,8.338,1.849,-2.254,-4.424,6.047,9.711,-3.945,6.157
72.9800,5,-0.006,-1.017,0.183,-2.806,7.425,5.382,10.493,8.337,1.848,-2.253,-4.424,6.047,9.712,-3.945,6.156
72.9900,5,-0.006,-1.014,0.184,-2.805,7.424,5.381,10.495,8.337,1.847,-2.252,-4.425,6.046,9.713,-3.945,6.155
73.0000,5,-0.006,-1.010,0.185,-2.804,7.424,5.380,10.497,8.337,1.845,-2.251,-4.425,6.045,9.714,-3.946,6.154
73.0100,5,-0.006,-1.007,0.186,-2.803,7.424,5.379,10.499,8.336,1.844,-2.250,-4.425,6.044,9.715,-3.946,6.153
73.0200,5,-0.006,-1.004,0.188,-2.803,7.424,5.379,10.500,8.336,1.843,-2.249,-4.426,6.044,9.716,-3.946,6.153
73.0300,5,-0.006,-1.001,0.189,-2.802,7.424,5.378,10.502,8.335,1.842,-2.248,-4.426,6.043,9.717,-3.946,6.152
73.0400,5,-0.006,-0.998,0.190,-2.801,7.424,5.377,10.504,8.335,1.841,-2.246,-4.426,6.042,9.718,-3.946,6.151
73.0500,5,-0.006,-0.994,0.191,-2.800,7.424,5.376,10.506,8.334,1.839,-2.245,-4.427,6.041,9.719,-3.947,6.150
73.0600,5,-0.006,-0.991,0.192,-2.799,7.423,5.375,10.508,8.334,1.838,-2.244,-4.427,6.040,9.720,-3.947,6.149
73.0700,5,-0.006,-0.988,0.193,-2.798,7.423,5.374,10.510,8.333,1.837,-2.243,-4.427,6.040,9.721,-3.947,6.149
73.0800,5,-0.006,-0.984,0.194,-2.797,7.423,5.373,10.512,8.333,1.836,-2.242,-4.427,6.039,9.722,-3.947,6.148
73.0900,5,-0.005,-0.981,0.195,-2.797,7.423,5.373,10.514,8.332,1.834,-2.241,-4.428,6.038,9.723,-3.947,6.147
73.1000,5,-0.005,-0.978,0.197,-2.796,7.423,5.372,10.516,8.332,1.833,-2.239,-4.428,6.037,9.724,-3.948,6.146
73.1100,5,-0.005,-0.974,0.198,-2.795,7.423,5.371,10.518,8.331,1.832,-2.238,-4.428,6.037,9.725,-3.948,6.146
73.1200,5,-0.005,-0.971,0.199,-2.794,7.423,5.370,10.519,8.331,1.831,-2.237,-4.429,6.036,9.726,-3.948,6.145
73.1300,5,-0.005,-0.967,0.200,-2.793,7.422,5.369,10.521,8.330,1.829,-2.236,-4.429,6.035,9.727,-3.948,6.144
73.1400,5,-0.004,-0.964,0.201,-2.792,7.422,5.368,10.523,8.330,1.828,-2.235,-4.429,6.034,9.728,-3.948,6.143
73.1500,5,-0.004,-0.960,0.202,-2.792,7.422,5.367,10.525,8.329,1.827,-2.234,-4.430,6.034,9.729,-3.948,6.142
73.1600,5,-0.004,-0.956,0.203,-2.791,7.422,5.367,10.527,8.329,1.825,-2.232,-4.430,6.033,9.730,-3.949,6.142
73.1700,5,-0.004,-0.953,0.204,-2.790,7.422,5.366,10.529,8.328,1.824,-2.231,-4.430,6.032,9.731,-3.949,6.141
73.1800,5,-0.004,-0.949,0.205,-2.789,7.422,5.365,10.531,8.328,1.823,-2.230,-4.431,6.032,9.732,-3.949,6.140
73.1900,5,-0.003,-0.945,0.206,-2.788,7.421,5.364,10.533,8.327,1.822,-2.229,-4.431,6.031,9.733,-3.949,6.139
73.2000,5,-0.003,-0.941,0.207,-2.787,7.421,5.363,10.535,8.327,1.820,-2.228,-4.431,6.030,9.734,-3.949,6.138
73.2100,5,-0.003,-0.938,0.208,-2.786,7.421,5.362,10.537,8.326,1.819,-2.227,-4.432,6.029,9.735,-3.950,6.138
73.2200,5,-0.002,-0.934,0.209,-2.786,7.421,5.361,10.538,8.326,1.818,-2.226,-4.432,6.029,9.736,-3.950,6.137
73.2300,5,-0.002,-0.930,0.210,-2.785,7.421,5.361,10.540,8.325,1.816,-2.224,-4.432,6.028,9.737,-3.950,6.136
73.2400,5,-0.002,-0.926,0.211,-2.784,7.421,5.360,10.542,8.325,1.815,-2.223,-4.433,6.027,9.738,-3.950,6.135
73.2500,5,-0.002,-0.922,0.212,-2.783,7.421,5.359,10.544,8.324,1.814,-2.222,-4.433,6.026,9.739,-3.951,6.135
73.2600,5,-0.001,-0.918,0.213,-2.782,7.420,5.358,10.546,8.324,1.813,-2.221,-4.433,6.026,9.740,-3.951,6.134
73.2700,5,-0.001,-0.914,0.213,-2.781,7.420,5.357,10.548,8.323,1.811,-2.220,-4.434,6.025,9.741,-3.951,6.133
73.2800,5,-0.001,-0.910,0.214,-2.780,7.420,5.356,10.550,8.323,1.810,-2.219,-4.434,6.024,9.742,-3.951,6.132
73.2900,5,-0.000,-0.906,0.215,-2.780,7.420,5.356,10.552,8.322,1.809,-2.217,-4.434,6.024,9.743,-3.951,6.132
73.3000,5,-0.000,-0.902,0.216,-2.779,7.420,5.355,10.554,8.322,1.807,-2.216,-4.435,6.023,9.744,-3.952,6.131
73.3100,5,0.000,-0.897,0.217,-2.778,7.420,5.354,10.555,8.321,1.806,-2.215,-4.435,6.022,9.745,-3.952,6.130
73.3200,5,0.000,-0.893,0.218,-2.777,7.419,5.353,10.557,8.321,1.805,-2.214,-4.435,6.021,9.746,-3.952,6.129
73.3300,5,0.001,-0.889,0.219,-2.776,7.419,5.352,10.559,8.320,1.803,-2.213,-4.436,6.021,9.747,-3.952,6.129
73.3400,5,0.001,-0.885,0.220,-2.775,7.419,5.351,10.561,8.320,1.802,-2.212,-4.436,6.020,9.748,-3.952,6.128
73.3500,5,0.001,-0.880,0.220,-2.775,7.419,5.351,10.563,8.319,1.801,-2.211,-4.436,6.019,9.749,-3.953,6.127
73.3600,5,0.002,-0.876,0.221,-2.774,7.419,5.350,10.565,8.319,1.799,-2.209,-4.437,6.019,9.750,-3.953,6.126
73.3700,5,0.002,-0.872,0.222,-2.773,7.419,5.349,10.567,8.318,1.798,-2.208,-4.437,6.018,9.751,-3.953,6.126
73.3800,5,0.002,-0.867,0.223,-2.772,7.418,5.348,10.569,8.318,1.797,-2.207,-4.437,6.017,9.752,-3.953,6.125
73.3900,5,0.003,-0.863,0.224,-2.771,7.418,5.347,10.571,8.317,1.795,-2.206,-4.438,6.016,9.753,-3.953,6.124
73.4000,5,0.003,-0.858,0.224,-2.770,7.418,5.347,10.572,8.317,1.794,-2.205,-4.438,6.016,9.754,-3.954,6.123
73.4100,5,0.003,-0.854,0.225,-2.769,7.418,5.346,10.574,8.316,1.792,-2.204,-4.438,6.015,9.755,-3.954,6.123
73.4200,5,0.003,-0.849,0.226,-2.769,7.418,5.345,10.576,8.316,1.791,-2.202,-4.439,6.014,9.756,-3.954,6.122
73.4300,5,0.004,-0.845,0.227,-2.768,7.418,5.344,10.578,8.315,1.790,-2.201,-4.439,6.014,9.757,-3.954,6.121
73.4400,5,0.004,-0.840,0.227,-2.767,7.417,5.343,10.580,8.315,1.788,-2.200,-4.439,6.013,9.758,-3.955,6.120
73.4500,5,0.004,-0.836,0.228,-2.766,7.417,5.342,10.582,8.314,1.787,-2.199,-4.440,6.012,9.759,-3.955,6.120
73.4600,5,0.004,-0.831,0.229,-2.765,7.417,5.342,10.584,8.314,1.786,-2.198,-4.440,6.012,9.760,-3.955,6.119
73.4700,5,0.004,-0.826,0.230,-2.764,7.417,5.341,10.586,8.313,1.784,-2.197,-4.441,6.011,9.761,-3.955,6.118
73.4800,5,0.005,-0.822,0.230,-2.764,7.417,5.340,10.587,8.312,1.783,-2.196,-4.441,6.010,9.762,-3.955,6.118
73.4900,5,0.005,-0.817,0.231,-2.763,7.416,5.339,10.589,8.312,1.782,-2.194,-4.441,6.010,9.763,-3.956,6.117
73.5000,5,0.005,-0.812,0.232,-2.762,7.416,5.338,10.591,8.311,1.780,-2.193,-4.442,6.009,9.764,-3.956,6.116
73.5100,5,0.005,-0.807,0.232,-2.761,7.416,5.338,10.593,8.311,1.779,-2.192,-4.442,6.008,9.765,-3.956,6.115
73.5200,5,0.005,-0.802,0.233,-2.760,7.416,5.337,10.595,8.310,1.777,-2.191,-4.442,6.008,9.766,-3.956,6.115
73.5300,5,0.006,-0.797,0.234,-2.759,7.416,5.336,10.597,8.310,1.776,-2.190,-4.443,6.007,9.767,-3.957,6.114
73.5400,5,0.006,-0.793,0.234,-2.758,7.416,5.335,10.599,8.309,1.775,-2.189,-4.443,6.006,9.768,-3.957,6.113
73.5500,5,0.006,-0.788,0.235,-2.758,7.415,5.335,10.601,8.309,1.773,-2.187,-4.443,6.006,9.769,-3.957,6.113
73.5600,5,0.006,-0.783,0.235,-2.757,7.415,5.334,10.603,8.308,1.772,-2.186,-4.444,6.005,9.770,-3.957,6.112
73.5700,5,0.006,-0.778,0.236,-2.756,7.415,5.333,10.604,8.308,1.771,-2.185,-4.444,6.004,9.771,-3.957,6.111
73.5800,5,0.006,-0.773,0.236,-2.755,7.415,5.332,10.606,8.307,1.769,-2.184,-4.444,6.004,9.772,-3.958,6.111
73.5900,5,0.006,-0.767,0.237,-2.754,7.415,5.331,10.608,8.307,1.768,-2.183,-4.445,6.003,9.773,-3.958,6.110
73.6000,5,0.006,-0.762,0.238,-2.753,7.415,5.331,10.610,8.306,1.766,-2.182,-4.445,6.003,9.774,-3.958,6.109
73.6100,5,0.006,-0.757,0.238,-2.753,7.414,5.330,10.612,8.305,1.765,-2.181,-4.446,6.002,9.775,-3.958,6.108
73.6200,5,0.006,-0.752,0.239,-2.752,7.414,5.329,10.614,8.305,1.764,-2.179,-4.446,6.001,9.776,-3.959,6.108
73.6300,5,0.006,-0.747,0.239,-2.751,7.414,5.328,10.616,8.304,1.762,-2.178,-4.446,6.001,9.777,-3.959,6.107
73.6400,5,0.006,-0.742,0.240,-2.750,7.414,5.328,10.618,8.304,1.761,-2.177,-4.447,6.000,9.778,-3.959,6.106
73.6500,5,0.006,-0.736,0.240,-2.749,7.414,5.327,10.619,8.303,1.759,-2.176,-4.447,5.999,9.779,-3.959,6.106
73.6600,5,0.006,-0.731,0.241,-2.748,7.413,5.326,10.621,8.303,1.758,-2.175,-4.447,5.999,9.780,-3.960,6.105
73.6700,5,0.006,-0.726,0.241,-2.747,7.413,5.325,10.623,8.302,1.757,-2.174,-4.448,5.998,9.781,-3.960,6.104
73.6800,5,0.006,-0.720,0.242,-2.747,7.413,5.325,10.625,8.302,1.755,-2.172,-4.448,5.998,9.782,-3.960,6.104
73.6900,5,0.005,-0.715,0.242,-2.746,7.413,5.324,10.627,8.301,1.754,-2.171,-4.448,5.997,9.783,-3.960,6.103
73.7000,5,0.005,-0.710,0.242,-2.745,7.413,5.323,10.629,8.300,1.752,-2.170,-4.449,5.996,9.784,-3.961,6.102
73.7100,5,0.005,-0.704,0.243,-2.744,7.412,5.322,10.631,8.300,1.751,-2.169,-4.449,5.996,9.785,-3.961,6.102
73.7200,5,0.005,-0.699,0.243,-2.743,7.412,5.322,10.633,8.299,1.750,-2.168,-4.450,5.995,9.786,-3.961,6.101
73.7300,5,0.005,-0.693,0.244,-2.742,7.412,5.321,10.634,8.299,1.748,-2.167,-4.450,5.995,9.787,-3.961,6.101
73.7400,5,0.004,-0.688,0.244,-2.742,7.412,5.320,10.636,8.298,1.747,-2.166,-4.450,5.994,9.788,-3.961,6.100
73.7500,5,0.004,-0.682,0.244,-2.741,7.412,5.320,10.638,8.298,1.745,-2.164,-4.451,5.993,9.789,-3.962,6.099
73.7600,5,0.004,-0.677,0.245,-2.740,7.412,5.319,10.640,8.297,1.744,-2.163,-4.451,5.993,9.790,-3.962,6.099
73.7700,5,0.003,-0.671,0.245,-2.739,7.411,5.318,10.642,8.296,1.743,-2.162,-4.451,5.992,9.791,-3.962,6.098
73.7800,5,0.003,-0.665,0.245,-2.738,7.411,5.317,10.644,8.296,1.741,-2.161,-4.452,5.992,9.792,-3.962,6.097
73.7900,5,0.002,-0.660,0.246,-2.737,7.411,5.317,10.646,8.295,1.740,-2.160,-4.452,5.991,9.793,-3.963,6.097
73.8000,5,0.002,-0.654,0.246,-2.736,7.411,5.316,10.648,8.295,1.738,-2.159,-4.453,5.991,9.794,-3.963,6.096
73.8100,5,0.001,-0.648,0.246,-2.736,7.411,5.315,10.649,8.294,1.737,-2.158,-4.453,5.990,9.795,-3.963,6.095
73.8200,5,0.001,-0.642,0.247,-2.735,7.410,5.315,10.651,8.294,1.735,-2.156,-4.453,5.989,9.796,-3.963,6.095
73.8300,5,0.000,-0.637,0.247,-2.734,7.410,5.314,10.653,8.293,1.734,-2.155,-4.454,5.989,9.797,-3.964,6.094
73.8400,5,-0.000,-0.631,0.247,-2.733,7.410,5.313,10.655,8.292,1.733,-2.154,-4.454,5.988,9.798,-3.964,6.094
73.8500,5,-0.001,-0.625,0.248,-2.732,7.410,5.313,10.657,8.292,1.731,-2.153,-4.455,5.988,9.799,-3.964,6.093
73.8600,5,-0.002,-0.619,0.248,-2.731,7.410,5.312,10.659,8.291,1.730,-2.152,-4.455,5.987,9.800,-3.964,6.092
73.8700,5,-0.002,-0.613,0.248,-2.731,7.409,5.311,10.661,8.291,1.728,-2.151,-4.455,5.987,9.801,-3.965,6.092
73.8800,5,-0.003,-0.607,0.248,-2.730,7.409,5.311,10.663,8.290,1.727,-2.149,-4.456,5.986,9.802,-3.965,6.091
73.8900,5,-0.004,-0.601,0.248,-2.729,7.409,5.310,10.664,8.290,1.726,-2.148,-4.456,5.986,9.803,-3.965,6.091
73.9000,5,-0.004,-0.595,0.249,-2.728,7.409,5.309,10.666,8.289,1.724,-2.147,-4.456,5.985,9.804,-3.965,6.090
73.9100,5,-0.005,-0.589,0.249,-2.727,7.409,5.309,10.668,8.288,1.723,-2.146,-4.457,5.985,9.805,-3.966,6.090
73.9200,5,-0.006,-0.583,0.249,-2.726,7.408,5.308,10.670,8.288,1.721,-2.145,-4.457,5.984,9.806,-3.966,6.089
73.9300,5,-0.007,-0.577,0.249,-2.725,7.408,5.307,10.672,8.287,1.720,-2.144,-4.458,5.984,9.807,-3.966,6.088
73.9400,5,-0.008,-0.571,0.249,-2.725,7.408,5.307,10.674,8.287,1.719,-2.143,-4.458,5.983,9.808,-3.966,6.088
73.9500,5,-0.009,-0.565,0.249,-2.724,7.408,5.306,10.676,8.286,1.717,-2.141,-4.458,5.983,9.809,-3.967,6.087
73.9600,5,-0.010,-0.559,0.249,-2.723,7.408,5.305,10.678,8.285,1.716,-2.140,-4.459,5.982,9.810,-3.967,6.087
73.9700,5,-0.011,-0.553,0.250,-2.722,7.407,5.305,10.679,8.285,1.714,-2.139,-4.459,5.982,9.811,-3.967,6.086
73.9800,5,-0.012,-0.547,0.250,-2.721,7.407,5.304,10.681,8.284,1.713,-2.138,-4.459,5.981,9.812,-3.967,6.086
73.9900,5,-0.013,-0.540,0.250,-2.720,7.407,5.303,10.683,8.284,1.712,-2.137,-4.460,5.981,9.813,-3.968,6.085
74.0000,5,-0.014,-0.534,0.250,-2.720,7.407,5.303,10.685,8.283,1.710,-2.136,-4.460,5.980,9.814,-3.968,6.084
74.0100,5,-0.016,-0.528,0.250,-2.719,7.407,5.302,10.687,8.283,1.709,-2.135,-4.461,5.980,9.815,-3.968,6.084
74.0200,5,-0.017,-0.522,0.250,-2.718,7.406,5.302,10.689,8.282,1.707,-2.133,-4.461,5.979,9.816,-3.968,6.083
74.0300,5,-0.018,-0.515,0.250,-2.717,7.406,5.301,10.691,8.281,1.706,-2.132,-4.461,5.979,9.817,-3.969,6.083
74.0400,5,-0.019,-0.509,0.250,-2.716,7.406,5.300,10.693,8.281,1.705,-2.131,-4.462,5.978,9.818,-3.969,6.082
74.0500,5,-0.021,-0.503,0.250,-2.715,7.406,5.300,10.694,8.280,1.703,-2.130,-4.462,5.978,9.819,-3.969,6.082
74.0600,5,-0.022,-0.496,0.250,-2.714,7.406,5.299,10.696,8.280,1.702,-2.129,-4.463,5.977,9.820,-3.969,6.081
74.0700,5,-0.024,-0.490,0.250,-2.714,7.405,5.298,10.698,8.279,1.700,-2.128,-4.463,5.977,9.821,-3.970,6.081
74.0800,5,-0.025,-0.484,0.250,-2.713,7.405,5.298,10.700,8.278,1.699,-2.127,-4.463,5.976,9.822,-3.970,6.080
74.0900,5,-0.027,-0.477,0.250,-2.712,7.405,5.297,10.702,8.278,1.698,-2.125,-4.464,5.976,9.823,-3.970,6.080
74.1000,5,-0.028,-0.471,0.250,-2.711,7.405,5.297,10.704,8.277,1.696,-2.124,-4.464,5.976,9.824,-3.970,6.079
74.1100,5,-0.030,-0.464,0.250,-2.710,7.405,5.296,10.706,8.277,1.695,-2.123,-4.465,5.975,9.825,-3.971,6.079
74.1200,5,-0.032,-0.458,0.250,-2.709,7.404,5.296,10.707,8.276,1.693,-2.122,-4.465,5.975,9.826,-3.971,6.078
74.1300,5,-0.033,-0.451,0.250,-2.709,7.404,5.295,10.709,8.275,1.692,-2.121,-4.465,5.974,9.827,-3.971,6.078
74.1400,5,-0.035,-0.445,0.250,-2.708,7.404,5.294,10.711,8.275,1.691,-2.120,-4.466,5.974,9.828,-3.971,6.077
74.1500,5,-0.037,-0.438,0.249,-2.707,7.404,5.294,10.713,8.274,1.689,-2.118,-4.466,5.973,9.829,-3.972,6.077
74.1600,5,-0.039,-0.431,0.249,-2.706,7.404,5.293,10.715,8.274,1.688,-2.117,-4.467,5.973,9.830,-3.972,6.076
74.1700,5,-0.041,-0.425,0.249,-2.705,7.403,5.293,10.717,8.273,1.686,-2.116,-4.467,5.973,9.831,-3.972,6.076
74.1800,5,-0.043,-0.418,0.249,-2.704,7.403,5.292,10.719,8.272,1.685,-2.115,-4.467,5.972,9.832,-3.972,6.075
74.1900,5,-0.044,-0.412,0.249,-2.703,7.403,5.292,10.721,8.272,1.684,-2.114,-4.468,5.972,9.833,-3.973,6.075
74.2000,5,-0.047,-0.405,0.249,-2.703,7.403,5.291,10.722,8.271,1.682,-2.113,-4.468,5.971,9.834,-3.973,6.075
74.2100,5,-0.049,-0.398,0.248,-2.702,7.403,5.291,10.724,8.271,1.681,-2.112,-4.468,5.971,9.835,-3.973,6.074
74.2200,5,-0.051,-0.391,0.248,-2.701,7.402,5.290,10.726,8.270,1.680,-2.110,-4.469,5.971,9.836,-3.973,6.074
74.2300,5,-0.053,-0.385,0.248,-2.700,7.402,5.290,10.728,8.269,1.678,-2.109,-4.469,5.970,9.837,-3.974,6.073
74.2400,5,-0.055,-0.378,0.248,-2.699,7.402,5.289,10.730,8.269,1.677,-2.108,-4.470,5.970,9.838,-3.974,6.073
74.2500,5,-0.057,-0.371,0.248,-2.698,7.402,5.289,10.732,8.268,1.675,-2.107,-4.470,5.969,9.839,-3.974,6.072
74.2600,5,-0.060,-0.364,0.247,-2.698,7.402,5.288,10.734,8.268,1.674,-2.106,-4.470,5.969,9.840,-3.974,6.072
74.2700,5,-0.062,-0.358,0.247,-2.697,7.401,5.288,10.735,8.267,1.673,-2.105,-4.471,5.969,9.841,-3.975,6.072
74.2800,5,-0.065,-0.351,0.247,-2.696,7.401,5.287,10.737,8.266,1.671,-2.104,-4.471,5.968,9.842,-3.975,6.071
74.2900,5,-0.067,-0.344,0.247,-2.695,7.401,5.287,10.739,8.266,1.670,-2.102,-4.472,5.968,9.843,-3.975,6.071
74.3000,5,-0.069,-0.337,0.246,-2.694,7.401,5.286,10.741,8.265,1.669,-2.101,-4.472,5.968,9.844,-3.976,6.070
74.3100,5,-0.072,-0.330,0.246,-2.693,7.401,5.286,10.743,8.265,1.667,-2.100,-4.472,5.967,9.845,-3.976,6.070
74.3200,5,-0.075,-0.323,0.246,-2.693,7.400,5.285,10.745,8.264,1.666,-2.099,-4.473,5.967,9.846,-3.976,6.069
74.3300,5,-0.077,-0.316,0.245,-2.692,7.400,5.285,10.747,8.263,1.665,-2.098,-4.473,5.967,9.847,-3.976,6.069
74.3400,5,-0.080,-0.309,0.245,-2.691,7.400,5.284,10.748,8.263,1.663,-2.097,-4.474,5.966,9.848,-3.977,6.069
74.3500,5,-0.083,-0.302,0.245,-2.690,7.400,5.284,10.750,8.262,1.662,-2.096,-4.474,5.966,9.849,-3.977,6.068
74.3600,5,-0.086,-0.296,0.244,-2.689,7.400,5.283,10.752,8.262,1.661,-2.094,-4.474,5.966,9.850,-3.977,6.068
74.3700,5,-0.089,-0.289,0.244,-2.688,7.399,5.283,10.754,8.261,1.659,-2.093,-4.475,5.965,9.851,-3.977,6.068
74.3800,5,-0.091,-0.282,0.243,-2.687,7.399,5.282,10.756,8.260,1.658,-2.092,-4.475,5.965,9.852,-3.978,6.067
74.3900,5,-0.094,-0.275,0.243,-2.687,7.399,5.282,10.758,8.260,1.657,-2.091,-4.476,5.965,9.853,-3.978,6.067
74.4000,5,-0.097,-0.268,0.243,-2.686,7.399,5.282,10.760,8.259,1.655,-2.090,-4.476,5.964,9.854,-3.978,6.066
74.4100,5,-0.100,-0.260,0.242,-2.685,7.399,5.281,10.761,8.259,1.654,-2.089,-4.476,5.964,9.855,-3.978,6.066
74.4200,5,-0.104,-0.253,0.242,-2.684,7.398,5.281,10.763,8.258,1.653,-2.088,-4.477,5.964,9.856,-3.979,6.066
74.4300,5,-0.107,-0.246,0.241,-2.683,7.398,5.280,10.765,8.257,1.651,-2.086,-4.477,5.963,9.857,-3.979,6.065
74.4400,5,-0.110,-0.239,0.241,-2.682,7.398,5.280,10.767,8.257,1.650,-2.085,-4.478,5.963,9.858,-3.979,6.065
74.4500,5,-0.113,-0.232,0.240,-2.682,7.398,5.279,10.769,8.256,1.649,-2.084,-4.478,5.963,9.859,-3.979,6.065
74.4600,5,-0.117,-0.225,0.240,-2.681,7.398,5.279,10.771,8.256,1.647,-2.083,-4.478,5.963,9.860,-3.980,6.064
74.4700,5,-0.120,-0.218,0.239,-2.680,7.397,5.279,10.773,8.255,1.646,-2.082,-4.479,5.962,9.861,-3.980,6.064
74.4800,5,-0.123,-0.211,0.239,-2.679,7.397,5.278,10.774,8.254,1.645,-2.081,-4.479,5.962,9.862,-3.980,6.064
74.4900,5,-0.127,-0.204,0.238,-2.678,7.397,5.278,10.776,8.254,1.643,-2.080,-4.480,5.962,9.863,-3.980,6.064
74.5000,5,-0.130,-0.196,0.238,-2.677,7.397,5.277,10.778,8.253,1.642,-2.078,-4.480,5.962,9.864,-3.981,6.063
74.5100,5,-0.134,-0.189,0.237,-2.677,7.397,5.277,10.780,8.253,1.641,-2.077,-4.480,5.961,9.865,-3.981,6.063
74.5200,5,-0.138,-0.182,0.237,-2.676,7.396,5.277,10.782,8.252,1.639,-2.076,-4.481,5.961,9.866,-3.981,6.063
74.5300,5,-0.141,-0.175,0.236,-2.675,7.396,5.276,10.784,8.251,1.638,-2.075,-4.481,5.961,9.867,-3.981,6.062
74.5400,5,-0.145,-0.168,0.236,-2.674,7.396,5.276,10.786,8.251,1.637,-2.074,-4.482,5.961,9.868,-3.982,6.062
74.5500,5,-0.149,-0.160,0.235,-2.673,7.396,5.276,10.787,8.250,1.635,-2.073,-4.482,5.960,9.869,-3.982,6.062
74.5600,5,-0.153,-0.153,0.234,-2.672,7.396,5.275,10.789,8.250,1.634,-2.072,-4.482,5.960,9.870,-3.982,6.061
74.5700,5,-0.157,-0.146,0.234,-2.671,7.395,5.275,10.791,8.249,1.633,-2.070,-4.483,5.960,9.871,-3.983,6.061
74.5800,5,-0.161,-0.139,0.233,-2.671,7.395,5.275,10.793,8.248,1.632,-2.069,-4.483,5.960,9.871,-3.983,6.061
74.5900,5,-0.165,-0.131,0.232,-2.670,7.395,5.274,10.795,8.248,1.630,-2.068,-4.484,5.960,9.872,-3.983,6.061
74.6000,5,-0.169,-0.124,0.232,-2.669,7.395,5.274,10.797,8.247,1.629,-2.067,-4.484,5.959,9.873,-3.983,6.060
74.6100,5,-0.173,-0.117,0.231,-2.668,7.394,5.274,10.799,8.247,1.628,-2.066,-4.484,5.959,9.874,-3.984,6.060
74.6200,5,-0.177,-0.110,0.230,-2.667,7.394,5.273,10.800,8.246,1.627,-2.065,-4.485,5.959,9.875,-3.984,6.060
74.6300,5,-0.181,-0.102,0.230,-2.666,7.394,5.273,10.802,8.245,1.625,-2.064,-4.485,5.959,9.876,-3.984,6.060
74.6400,5,-0.186,-0.095,0.229,-2.666,7.394,5.273,10.804,8.245,1.624,-2.062,-4.486,5.959,9.877,-3.984,6.060
74.6500,5,-0.190,-0.088,0.228,-2.665,7.394,5.272,10.806,8.244,1.623,-2.061,-4.486,5.958,9.878,-3.985,6.059
74.6600,5,-0.194,-0.080,0.228,-2.664,7.393,5.272,10.808,8.244,1.622,-2.060,-4.486,5.958,9.879,-3.985,6.059
74.6700,5,-0.199,-0.073,0.227,-2.663,7.393,5.272,10.810,8.243,1.620,-2.059,-4.487,5.958,9.880,-3.985,6.059
74.6800,5,-0.203,-0.066,0.226,-2.662,7.393,5.272,10.812,8.242,1.619,-2.058,-4.487,5.958,9.881,-3.985,6.059
74.6900,5,-0.208,-0.058,0.225,-2.661,7.393,5.271,10.813,8.242,1.618,-2.057,-4.487,5.958,9.882,-3.986,6.058
74.7000,5,-0.212,-0.051,0.225,-2.661,7.393,5.271,10.815,8.241,1.617,-2.056,-4.488,5.958,9.883,-3.986,6.058
74.7100,5,-0.217,-0.044,0.224,-2.660,7.392,5.271,10.817,8.241,1.615,-2.054,-4.488,5.957,9.884,-3.986,6.058
74.7200,5,-0.222,-0.036,0.223,-2.659,7.392,5.271,10.819,8.240,1.614,-2.053,-4.489,5.957,9.885,-3.986,6.058
74.7300,5,-0.226,-0.029,0.222,-2.658,7.392,5.270,10.821,8.239,1.613,-2.052,-4.489,5.957,9.886,-3.987,6.058
74.7400,5,-0.231,-0.021,0.222,-2.657,7.392,5.270,10.823,8.239,1.612,-2.051,-4.489,5.957,9.887,-3.987,6.058
74.7500,5,-0.236,-0.014,0.221,-2.656,7.392,5.270,10.824,8.238,1.610,-2.050,-4.490,5.957,9.888,-3.987,6.057
74.7600,5,-0.241,-0.007,0.220,-2.655,7.391,5.270,10.826,8.238,1.609,-2.049,-4.490,5.957,9.889,-3.987,6.057
74.7700,5,-0.246,0.001,0.219,-2.655,7.391,5.269,10.828,8.237,1.608,-2.048,-4.491,5.957,9.890,-3.988,6.057
74.7800,5,-0.251,0.008,0.218,-2.654,7.391,5.269,10.830,8.236,1.607,-2.047,-4.491,5.957,9.891,-3.988,6.057
74.7900,5,-0.256,0.016,0.217,-2.653,7.391,5.269,10.832,8.236,1.606,-2.045,-4.491,5.956,9.892,-3.988,6.057
74.8000,5,-0.261,0.023,0.216,-2.652,7.391,5.269,10.834,8.235,1.604,-2.044,-4.492,5.956,9.893,-3.989,6.057
74.8100,5,-0.266,0.030,0.216,-2.651,7.390,5.268,10.836,8.235,1.603,-2.043,-4.492,5.956,9.894,-3.989,6.056
74.8200,5,-0.271,0.038,0.215,-2.650,7.390,5.268,10.837,8.234,1.602,-2.042,-4.493,5.956,9.895,-3.989,6.056
74.8300,5,-0.277,0.045,0.214,-2.650,7.390,5.268,10.839,8.233,1.601,-2.041,-4.493,5.956,9.896,-3.989,6.056
74.8400,5,-0.282,0.053,0.213,-2.649,7.390,5.268,10.841,8.233,1.600,-2.040,-4.493,5.956,9.897,-3.990,6.056
74.8500,5,-0.287,0.060,0.212,-2.648,7.390,5.268,10.843,8.232,1.598,-2.039,-4.494,5.956,9.898,-3.990,6.056
74.8600,5,-0.293,0.068,0.211,-2.647,7.389,5.268,10.845,8.232,1.597,-2.037,-4.494,5.956,9.899,-3.990,6.056
74.8700,5,-0.298,0.075,0.210,-2.646,7.389,5.267,10.847,8.231,1.596,-2.036,-4.495,5.956,9.900,-3.990,6.056
74.8800,5,-0.304,0.083,0.209,-2.645,7.389,5.267,10.848,8.230,1.595,-2.035,-4.495,5.956,9.901,-3.991,6.056
74.8900,5,-0.309,0.090,0.208,-2.645,7.389,5.267,10.850,8.230,1.594,-2.034,-4.495,5.956,9.902,-3.991,6.056
74.9000,5,-0.315,0.097,0.207,-2.644,7.389,5.267,10.852,8.229,1.593,-2.033,-4.496,5.956,9.903,-3.991,6.055
74.9100,5,-0.320,0.105,0.206,-2.643,7.388,5.267,10.854,8.228,1.591,-2.032,-4.496,5.956,9.904,-3.991,6.055
74.9200,5,-0.326,0.112,0.205,-2.642,7.388,5.267,10.856,8.228,1.590,-2.031,-4.497,5.956,9.905,-3.992,6.055
74.9300,5,-0.332,0.120,0.204,-2.641,7.388,5.266,10.858,8.227,1.589,-2.029,-4.497,5.956,9.906,-3.992,6.055
74.9400,5,-0.337,0.127,0.203,-2.640,7.388,5.266,10.859,8.227,1.588,-2.028,-4.497,5.955,9.907,-3.992,6.055
74.9500,5,-0.343,0.135,0.202,-2.640,7.388,5.266,10.861,8.226,1.587,-2.027,-4.498,5.955,9.908,-3.992,6.055
74.9600,5,-0.349,0.142,0.201,-2.639,7.387,5.266,10.863,8.225,1.586,-2.026,-4.498,5.955,9.909,-3.993,6.055
74.9700,5,-0.355,0.150,0.200,-2.638,7.387,5.266,10.865,8.225,1.584,-2.025,-4.499,5.955,9.910,-3.993,6.055
74.9800,5,-0.361,0.157,0.199,-2.637,7.387,5.266,10.867,8.224,1.583,-2.024,-4.499,5.955,9.911,-3.993,6.055
74.9900,5,-0.367,0.164,0.198,-2.636,7.387,5.266,10.869,8.224,1.582,-2.023,-4.499,5.955,9.912,-3.993,6.055
75.0000,5,-0.373,0.172,0.197,-2.635,7.386,5.266,10.870,8.223,1.581,-2.022,-4.500,5.955,9.913,-3.994,6.055
75.0100,5,-0.379,0.179,0.196,-2.635,7.386,5.266,10.872,8.222,1.580,-2.020,-4.500,5.955,9.914,-3.994,6.055
75.0200,5,-0.385,0.187,0.195,-2.634,7.386,5.266,10.874,8.222,1.579,-2.019,-4.501,5.955,9.915,-3.994,6.055
75.0300,5,-0.392,0.194,0.194,-2.633,7.386,5.266,10.876,8.221,1.578,-2.018,-4.501,5.955,9.916,-3.994,6.055
75.0400,5,-0.398,0.202,0.193,-2.632,7.386,5.265,10.878,8.221,1.577,-2.017,-4.501,5.955,9.917,-3.995,6.055
75.0500,5,-0.404,0.209,0.191,-2.631,7.385,5.265,10.880,8.220,1.576,-2.016,-4.502,5.956,9.918,-3.995,6.055
75.0600,5,-0.410,0.216,0.190,-2.630,7.385,5.265,10.881,8.219,1.574,-2.015,-4.502,5.956,9.919,-3.995,6.055
75.0700,5,-0.417,0.224,0.189,-2.630,7.385,5.265,10.883,8.219,1.573,-2.014,-4.503,5.956,9.920,-3.996,6.055
75.0800,5,-0.423,0.231,0.188,-2.629,7.385,5.265,10.885,8.218,1.572,-2.013,-4.503,5.956,9.921,-3.996,6.055
75.0900,5,-0.430,0.239,0.187,-2.628,7.385,5.265,10.887,8.218,1.571,-2.011,-4.503,5.956,9.922,-3.996,6.055
75.1000,5,-0.436,0.246,0.186,-2.627,7.384,5.265,10.889,8.217,1.570,-2.010,-4.504,5.956,9.923,-3.996,6.055
75.1100,5,-0.443,0.253,0.184,-2.626,7.384,5.265,10.891,8.217,1.569,-2.009,-4.504,5.956,9.924,-3.997,6.055
75.1200,5,-0.449,0.261,0.183,-2.625,7.384,5.265,10.892,8.216,1.568,-2.008,-4.505,5.956,9.925,-3.997,6.055
75.1300,5,-0.456,0.268,0.182,-2.625,7.384,5.265,10.894,8.215,1.567,-2.007,-4.505,5.956,9.926,-3.997,6.055
75.1400,5,-0.463,0.276,0.181,-2.624,7.384,5.265,10.896,8.215,1.566,-2.006,-4.505,5.956,9.927,-3.997,6.055
75.1500,5,-0.469,0.283,0.180,-2.623,7.383,5.265,10.898,8.214,1.565,-2.005,-4.506,5.956,9.928,-3.998,6.055
75.1600,5,-0.476,0.290,0.178,-2.622,7.383,5.265,10.900,8.214,1.564,-2.004,-4.506,5.956,9.928,-3.998,6.055
75.1700,5,-0.483,0.298,0.177,-2.621,7.383,5.265,10.901,8.213,1.563,-2.002,-4.507,5.956,9.929,-3.998,6.055
75.1800,5,-0.490,0.305,0.176,-2.620,7.383,5.265,10.903,8.212,1.562,-2.001,-4.507,5.956,9.930,-3.998,6.055
75.1900,5,-0.496,0.313,0.175,-2.620,7.383,5.265,10.905,8.212,1.561,-2.000,-4.507,5.956,9.931,-3.999,6.056
75.2000,5,-0.503,0.320,0.174,-2.619,7.382,5.265,10.907,8.211,1.560,-1.999,-4.508,5.957,9.932,-3.999,6.056
75.2100,5,-0.510,0.327,0.172,-2.618,7.382,5.265,10.909,8.211,1.559,-1.998,-4.508,5.957,9.933,-3.999,6.056
75.2200,5,-0.517,0.335,0.171,-2.617,7.382,5.265,10.910,8.210,1.558,-1.997,-4.508,5.957,9.934,-3.999,6.056
75.2300,5,-0.524,0.342,0.170,-2.616,7.382,5.265,10.912,8.209,1.556,-1.996,-4.509,5.957,9.935,-4.000,6.056
75.2400,5,-0.531,0.349,0.168,-2.615,7.382,5.265,10.914,8.209,1.555,-1.995,-4.509,5.957,9.936,-4.000,6.056
75.2500,5,-0.538,0.356,0.167,-2.615,7.381,5.266,10.916,8.208,1.554,-1.993,-4.510,5.957,9.937,-4.000,6.056
75.2600,5,-0.545,0.364,0.166,-2.614,7.381,5.266,10.918,8.208,1.553,-1.992,-4.510,5.957,9.938,-4.000,6.056
75.2700,5,-0.552,0.371,0.164,-2.613,7.381,5.266,10.920,8.207,1.552,-1.991,-4.510,5.957,9.939,-4.001,6.056
75.2800,5,-0.560,0.378,0.163,-2.612,7.381,5.266,10.921,8.206,1.551,-1.990,-4.511,5.958,9.940,-4.001,6.057
75.2900,5,-0.567,0.386,0.162,-2.611,7.381,5.266,10.923,8.206,1.550,-1.989,-4.511,5.958,9.941,-4.001,6.057
75.3000,5,-0.574,0.393,0.160,-2.610,7.380,5.266,10.925,8.205,1.549,-1.988,-4.512,5.958,9.942,-4.001,6.057
75.3100,5,-0.581,0.400,0.159,-2.610,7.380,5.266,10.927,8.205,1.549,-1.987,-4.512,5.958,9.943,-4.002,6.057
75.3200,5,-0.589,0.407,0.158,-2.609,7.380,5.266,10.929,8.204,1.548,-1.986,-4.512,5.958,9.944,-4.002,6.057
75.3300,5,-0.596,0.415,0.156,-2.608,7.380,5.266,10.930,8.204,1.547,-1.984,-4.513,5.958,9.945,-4.002,6.057
75.3400,5,-0.603,0.422,0.155,-2.607,7.380,5.266,10.932,8.203,1.546,-1.983,-4.513,5.959,9.946,-4.002,6.057
75.3500,5,-0.611,0.429,0.154,-2.606,7.379,5.267,10.934,8.202,1.545,-1.982,-4.514,5.959,9.947,-4.003,6.058
75.3600,5,-0.618,0.436,0.152,-2.605,7.379,5.267,10.936,8.202,1.544,-1.981,-4.514,5.959,9.948,-4.003,6.058
75.3700,5,-0.625,0.443,0.151,-2.605,7.379,5.267,10.937,8.201,1.543,-1.980,-4.514,5.959,9.949,-4.003,6.058
75.3800,5,-0.633,0.451,0.150,-2.604,7.379,5.267,10.939,8.201,1.542,-1.979,-4.515,5.959,9.950,-4.003,6.058
75.3900,5,-0.640,0.458,0.148,-2.603,7.379,5.267,10.941,8.200,1.541,-1.978,-4.515,5.960,9.951,-4.004,6.058
75.4000,5,-0.648,0.465,0.147,-2.602,7.378,5.267,10.943,8.200,1.540,-1.977,-4.515,5.960,9.952,-4.004,6.059
75.4100,5,-0.655,0.472,0.145,-2.601,7.378,5.267,10.945,8.199,1.539,-1.976,-4.516,5.960,9.953,-4.004,6.059
75.4200,5,-0.663,0.479,0.144,-2.601,7.378,5.268,10.946,8.198,1.538,-1.975,-4.516,5.960,9.954,-4.004,6.059
75.4300,5,-0.671,0.486,0.142,-2.600,7.378,5.268,10.948,8.198,1.537,-1.973,-4.517,5.960,9.955,-4.005,6.059
75.4400,5,-0.678,0.493,0.141,-2.599,7.378,5.268,10.950,8.197,1.536,-1.972,-4.517,5.961,9.956,-4.005,6.059
75.4500,5,-0.686,0.500,0.140,-2.598,7.377,5.268,10.952,8.197,1.535,-1.971,-4.517,5.961,9.957,-4.005,6.060
75.4600,5,-0.694,0.507,0.138,-2.597,7.377,5.268,10.954,8.196,1.534,-1.970,-4.518,5.961,9.957,-4.005,6.060
75.4700,5,-0.701,0.514,0.137,-2.596,7.377,5.268,10.955,8.196,1.533,-1.969,-4.518,5.961,9.958,-4.006,6.060
75.4800,5,-0.709,0.521,0.135,-2.596,7.377,5.269,10.957,8.195,1.533,-1.968,-4.518,5.962,9.959,-4.006,6.060
75.4900,5,-0.717,0.528,0.134,-2.595,7.377,5.269,10.959,8.194,1.532,-1.967,-4.519,5.962,9.960,-4.006,6.061
75.5000,5,-0.724,0.535,0.132,-2.594,7.377,5.269,10.961,8.194,1.531,-1.966,-4.519,5.962,9.961,-4.006,6.061
75.5100,5,-0.732,0.542,0.131,-2.593,7.376,5.269,10.962,8.193,1.530,-1.965,-4.520,5.962,9.962,-4.007,6.061
75.5200,5,-0.740,0.549,0.129,-2.592,7.376,5.270,10.964,8.193,1.529,-1.964,-4.520,5.963,9.963,-4.007,6.061
75.5300,5,-0.748,0.556,0.128,-2.592,7.376,5.270,10.966,8.192,1.528,-1.962,-4.520,5.963,9.964,-4.007,6.062
75.5400,5,-0.756,0.563,0.126,-2.591,7.376,5.270,10.968,8.192,1.527,-1.961,-4.521,5.963,9.965,-4.007,6.062
75.5500,5,-0.763,0.570,0.125,-2.590,7.376,5.270,10.969,8.191,1.526,-1.960,-4.521,5.963,9.966,-4.008,6.062
75.5600,5,-0.771,0.577,0.123,-2.589,7.375,5.271,10.971,8.190,1.526,-1.959,-4.521,5.964,9.967,-4.008,6.063
75.5700,5,-0.779,0.584,0.122,-2.588,7.375,5.271,10.973,8.190,1.525,-1.958,-4.522,5.964,9.968,-4.008,6.063
75.5800,5,-0.787,0.591,0.120,-2.588,7.375,5.271,10.975,8.189,1.524,-1.957,-4.522,5.964,9.969,-4.008,6.063
75.5900,5,-0.795,0.598,0.119,-2.587,7.375,5.271,10.976,8.189,1.523,-1.956,-4.523,5.965,9.970,-4.008,6.063
75.6000,5,-0.803,0.604,0.117,-2.586,7.375,5.272,10.978,8.188,1.522,-1.955,-4.523,5.965,9.971,-4.009,6.064
75.6100,5,-0.811,0.611,0.115,-2.585,7.374,5.272,10.980,8.188,1.521,-1.954,-4.523,5.965,9.972,-4.009,6.064
75.6200,5,-0.819,0.618,0.114,-2.584,7.374,5.272,10.982,8.187,1.520,-1.953,-4.524,5.966,9.973,-4.009,6.064
75.6300,5,-0.827,0.625,0.112,-2.583,7.374,5.272,10.983,8.187,1.520,-1.952,-4.524,5.966,9.974,-4.009,6.065
75.6400,5,-0.835,0.631,0.111,-2.583,7.374,5.273,10.985,8.186,1.519,-1.950,-4.524,5.966,9.975,-4.010,6.065
75.6500,5,-0.843,0.638,0.109,-2.582,7.374,5.273,10.987,8.186,1.518,-1.949,-4.525,5.967,9.975,-4.010,6.065
75.6600,5,-0.851,0.645,0.108,-2.581,7.374,5.273,10.989,8.185,1.517,-1.948,-4.525,5.967,9.976,-4.010,6.066
75.6700,5,-0.859,0.651,0.106,-2.580,7.373,5.274,10.990,8.184,1.516,-1.947,-4.525,5.967,9.977,-4.010,6.066
75.6800,5,-0.867,0.658,0.104,-2.579,7.373,5.274,10.992,8.184,1.516,-1.946,-4.526,5.968,9.978,-4.011,6.066
75.6900,5,-0.875,0.665,0.103,-2.579,7.373,5.274,10.994,8.183,1.515,-1.945,-4.526,5.968,9.979,-4.011,6.067
75.7000,5,-0.883,0.671,0.101,-2.578,7.373,5.275,10.995,8.183,1.514,-1.944,-4.527,5.968,9.980,-4.011,6.067
75.7100,5,-0.891,0.678,0.100,-2.577,7.373,5.275,10.997,8.182,1.513,-1.943,-4.527,5.969,9.981,-4.011,6.068
75.7200,5,-0.899,0.685,0.098,-2.576,7.372,5.275,10.999,8.182,1.512,-1.942,-4.527,5.969,9.982,-4.012,6.068
75.7300,5,-0.907,0.691,0.096,-2.575,7.372,5.276,11.001,8.181,1.512,-1.941,-4.528,5.969,9.983,-4.012,6.068
75.7400,5,-0.915,0.698,0.095,-2.575,7.372,5.276,11.002,8.181,1.511,-1.940,-4.528,5.970,9.984,-4.012,6.069
75.7500,5,-0.923,0.704,0.093,-2.574,7.372,5.276,11.004,8.180,1.510,-1.939,-4.528,5.970,9.985,-4.012,6.069
75.7600,5,-0.931,0.711,0.092,-2.573,7.372,5.277,11.006,8.180,1.509,-1.938,-4.529,5.970,9.986,-4.012,6.069
75.7700,5,-0.939,0.717,0.090,-2.572,7.372,5.277,11.007,8.179,1.509,-1.937,-4.529,5.971,9.987,-4.013,6.070
75.7800,5,-0.947,0.724,0.088,-2.572,7.371,5.277,11.009,8.179,1.508,-1.936,-4.529,5.971,9.988,-4.013,6.070
75.7900,5,-0.955,0.730,0.087,-2.571,7.371,5.278,11.011,8.178,1.507,-1.934,-4.530,5.972,9.988,-4.013,6.071
75.8000,5,-0.963,0.736,0.085,-2.570,7.371,5.278,11.013,8.178,1.506,-1.933,-4.530,5.972,9.989,-4.013,6.071
75.8100,5,-0.971,0.743,0.083,-2.569,7.371,5.279,11.014,8.177,1.506,-1.932,-4.530,5.972,9.990,-4.013,6.072
75.8200,5,-0.979,0.749,0.082,-2.568,7.371,5.279,11.016,8.177,1.505,-1.931,-4.531,5.973,9.991,-4.014,6.072
75.8300,5,-0.987,0.755,0.080,-2.568,7.371,5.279,11.018,8.176,1.504,-1.930,-4.531,5.973,9.992,-4.014,6.072
75.8400,5,-0.995,0.762,0.078,-2.567,7.370,5.280,11.019,8.176,1.504,-1.929,-4.531,5.974,9.993,-4.014,6.073
75.8500,5,-1.003,0.768,0.077,-2.566,7.370,5.280,11.021,8.175,1.503,-1.928,-4.532,5.974,9.994,-4.014,6.073
75.8600,5,-1.011,0.774,0.075,-2.565,7.370,5.281,11.023,8.175,1.502,-1.927,-4.532,5.974,9.995,-4.015,6.074
75.8700,5,-1.019,0.780,0.073,-2.564,7.370,5.281,11.024,8.174,1.502,-1.926,-4.532,5.975,9.996,-4.015,6.074
75.8800,5,-1.027,0.787,0.072,-2.564,7.370,5.282,11.026,8.174,1.501,-1.925,-4.533,5.975,9.997,-4.015,6.075
75.8900,5,-1.035,0.793,0.070,-2.563,7.370,5.282,11.028,8.173,1.500,-1.924,-4.533,5.976,9.998,-4.015,6.075
75.9000,5,-1.043,0.799,0.068,-2.562,7.369,5.282,11.029,8.173,1.499,-1.923,-4.533,5.976,9.999,-4.015,6.075
75.9100,5,-1.051,0.805,0.067,-2.561,7.369,5.283,11.031,8.172,1.499,-1.922,-4.534,5.977,9.999,-4.016,6.076
75.9200,5,-1.059,0.811,0.065,-2.561,7.369,5.283,11.033,8.172,1.498,-1.921,-4.534,5.977,10.000,-4.016,6.076
75.9300,5,-1.067,0.817,0.063,-2.560,7.369,5.284,11.034,8.171,1.497,-1.920,-4.534,5.977,10.001,-4.016,6.077
75.9400,5,-1.075,0.823,0.062,-2.559,7.369,5.284,11.036,8.171,1.497,-1.919,-4.535,5.978,10.002,-4.016,6.077
75.9500,5,-1.083,0.829,0.060,-2.558,7.369,5.285,11.038,8.170,1.496,-1.918,-4.535,5.978,10.003,-4.016,6.078
75.9600,5,-1.091,0.835,0.058,-2.557,7.368,5.285,11.039,8.170,1.496,-1.917,-4.535,5.979,10.004,-4.017,6.078
75.9700,5,-1.099,0.841,0.057,-2.557,7.368,5.286,11.041,8.169,1.495,-1.916,-4.536,5.979,10.005,-4.017,6.079
75.9800,5,-1.107,0.847,0.055,-2.556,7.368,5.286,11.042,8.169,1.494,-1.915,-4.536,5.980,10.006,-4.017,6.079
75.9900,5,-1.115,0.853,0.053,-2.555,7.368,5.287,11.044,8.168,1.494,-1.914,-4.536,5.980,10.007,-4.017,6.080
76.0000,5,-1.123,0.859,0.051,-2.554,7.368,5.287,11.046,8.168,1.493,-1.913,-4.537,5.981,10.007,-4.017,6.080
76.0100,5,-1.131,0.865,0.050,-2.554,7.368,5.288,11.047,8.168,1.492,-1.912,-4.537,5.981,10.008,-4.018,6.081
76.0200,5,-1.138,0.870,0.048,-2.553,7.367,5.288,11.049,8.167,1.492,-1.911,-4.537,5.982,10.009,-4.018,6.081
76.0300,5,-1.146,0.876,0.046,-2.552,7.367,5.289,11.050,8.167,1.491,-1.910,-4.537,5.982,10.010,-4.018,6.082
76.0400,5,-1.154,0.882,0.045,-2.551,7.367,5.289,11.052,8.166,1.491,-1.909,-4.538,5.983,10.011,-4.018,6.082
76.0500,5,-1.162,0.888,0.043,-2.551,7.367,5.290,11.054,8.166,1.490,-1.908,-4.538,5.983,10.012,-4.018,6.083
76.0600,5,-1.170,0.893,0.041,-2.550,7.367,5.290,11.055,8.165,1.489,-1.907,-4.538,5.984,10.013,-4.019,6.084
76.0700,5,-1.177,0.899,0.039,-2.549,7.367,5.291,11.057,8.165,1.489,-1.906,-4.539,5.984,10.014,-4.019,6.084
76.0800,5,-1.185,0.905,0.038,-2.548,7.367,5.291,11.058,8.164,1.488,-1.905,-4.539,5.985,10.014,-4.019,6.085
76.0900,5,-1.193,0.910,0.036,-2.548,7.366,5.292,11.060,8.164,1.488,-1.904,-4.539,5.985,10.015,-4.019,6.085
76.1000,5,-1.201,0.916,0.034,-2.547,7.366,5.292,11.062,8.164,1.487,-1.903,-4.540,5.986,10.016,-4.019,6.086
76.1100,5,-1.208,0.921,0.032,-2.546,7.366,5.293,11.063,8.163,1.487,-1.902,-4.540,5.986,10.017,-4.019,6.086
76.1200,5,-1.216,0.927,0.031,-2.545,7.366,5.293,11.065,8.163,1.486,-1.901,-4.540,5.987,10.018,-4.020,6.087
76.1300,5,-1.224,0.932,0.029,-2.545,7.366,5.294,11.066,8.162,1.485,-1.900,-4.540,5.987,10.019,-4.020,6.087
76.1400,5,-1.231,0.938,0.027,-2.544,7.366,5.295,11.068,8.162,1.485,-1.899,-4.541,5.988,10.020,-4.020,6.088
76.1500,5,-1.239,0.943,0.025,-2.543,7.366,5.295,11.069,8.161,1.484,-1.898,-4.541,5.988,10.020,-4.020,6.089
76.1600,5,-1.246,0.949,0.024,-2.542,7.365,5.296,11.071,8.161,1.484,-1.897,-4.541,5.989,10.021,-4.020,6.089
76.1700,5,-1.254,0.954,0.022,-2.542,7.365,5.296,11.073,8.161,1.483,-1.896,-4.542,5.989,10.022,-4.020,6.090
76.1800,5,-1.262,0.959,0.020,-2.541,7.365,5.297,11.074,8.160,1.483,-1.895,-4.542,5.990,10.023,-4.021,6.090
76.1900,5,-1.269,0.965,0.019,-2.540,7.365,5.297,11.076,8.160,1.482,-1.894,-4.542,5.990,10.024,-4.021,6.091
76.2000,5,-1.276,0.970,0.017,-2.540,7.365,5.298,11.077,8.159,1.482,-1.893,-4.542,5.991,10.025,-4.021,6.091
76.2100,5,-1.284,0.975,0.015,-2.539,7.365,5.299,11.079,8.159,1.481,-1.892,-4.543,5.991,10.026,-4.021,6.092
76.2200,5,-1.291,0.980,0.013,-2.538,7.365,5.299,11.080,8.159,1.481,-1.891,-4.543,5.992,10.026,-4.021,6.093
76.2300,5,-1.299,0.985,0.012,-2.537,7.365,5.300,11.082,8.158,1.480,-1.890,-4.543,5.993,10.027,-4.021,6.093
76.2400,5,-1.306,0.990,0.010,-2.537,7.364,5.300,11.083,8.158,1.480,-1.889,-4.543,5.993,10.028,-4.022,6.094
76.2500,5,-1.313,0.996,0.008,-2.536,7.364,5.301,11.085,8.157,1.479,-1.888,-4.544,5.994,10.029,-4.022,6.095
76.2600,5,-1.321,1.001,0.006,-2.535,7.364,5.302,11.086,8.157,1.479,-1.888,-4.544,5.994,10.030,-4.022,6.095
76.2700,5,-1.328,1.006,0.005,-2.535,7.364,5.302,11.088,8.157,1.478,-1.887,-4.544,5.995,10.031,-4.022,6.096
76.2800,5,-1.335,1.011,0.003,-2.534,7.364,5.303,11.089,8.156,1.478,-1.886,-4.544,5.995,10.031,-4.022,6.096
76.2900,5,-1.342,1.016,0.001,-2.533,7.364,5.304,11.091,8.156,1.478,-1.885,-4.545,5.996,10.032,-4.022,6.097
76.3000,5,-1.349,1.021,-0.001,-2.532,7.364,5.304,11.092,8.156,1.477,-1.884,-4.545,5.996,10.033,-4.022,6.098
76.3100,5,-1.356,1.025,-0.002,-2.532,7.364,5.305,11.094,8.155,1.477,-1.883,-4.545,5.997,10.034,-4.023,6.098
76.3200,5,-1.363,1.030,-0.004,-2.531,7.364,5.305,11.095,8.155,1.476,-1.882,-4.545,5.998,10.035,-4.023,6.099
76.3300,5,-1.370,1.035,-0.006,-2.530,7.363,5.306,11.097,8.155,1.476,-1.881,-4.546,5.998,10.035,-4.023,6.100
76.3400,5,-1.377,1.040,-0.008,-2.530,7.363,5.307,11.098,8.154,1.475,-1.880,-4.546,5.999,10.036,-4.023,6.100
76.3500,5,-1.384,1.045,-0.009,-2.529,7.363,5.307,11.099,8.154,1.475,-1.879,-4.546,5.999,10.037,-4.023,6.101
76.3600,5,-1.391,1.049,-0.011,-2.528,7.363,5.308,11.101,8.154,1.475,-1.878,-4.546,6.000,10.038,-4.023,6.102
76.3700,5,-1.398,1.054,-0.013,-2.527,7.363,5.309,11.102,8.153,1.474,-1.877,-4.547,6.001,10.039,-4.023,6.102
76.3800,5,-1.405,1.059,-0.015,-2.527,7.363,5.309,11.104,8.153,1.474,-1.877,-4.547,6.001,10.039,-4.024,6.103
76.3900,5,-1.412,1.063,-0.016,-2.526,7.363,5.310,11.105,8.153,1.473,-1.876,-4.547,6.002,10.040,-4.024,6.104
76.4000,5,-1.419,1.068,-0.018,-2.525,7.363,5.311,11.107,8.152,1.473,-1.875,-4.547,6.002,10.041,-4.024,6.104
76.4100,5,-1.425,1.072,-0.020,-2.525,7.363,5.311,11.108,8.152,1.473,-1.874,-4.548,6.003,10.042,-4.024,6.105
76.4200,5,-1.432,1.077,-0.022,-2.524,7.363,5.312,11.109,8.152,1.472,-1.873,-4.548,6.004,10.043,-4.024,6.106
76.4300,5,-1.439,1.081,-0.023,-2.523,7.362,5.313,11.111,8.151,1.472,-1.872,-4.548,6.004,10.043,-4.024,6.106
76.4400,5,-1.445,1.086,-0.025,-2.523,7.362,5.313,11.112,8.151,1.472,-1.871,-4.548,6.005,10.044,-4.024,6.107
76.4500,5,-1.452,1.090,-0.027,-2.522,7.362,5.314,11.114,8.151,1.471,-1.870,-4.548,6.005,10.045,-4.024,6.108
76.4600,5,-1.458,1.095,-0.029,-2.521,7.362,5.315,11.115,8.150,1.471,-1.870,-4.549,6.006,10.046,-4.024,6.108
76.4700,5,-1.465,1.099,-0.030,-2.521,7.362,5.316,11.116,8.150,1.471,-1.869,-4.549,6.007,10.046,-4.025,6.109
76.4800,5,-1.471,1.103,-0.032,-2.520,7.362,5.316,11.118,8.150,1.470,-1.868,-4.549,6.007,10.047,-4.025,6.110
76.4900,5,-1.477,1.108,-0.034,-2.519,7.362,5.317,11.119,8.150,1.470,-1.867,-4.549,6.008,10.048,-4.025,6.110
76.5000,5,-1.484,1.112,-0.036,-2.519,7.362,5.318,11.121,8.149,1.470,-1.866,-4.549,6.009,10.049,-4.025,6.111
76.5100,5,-1.490,1.116,-0.037,-2.518,7.362,5.318,11.122,8.149,1.469,-1.865,-4.550,6.009,10.049,-4.025,6.112
76.5200,5,-1.496,1.120,-0.039,-2.517,7.362,5.319,11.123,8.149,1.469,-1.864,-4.550,6.010,10.050,-4.025,6.113
76.5300,5,-1.502,1.124,-0.041,-2.517,7.362,5.320,11.125,8.148,1.469,-1.864,-4.550,6.010,10.051,-4.025,6.113
76.5400,5,-1.508,1.128,-0.043,-2.516,7.362,5.321,11.126,8.148,1.468,-1.863,-4.550,6.011,10.052,-4.025,6.114
76.5500,5,-1.514,1.132,-0.044,-2.515,7.361,5.321,11.127,8.148,1.468,-1.862,-4.550,6.012,10.052,-4.025,6.115
76.5600,5,-1.520,1.136,-0.046,-2.515,7.361,5.322,11.129,8.148,1.468,-1.861,-4.551,6.012,10.053,-4.025,6.115
76.5700,5,-1.526,1.140,-0.048,-2.514,7.361,5.323,11.130,8.147,1.468,-1.860,-4.551,6.013,10.054,-4.026,6.116
76.5800,5,-1.532,1.144,-0.049,-2.514,7.361,5.323,11.131,8.147,1.467,-1.860,-4.551,6.014,10.055,-4.026,6.117
76.5900,5,-1.538,1.148,-0.051,-2.513,7.361,5.324,11.132,8.147,1.467,-1.859,-4.551,6.014,10.055,-4.026,6.118
76.6000,5,-1.544,1.152,-0.053,-2.512,7.361,5.325,11.134,8.147,1.467,-1.858,-4.551,6.015,10.056,-4.026,6.118
76.6100,5,-1.550,1.156,-0.055,-2.512,7.361,5.326,11.135,8.146,1.467,-1.857,-4.551,6.016,10.057,-4.026,6.119
76.6200,5,-1.555,1.160,-0.056,-2.511,7.361,5.326,11.136,8.146,1.466,-1.856,-4.552,6.016,10.058,-4.026,6.120
76.6300,5,-1.561,1.163,-0.058,-2.510,7.361,5.327,11.138,8.146,1.466,-1.855,-4.552,6.017,10.058,-4.026,6.120
76.6400,5,-1.567,1.167,-0.060,-2.510,7.361,5.328,11.139,8.146,1.466,-1.855,-4.552,6.018,10.059,-4.026,6.121
76.6500,5,-1.572,1.171,-0.061,-2.509,7.361,5.329,11.140,8.146,1.466,-1.854,-4.552,6.018,10.060,-4.026,6.122
76.6600,5,-1.578,1.174,-0.063,-2.509,7.361,5.329,11.141,8.145,1.466,-1.853,-4.552,6.019,10.060,-4.026,6.123
76.6700,5,-1.583,1.178,-0.065,-2.508,7.361,5.330,11.143,8.145,1.465,-1.852,-4.552,6.020,10.061,-4.026,6.123
76.6800,5,-1.588,1.181,-0.066,-2.507,7.361,5.331,11.144,8.145,1.465,-1.852,-4.552,6.020,10.062,-4.026,6.124
76.6900,5,-1.594,1.185,-0.068,-2.507,7.361,5.332,11.145,8.145,1.465,-1.851,-4.553,6.021,10.062,-4.026,6.125
76.7000,5,-1.599,1.188,-0.070,-2.506,7.361,5.333,11.146,8.145,1.465,-1.850,-4.553,6.022,10.063,-4.026,6.126
76.7100,5,-1.604,1.192,-0.071,-2.505,7.361,5.333,11.148,8.144,1.465,-1.849,-4.553,6.022,10.064,-4.026,6.127
76.7200,5,-1.609,1.195,-0.073,-2.505,7.361,5.334,11.149,8.144,1.464,-1.849,-4.553,6.023,10.064,-4.027,6.127
76.7300,5,-1.614,1.199,-0.075,-2.504,7.361,5.335,11.150,8.144,1.464,-1.848,-4.553,6.024,10.065,-4.027,6.128
76.7400,5,-1.619,1.202,-0.076,-2.504,7.360,5.336,11.151,8.144,1.464,-1.847,-4.553,6.024,10.066,-4.027,6.129
76.7500,5,-1.624,1.205,-0.078,-2.503,7.360,5.336,11.152,8.144,1.464,-1.846,-4.553,6.025,10.066,-4.027,6.130
76.7600,5,-1.629,1.208,-0.080,-2.502,7.360,5.337,11.154,8.144,1.464,-1.846,-4.553,6.026,10.067,-4.027,6.130
76.7700,5,-1.634,1.212,-0.081,-2.502,7.360,5.338,11.155,8.144,1.464,-1.845,-4.554,6.026,10.068,-4.027,6.131
76.7800,5,-1.639,1.215,-0.083,-2.501,7.360,5.339,11.156,8.143,1.464,-1.844,-4.554,6.027,10.068,-4.027,6.132
76.7900,5,-1.643,1.218,-0.085,-2.501,7.360,5.340,11.157,8.143,1.464,-1.843,-4.554,6.028,10.069,-4.027,6.133
76.8000,5,-1.648,1.221,-0.086,-2.500,7.360,5.340,11.158,8.143,1.463,-1.843,-4.554,6.028,10.070,-4.027,6.133
76.8100,5,-1.653,1.224,-0.088,-2.500,7.360,5.341,11.159,8.143,1.463,-1.842,-4.554,6.029,10.070,-4.027,6.134
76.8200,5,-1.657,1.227,-0.090,-2.499,7.360,5.342,11.161,8.143,1.463,-1.841,-4.554,6.030,10.071,-4.027,6.135
76.8300,5,-1.662,1.230,-0.091,-2.498,7.360,5.343,11.162,8.143,1.463,-1.841,-4.554,6.030,10.072,-4.027,6.136
76.8400,5,-1.666,1.233,-0.093,-2.498,7.360,5.344,11.163,8.143,1.463,-1.840,-4.554,6.031,10.072,-4.027,6.137
76.8500,5,-1.670,1.236,-0.095,-2.497,7.360,5.345,11.164,8.143,1.463,-1.839,-4.554,6.032,10.073,-4.027,6.137
76.8600,5,-1.675,1.239,-0.096,-2.497,7.360,5.345,11.165,8.142,1.463,-1.839,-4.554,6.032,10.074,-4.027,6.138
76.8700,5,-1.679,1.241,-0.098,-2.496,7.360,5.346,11.166,8.142,1.463,-1.838,-4.554,6.033,10.074,-4.027,6.139
76.8800,5,-1.683,1.244,-0.099,-2.496,7.360,5.347,11.167,8.142,1.463,-1.837,-4.555,6.034,10.075,-4.027,6.140
76.8900,5,-1.687,1.247,-0.101,-2.495,7.360,5.348,11.168,8.142,1.463,-1.836,-4.555,6.035,10.075,-4.027,6.141
76.9000,5,-1.691,1.250,-0.103,-2.495,7.360,5.349,11.169,8.142,1.463,-1.836,-4.555,6.035,10.076,-4.027,6.141
76.9100,5,-1.695,1.252,-0.104,-2.494,7.360,5.349,11.170,8.142,1.463,-1.835,-4.555,6.036,10.077,-4.027,6.142
76.9200,5,-1.699,1.255,-0.106,-2.493,7.360,5.350,11.171,8.142,1.463,-1.834,-4.555,6.037,10.077,-4.027,6.143
76.9300,5,-1.703,1.257,-0.107,-2.493,7.360,5.351,11.173,8.142,1.463,-1.834,-4.555,6.037,10.078,-4.027,6.144
76.9400,5,-1.706,1.260,-0.109,-2.492,7.360,5.352,11.174,8.142,1.463,-1.833,-4.555,6.038,10.078,-4.027,6.145
76.9500,5,-1.710,1.262,-0.111,-2.492,7.360,5.353,11.175,8.142,1.463,-1.833,-4.555,6.039,10.079,-4.027,6.145
76.9600,5,-1.714,1.265,-0.112,-2.491,7.360,5.354,11.176,8.142,1.463,-1.832,-4.555,6.039,10.080,-4.027,6.146
76.9700,5,-1.717,1.267,-0.114,-2.491,7.360,5.354,11.177,8.142,1.463,-1.831,-4.555,6.040,10.080,-4.027,6.147
76.9800,5,-1.721,1.270,-0.115,-2.490,7.360,5.355,11.178,8.142,1.463,-1.831,-4.555,6.041,10.081,-4.027,6.148
76.9900,5,-1.724,1.272,-0.117,-2.490,7.360,5.356,11.179,8.142,1.463,-1.830,-4.555,6.042,10.081,-4.027,6.149
77.0000,5,-1.728,1.274,-0.118,-2.489,7.360,5.357,11.180,8.142,1.463,-1.829,-4.555,6.042,10.082,-4.027,6.149
77.0100,5,-1.731,1.277,-0.120,-2.489,7.360,5.358,11.181,8.142,1.463,-1.829,-4.555,6.043,10.083,-4.027,6.150
77.0200,5,-1.734,1.279,-0.121,-2.488,7.360,5.359,11.182,8.142,1.463,-1.828,-4.555,6.044,10.083,-4.027,6.151
77.0300,5,-1.737,1.281,-0.123,-2.488,7.361,5.360,11.183,8.142,1.463,-1.828,-4.555,6.044,10.084,-4.027,6.152
77.0400,5,-1.740,1.283,-0.124,-2.487,7.361,5.360,11.184,8.142,1.463,-1.827,-4.555,6.045,10.084,-4.027,6.153
77.0500,5,-1.743,1.285,-0.126,-2.487,7.361,5.361,11.185,8.142,1.463,-1.826,-4.555,6.046,10.085,-4.026,6.153
77.0600,5,-1.746,1.287,-0.127,-2.486,7.361,5.362,11.185,8.142,1.463,-1.826,-4.555,6.047,10.085,-4.026,6.154
77.0700,5,-1.749,1.289,-0.129,-2.486,7.361,5.363,11.186,8.142,1.463,-1.825,-4.555,6.047,10.086,-4.026,6.155
77.0800,5,-1.752,1.291,-0.130,-2.485,7.361,5.364,11.187,8.142,1.463,-1.825,-4.555,6.048,10.086,-4.026,6.156
77.0900,5,-1.755,1.293,-0.132,-2.485,7.361,5.365,11.188,8.142,1.463,-1.824,-4.555,6.049,10.087,-4.026,6.157
77.1000,5,-1.757,1.295,-0.133,-2.484,7.361,5.366,11.189,8.142,1.464,-1.824,-4.555,6.049,10.087,-4.026,6.158
77.1100,5,-1.760,1.297,-0.135,-2.484,7.361,5.366,11.190,8.142,1.464,-1.823,-4.555,6.050,10.088,-4.026,6.158
77.1200,5,-1.762,1.299,-0.136,-2.483,7.361,5.367,11.191,8.142,1.464,-1.822,-4.555,6.051,10.088,-4.026,6.159
77.1300,5,-1.765,1.301,-0.138,-2.483,7.361,5.368,11.192,8.142,1.464,-1.822,-4.555,6.052,10.089,-4.026,6.160
77.1400,5,-1.767,1.302,-0.139,-2.482,7.361,5.369,11.193,8.142,1.464,-1.821,-4.555,6.052,10.090,-4.026,6.161
77.1500,5,-1.770,1.304,-0.141,-2.482,7.361,5.370,11.194,8.142,1.464,-1.821,-4.555,6.053,10.090,-4.026,6.162
77.1600,5,-1.772,1.306,-0.142,-2.482,7.361,5.371,11.195,8.142,1.464,-1.820,-4.555,6.054,10.091,-4.026,6.163
77.1700,5,-1.774,1.307,-0.144,-2.481,7.361,5.372,11.195,8.142,1.465,-1.820,-4.555,6.054,10.091,-4.026,6.163
77.1800,5,-1.776,1.309,-0.145,-2.481,7.361,5.372,11.196,8.142,1.465,-1.819,-4.555,6.055,10.092,-4.026,6.164
77.1900,5,-1.778,1.310,-0.146,-2.480,7.361,5.373,11.197,8.142,1.465,-1.819,-4.555,6.056,10.092,-4.025,6.165
77.2000,5,-1.780,1.312,-0.148,-2.480,7.361,5.374,11.198,8.142,1.465,-1.818,-4.555,6.056,10.092,-4.025,6.166
77.2100,5,-1.782,1.313,-0.149,-2.479,7.362,5.375,11.199,8.142,1.465,-1.818,-4.555,6.057,10.093,-4.025,6.167
77.2200,5,-1.784,1.315,-0.151,-2.479,7.362,5.376,11.200,8.143,1.465,-1.817,-4.555,6.058,10.093,-4.025,6.167
77.2300,5,-1.786,1.316,-0.152,-2.478,7.362,5.377,11.200,8.143,1.466,-1.817,-4.555,6.059,10.094,-4.025,6.168
77.2400,5,-1.787,1.318,-0.153,-2.478,7.362,5.378,11.201,8.143,1.466,-1.816,-4.555,6.059,10.094,-4.025,6.169
77.2500,5,-1.789,1.319,-0.155,-2.478,7.362,5.379,11.202,8.143,1.466,-1.816,-4.555,6.060,10.095,-4.025,6.170
77.2600,5,-1.791,1.320,-0.156,-2.477,7.362,5.379,11.203,8.143,1.466,-1.815,-4.554,6.061,10.095,-4.025,6.171
77.2700,5,-1.792,1.321,-0.158,-2.477,7.362,5.380,11.203,8.143,1.467,-1.815,-4.554,6.061,10.096,-4.025,6.172
77.2800,5,-1.793,1.323,-0.159,-2.476,7.362,5.381,11.204,8.143,1.467,-1.814,-4.554,6.062,10.096,-4.025,6.172
77.2900,5,-1.795,1.324,-0.160,-2.476,7.362,5.382,11.205,8.143,1.467,-1.814,-4.554,6.063,10.097,-4.024,6.173
77.3000,5,-1.796,1.325,-0.162,-2.476,7.362,5.383,11.206,8.144,1.467,-1.813,-4.554,6.064,10.097,-4.024,6.174
77.3100,5,-1.797,1.326,-0.163,-2.475,7.362,5.384,11.206,8.144,1.468,-1.813,-4.554,6.064,10.098,-4.024,6.175
77.3200,5,-1.798,1.327,-0.164,-2.475,7.363,5.385,11.207,8.144,1.468,-1.813,-4.554,6.065,10.098,-4.024,6.176
77.3300,5,-1.799,1.328,-0.166,-2.474,7.363,5.385,11.208,8.144,1.468,-1.812,-4.554,6.066,10.098,-4.024,6.177
77.3400,5,-1.800,1.329,-0.167,-2.474,7.363,5.386,11.209,8.144,1.468,-1.812,-4.554,6.066,10.099,-4.024,6.177
77.3500,5,-1.801,1.330,-0.168,-2.474,7.363,5.387,11.209,8.144,1.469,-1.811,-4.554,6.067,10.099,-4.024,6.178
77.3600,5,-1.802,1.331,-0.169,-2.473,7.363,5.388,11.210,8.145,1.469,-1.811,-4.554,6.068,10.100,-4.023,6.179
77.3700,5,-1.803,1.332,-0.171,-2.473,7.363,5.389,11.211,8.145,1.469,-1.810,-4.553,6.069,10.100,-4.023,6.180
77.3800,5,-1.804,1.332,-0.172,-2.472,7.363,5.390,11.211,8.145,1.470,-1.810,-4.553,6.069,10.100,-4.023,6.181
77.3900,5,-1.804,1.333,-0.173,-2.472,7.363,5.391,11.212,8.145,1.470,-1.810,-4.553,6.070,10.101,-4.023,6.182
77.4000,5,-1.805,1.334,-0.175,-2.472,7.363,5.392,11.213,8.145,1.470,-1.809,-4.553,6.071,10.101,-4.023,6.182
77.4100,5,-1.805,1.335,-0.176,-2.471,7.364,5.393,11.213,8.146,1.471,-1.809,-4.553,6.071,10.102,-4.023,6.183
77.4200,5,-1.806,1.335,-0.177,-2.471,7.364,5.393,11.214,8.146,1.471,-1.808,-4.553,6.072,10.102,-4.023,6.184
77.4300,5,-1.806,1.336,-0.178,-2.471,7.364,5.394,11.215,8.146,1.471,-1.808,-4.553,6.073,10.102,-4.022,6.185
77.4400,5,-1.807,1.337,-0.180,-2.470,7.364,5.395,11.215,8.146,1.472,-1.808,-4.553,6.073,10.103,-4.022,6.186
77.4500,5,-1.807,1.337,-0.181,-2.470,7.364,5.396,11.216,8.147,1.472,-1.807,-4.552,6.074,10.103,-4.022,6.187
77.4600,5,-1.807,1.338,-0.182,-2.469,7.364,5.397,11.217,8.147,1.472,-1.807,-4.552,6.075,10.104,-4.022,6.187
77.4700,5,-1.807,1.338,-0.183,-2.469,7.364,5.398,11.217,8.147,1.473,-1.807,-4.552,6.076,10.104,-4.022,6.188
77.4800,5,-1.807,1.338,-0.184,-2.469,7.365,5.399,11.218,8.147,1.473,-1.806,-4.552,6.076,10.104,-4.022,6.189
77.4900,5,-1.807,1.339,-0.185,-2.468,7.365,5.400,11.218,8.148,1.474,-1.806,-4.552,6.077,10.105,-4.021,6.190
77.5000,5,-1.807,1.339,-0.187,-2.468,7.365,5.400,11.219,8.148,1.474,-1.806,-4.552,6.078,10.105,-4.021,6.191
77.5100,5,-1.807,1.340,-0.188,-2.468,7.365,5.401,11.219,8.148,1.475,-1.805,-4.551,6.078,10.105,-4.021,6.192
77.5200,5,-1.807,1.340,-0.189,-2.467,7.365,5.402,11.220,8.148,1.475,-1.805,-4.551,6.079,10.106,-4.021,6.192
77.5300,5,-1.806,1.340,-0.190,-2.467,7.365,5.403,11.221,8.149,1.475,-1.805,-4.551,6.080,10.106,-4.021,6.193
77.5400,5,-1.806,1.340,-0.191,-2.467,7.366,5.404,11.221,8.149,1.476,-1.804,-4.551,6.080,10.106,-4.020,6.194
77.5500,5,-1.805,1.340,-0.192,-2.466,7.366,5.405,11.222,8.149,1.476,-1.804,-4.551,6.081,10.107,-4.020,6.195
77.5600,5,-1.805,1.341,-0.193,-2.466,7.366,5.406,11.222,8.150,1.477,-1.804,-4.551,6.082,10.107,-4.020,6.196
77.5700,5,-1.804,1.341,-0.195,-2.466,7.366,5.407,11.223,8.150,1.477,-1.803,-4.550,6.082,10.107,-4.020,6.196
77.5800,5,-1.804,1.341,-0.196,-2.465,7.366,5.407,11.223,8.150,1.478,-1.803,-4.550,6.083,10.108,-4.020,6.197
77.5900,5,-1.803,1.341,-0.197,-2.465,7.366,5.408,11.224,8.151,1.478,-1.803,-4.550,6.084,10.108,-4.019,6.198
77.6000,5,-1.802,1.341,-0.198,-2.465,7.367,5.409,11.224,8.151,1.479,-1.802,-4.550,6.084,10.108,-4.019,6.199
77.6100,5,-1.801,1.341,-0.199,-2.465,7.367,5.410,11.225,8.151,1.479,-1.802,-4.550,6.085,10.109,-4.019,6.200
77.6200,5,-1.800,1.341,-0.200,-2.464,7.367,5.411,11.225,8.152,1.480,-1.802,-4.549,6.086,10.109,-4.019,6.200
77.6300,5,-1.799,1.341,-0.201,-2.464,7.367,5.412,11.226,8.152,1.480,-1.802,-4.549,6.087,10.109,-4.018,6.201
77.6400,5,-1.798,1.340,-0.202,-2.464,7.367,5.413,11.226,8.152,1.481,-1.801,-4.549,6.087,10.109,-4.018,6.202
77.6500,5,-1.797,1.340,-0.203,-2.463,7.367,5.413,11.227,8.153,1.481,-1.801,-4.549,6.088,10.110,-4.018,6.203
77.6600,5,-1.796,1.340,-0.204,-2.463,7.368,5.414,11.227,8.153,1.482,-1.801,-4.548,6.089,10.110,-4.018,6.204
77.6700,5,-1.795,1.340,-0.205,-2.463,7.368,5.415,11.227,8.153,1.482,-1.801,-4.548,6.089,10.110,-4.017,6.205
77.6800,5,-1.794,1.339,-0.206,-2.463,7.368,5.416,11.228,8.154,1.483,-1.800,-4.548,6.090,10.111,-4.017,6.205
77.6900,5,-1.792,1.339,-0.207,-2.462,7.368,5.417,11.228,8.154,1.483,-1.800,-4.548,6.091,10.111,-4.017,6.206
77.7000,5,-1.791,1.339,-0.208,-2.462,7.368,5.418,11.229,8.154,1.484,-1.800,-4.547,6.091,10.111,-4.017,6.207
77.7100,5,-1.789,1.338,-0.209,-2.462,7.369,5.419,11.229,8.155,1.485,-1.800,-4.547,6.092,10.111,-4.016,6.208
77.7200,5,-1.788,1.338,-0.210,-2.462,7.369,5.419,11.230,8.155,1.485,-1.799,-4.547,6.093,10.112,-4.016,6.209
77.7300,5,-1.786,1.337,-0.211,-2.461,7.369,5.420,11.230,8.156,1.486,-1.799,-4.547,6.093,10.112,-4.016,6.209
77.7400,5,-1.785,1.337,-0.212,-2.461,7.369,5.421,11.230,8.156,1.486,-1.799,-4.546,6.094,10.112,-4.016,6.210
77.7500,5,-1.783,1.336,-0.213,-2.461,7.370,5.422,11.231,8.156,1.487,-1.799,-4.546,6.094,10.112,-4.015,6.211
77.7600,5,-1.781,1.336,-0.214,-2.461,7.370,5.423,11.231,8.157,1.487,-1.799,-4.546,6.095,10.113,-4.015,6.212
77.7700,5,-1.779,1.335,-0.215,-2.460,7.370,5.424,11.231,8.157,1.488,-1.798,-4.546,6.096,10.113,-4.015,6.212
77.7800,5,-1.777,1.335,-0.215,-2.460,7.370,5.425,11.232,8.158,1.489,-1.798,-4.545,6.096,10.113,-4.015,6.213
77.7900,5,-1.775,1.334,-0.216,-2.460,7.370,5.425,11.232,8.158,1.489,-1.798,-4.545,6.097,10.113,-4.014,6.214
77.8000,5,-1.773,1.333,-0.217,-2.460,7.371,5.426,11.232,8.159,1.490,-1.798,-4.545,6.098,10.113,-4.014,6.215
77.8100,5,-1.771,1.332,-0.218,-2.459,7.371,5.427,11.233,8.159,1.491,-1.798,-4.544,6.098,10.114,-4.014,6.216
77.8200,5,-1.769,1.332,-0.219,-2.459,7.371,5.428,11.233,8.160,1.491,-1.797,-4.544,6.099,10.114,-4.013,6.216
77.8300,5,-1.767,1.331,-0.220,-2.459,7.371,5.429,11.233,8.160,1.492,-1.797,-4.544,6.100,10.114,-4.013,6.217
77.8400,5,-1.765,1.330,-0.221,-2.459,7.372,5.430,11.234,8.160,1.493,-1.797,-4.544,6.100,10.114,-4.013,6.218
77.8500,5,-1.763,1.329,-0.221,-2.458,7.372,5.430,11.234,8.161,1.493,-1.797,-4.543,6.101,10.114,-4.013,6.219
77.8600,5,-1.760,1.328,-0.222,-2.458,7.372,5.431,11.234,8.161,1.494,-1.797,-4.543,6.102,10.115,-4.012,6.219
77.8700,5,-1.758,1.327,-0.223,-2.458,7.372,5.432,11.235,8.162,1.495,-1.797,-4.543,6.102,10.115,-4.012,6.220
77.8800,5,-1.755,1.326,-0.224,-2.458,7.373,5.433,11.235,8.162,1.495,-1.796,-4.542,6.103,10.115,-4.012,6.221
77.8900,5,-1.753,1.325,-0.225,-2.458,7.373,5.434,11.235,8.163,1.496,-1.796,-4.542,6.103,10.115,-4.011,6.222
77.9000,5,-1.750,1.324,-0.225,-2.457,7.373,5.435,11.235,8.163,1.497,-1.796,-4.542,6.104,10.115,-4.011,6.223
77.9100,5,-1.748,1.323,-0.226,-2.457,7.373,5.435,11.236,8.164,1.498,-1.796,-4.541,6.105,10.116,-4.011,6.223
77.9200,5,-1.745,1.322,-0.227,-2.457,7.374,5.436,11.236,8.164,1.498,-1.796,-4.541,6.105,10.116,-4.010,6.224
77.9300,5,-1.742,1.321,-0.228,-2.457,7.374,5.437,11.236,8.165,1.499,-1.796,-4.541,6.106,10.116,-4.010,6.225
77.9400,5,-1.739,1.320,-0.228,-2.457,7.374,5.438,11.236,8.165,1.500,-1.796,-4.540,6.106,10.116,-4.010,6.226
77.9500,5,-1.737,1.319,-0.229,-2.456,7.374,5.439,11.236,8.166,1.501,-1.796,-4.540,6.107,10.116,-4.009,6.226
77.9600,5,-1.734,1.317,-0.230,-2.456,7.375,5.439,11.237,8.167,1.501,-1.796,-4.540,6.108,10.116,-4.009,6.227
77.9700,5,-1.731,1.316,-0.230,-2.456,7.375,5.440,11.237,8.167,1.502,-1.795,-4.539,6.108,10.117,-4.009,6.228
77.9800,5,-1.728,1.315,-0.231,-2.456,7.375,5.441,11.237,8.168,1.503,-1.795,-4.539,6.109,10.117,-4.008,6.229
77.9900,5,-1.725,1.314,-0.232,-2.456,7.375,5.442,11.237,8.168,1.504,-1.795,-4.539,6.109,10.117,-4.008,6.229
78.0000,5,-1.722,1.312,-0.232,-2.456,7.376,5.443,11.237,8.169,1.504,-1.795,-4.538,6.110,10.117,-4.008,6.230
78.0100,5,-1.719,1.311,-0.233,-2.455,7.376,5.443,11.238,8.169,1.505,-1.795,-4.538,6.111,10.117,-4.007,6.231
78.0200,5,-1.715,1.309,-0.234,-2.455,7.376,5.444,11.238,8.170,1.506,-1.795,-4.538,6.111,10.117,-4.007,6.231
78.0300,5,-1.712,1.308,-0.234,-2.455,7.377,5.445,11.238,8.170,1.507,-1.795,-4.537,6.112,10.117,-4.007,6.232
78.0400,5,-1.709,1.307,-0.235,-2.455,7.377,5.446,11.238,8.171,1.508,-1.795,-4.537,6.112,10.117,-4.006,6.233
78.0500,5,-1.706,1.305,-0.235,-2.455,7.377,5.447,11.238,8.172,1.508,-1.795,-4.536,6.113,10.118,-4.006,6.234
78.0600,5,-1.702,1.304,-0.236,-2.455,7.377,5.447,11.238,8.172,1.509,-1.795,-4.536,6.114,10.118,-4.006,6.234
78.0700,5,-1.699,1.302,-0.237,-2.455,7.378,5.448,11.238,8.173,1.510,-1.795,-4.536,6.114,10.118,-4.005,6.235
78.0800,5,-1.695,1.300,-0.237,-2.454,7.378,5.449,11.239,8.173,1.511,-1.795,-4.535,6.115,10.118,-4.005,6.236
78.0900,5,-1.692,1.299,-0.238,-2.454,7.378,5.450,11.239,8.174,1.512,-1.795,-4.535,6.115,10.118,-4.004,6.237
78.1000,5,-1.688,1.297,-0.238,-2.454,7.379,5.451,11.239,8.175,1.513,-1.795,-4.535,6.116,10.118,-4.004,6.237
78.1100,5,-1.685,1.295,-0.239,-2.454,7.379,5.451,11.239,8.175,1.514,-1.795,-4.534,6.116,10.118,-4.004,6.238
78.1200,5,-1.681,1.294,-0.239,-2.454,7.379,5.452,11.239,8.176,1.515,-1.795,-4.534,6.117,10.118,-4.003,6.239
78.1300,5,-1.678,1.292,-0.240,-2.454,7.380,5.453,11.239,8.176,1.515,-1.795,-4.533,6.118,10.118,-4.003,6.239
78.1400,5,-1.674,1.290,-0.240,-2.454,7.380,5.454,11.239,8.177,1.516,-1.795,-4.533,6.118,10.118,-4.003,6.240
78.1500,5,-1.670,1.289,-0.241,-2.454,7.380,5.454,11.239,8.178,1.517,-1.795,-4.533,6.119,10.119,-4.002,6.241
78.1600,5,-1.666,1.287,-0.241,-2.453,7.380,5.455,11.239,8.178,1.518,-1.795,-4.532,6.119,10.119,-4.002,6.241
78.1700,5,-1.663,1.285,-0.242,-2.453,7.381,5.456,11.239,8.179,1.519,-1.795,-4.532,6.120,10.119,-4.001,6.242
78.1800,5,-1.659,1.283,-0.242,-2.453,7.381,5.457,11.239,8.180,1.520,-1.795,-4.531,6.120,10.119,-4.001,6.243
78.1900,5,-1.655,1.281,-0.243,-2.453,7.381,5.457,11.239,8.180,1.521,-1.795,-4.531,6.121,10.119,-4.001,6.243
78.2000,5,-1.651,1.279,-0.243,-2.453,7.382,5.458,11.239,8.181,1.522,-1.795,-4.530,6.121,10.119,-4.000,6.244
78.2100,5,-1.647,1.277,-0.243,-2.453,7.382,5.459,11.240,8.182,1.523,-1.795,-4.530,6.122,10.119,-4.000,6.245
78.2200,5,-1.643,1.275,-0.244,-2.453,7.382,5.460,11.240,8.182,1.524,-1.795,-4.530,6.122,10.119,-3.999,6.245
78.2300,5,-1.639,1.273,-0.244,-2.453,7.383,5.460,11.240,8.183,1.525,-1.795,-4.529,6.123,10.119,-3.999,6.246
78.2400,5,-1.635,1.271,-0.245,-2.453,7.383,5.461,11.240,8.184,1.526,-1.795,-4.529,6.123,10.119,-3.999,6.247
78.2500,5,-1.631,1.269,-0.245,-2.452,7.383,5.462,11.240,8.184,1.527,-1.795,-4.528,6.124,10.119,-3.998,6.247
78.2600,5,-1.627,1.267,-0.245,-2.452,7.384,5.462,11.240,8.185,1.528,-1.795,-4.528,6.124,10.119,-3.998,6.248
78.2700,5,-1.622,1.265,-0.246,-2.452,7.384,5.463,11.240,8.186,1.529,-1.795,-4.527,6.125,10.119,-3.997,6.249
78.2800,5,-1.618,1.263,-0.246,-2.452,7.384,5.464,11.240,8.186,1.530,-1.795,-4.527,6.125,10.119,-3.997,6.249
78.2900,5,-1.614,1.261,-0.246,-2.452,7.385,5.465,11.240,8.187,1.531,-1.795,-4.526,6.126,10.119,-3.996,6.250
78.3000,5,-1.610,1.259,-0.246,-2.452,7.385,5.465,11.239,8.188,1.532,-1.795,-4.526,6.126,10.119,-3.996,6.251
78.3100,5,-1.605,1.257,-0.247,-2.452,7.385,5.466,11.239,8.188,1.533,-1.795,-4.525,6.127,10.119,-3.996,6.251
78.3200,5,-1.601,1.254,-0.247,-2.452,7.386,5.467,11.239,8.189,1.534,-1.795,-4.525,6.127,10.119,-3.995,6.252
78.3300,5,-1.597,1.252,-0.247,-2.452,7.386,5.467,11.239,8.190,1.535,-1.795,-4.525,6.128,10.119,-3.995,6.253
78.3400,5,-1.592,1.250,-0.248,-2.452,7.386,5.468,11.239,8.191,1.536,-1.795,-4.524,6.128,10.119,-3.994,6.253
78.3500,5,-1.588,1.248,-0.248,-2.452,7.387,5.469,11.239,8.191,1.537,-1.795,-4.524,6.129,10.119,-3.994,6.254
78.3600,5,-1.583,1.245,-0.248,-2.452,7.387,5.470,11.239,8.192,1.538,-1.795,-4.523,6.129,10.119,-3.993,6.254
78.3700,5,-1.579,1.243,-0.248,-2.452,7.388,5.470,11.239,8.193,1.539,-1.796,-4.523,6.130,10.119,-3.993,6.255
78.3800,5,-1.575,1.241,-0.248,-2.452,7.388,5.471,11.239,8.194,1.540,-1.796,-4.522,6.130,10.119,-3.993,6.256
78.3900,5,-1.570,1.238,-0.249,-2.452,7.388,5.472,11.239,8.194,1.541,-1.796,-4.522,6.131,10.119,-3.992,6.256
78.4000,5,-1.565,1.236,-0.249,-2.451,7.389,5.472,11.239,8.195,1.542,-1.796,-4.521,6.131,10.119,-3.992,6.257
78.4100,5,-1.561,1.233,-0.249,-2.451,7.389,5.473,11.239,8.196,1.543,-1.796,-4.521,6.132,10.119,-3.991,6.257
78.4200,5,-1.556,1.231,-0.249,-2.451,7.389,5.474,11.239,8.197,1.544,-1.796,-4.520,6.132,10.119,-3.991,6.258
78.4300,5,-1.552,1.228,-0.249,-2.451,7.390,5.474,11.239,8.197,1.545,-1.796,-4.520,6.133,10.119,-3.990,6.259
78.4400,5,-1.547,1.226,-0.249,-2.451,7.390,5.475,11.238,8.198,1.547,-1.796,-4.519,6.133,10.119,-3.990,6.259
78.4500,5,-1.542,1.223,-0.250,-2.451,7.390,5.476,11.238,8.199,1.548,-1.796,-4.519,6.133,10.119,-3.989,6.260
78.4600,5,-1.538,1.221,-0.250,-2.451,7.391,5.476,11.238,8.200,1.549,-1.797,-4.518,6.134,10.119,-3.989,6.260
78.4700,5,-1.533,1.218,-0.250,-2.451,7.391,5.477,11.238,8.200,1.550,-1.797,-4.518,6.134,10.119,-3.988,6.261
78.4800,5,-1.528,1.216,-0.250,-2.451,7.392,5.477,11.238,8.201,1.551,-1.797,-4.517,6.135,10.119,-3.988,6.262
78.4900,5,-1.524,1.213,-0.250,-2.451,7.392,5.478,11.238,8.202,1.552,-1.797,-4.517,6.135,10.119,-3.987,6.262
78.5000,5,-1.519,1.211,-0.250,-2.451,7.392,5.479,11.238,8.203,1.553,-1.797,-4.516,6.136,10.119,-3.987,6.263
78.5100,5,-1.514,1.208,-0.250,-2.451,7.393,5.479,11.237,8.204,1.555,-1.797,-4.516,6.136,10.119,-3.986,6.263
78.5200,5,-1.509,1.205,-0.250,-2.451,7.393,5.480,11.237,8.204,1.556,-1.797,-4.515,6.136,10.119,-3.986,6.264
78.5300,5,-1.505,1.203,-0.250,-2.451,7.394,5.481,11.237,8.205,1.557,-1.797,-4.514,6.137,10.119,-3.986,6.264
78.5400,5,-1.500,1.200,-0.250,-2.451,7.394,5.481,11.237,8.206,1.558,-1.798,-4.514,6.137,10.119,-3.985,6.265
78.5500,5,-1.495,1.197,-0.250,-2.451,7.394,5.482,11.237,8.207,1.559,-1.798,-4.513,6.138,10.119,-3.985,6.265
78.5600,5,-1.490,1.195,-0.250,-2.451,7.395,5.482,11.237,8.208,1.561,-1.798,-4.513,6.138,10.119,-3.984,6.266
78.5700,5,-1.485,1.192,-0.250,-2.451,7.395,5.483,11.236,8.209,1.562,-1.798,-4.512,6.138,10.119,-3.984,6.266
78.5800,5,-1.481,1.189,-0.250,-2.451,7.396,5.484,11.236,8.209,1.563,-1.798,-4.512,6.139,10.119,-3.983,6.267
78.5900,5,-1.476,1.186,-0.250,-2.451,7.396,5.484,11.236,8.210,1.564,-1.798,-4.511,6.139,10.119,-3.983,6.267
78.6000,5,-1.471,1.183,-0.250,-2.451,7.396,5.485,11.236,8.211,1.565,-1.799,-4.511,6.140,10.119,-3.982,6.268
78.6100,5,-1.466,1.181,-0.250,-2.451,7.397,5.485,11.236,8.212,1.567,-1.799,-4.510,6.140,10.118,-3.982,6.269
78.6200,5,-1.461,1.178,-0.250,-2.451,7.397,5.486,11.235,8.213,1.568,-1.799,-4.510,6.140,10.118,-3.981,6.269
78.6300,5,-1.456,1.175,-0.250,-2.451,7.398,5.486,11.235,8.214,1.569,-1.799,-4.509,6.141,10.118,-3.981,6.270
78.6400,5,-1.451,1.172,-0.249,-2.451,7.398,5.487,11.235,8.214,1.570,-1.799,-4.508,6.141,10.118,-3.980,6.270
78.6500,5,-1.446,1.169,-0.249,-2.451,7.398,5.488,11.235,8.215,1.572,-1.800,-4.508,6.141,10.118,-3.980,6.271
78.6600,5,-1.442,1.166,-0.249,-2.451,7.399,5.488,11.234,8.216,1.573,-1.800,-4.507,6.142,10.118,-3.979,6.271
78.6700,5,-1.437,1.163,-0.249,-2.451,7.399,5.489,11.234,8.217,1.574,-1.800,-4.507,6.142,10.118,-3.978,6.271
78.6800,5,-1.432,1.160,-0.249,-2.451,7.400,5.489,11.234,8.218,1.575,-1.800,-4.506,6.142,10.118,-3.978,6.272
78.6900,5,-1.427,1.157,-0.249,-2.451,7.400,5.490,11.234,8.219,1.577,-1.800,-4.506,6.143,10.118,-3.977,6.272
78.7000,5,-1.422,1.154,-0.248,-2.451,7.400,5.490,11.233,8.220,1.578,-1.801,-4.505,6.143,10.118,-3.977,6.273
78.7100,5,-1.417,1.151,-0.248,-2.451,7.401,5.491,11.233,8.221,1.579,-1.801,-4.504,6.143,10.118,-3.976,6.273
78.7200,5,-1.412,1.148,-0.248,-2.451,7.401,5.491,11.233,8.221,1.581,-1.801,-4.504,6.144,10.117,-3.976,6.274
78.7300,5,-1.407,1.145,-0.248,-2.451,7.402,5.492,11.233,8.222,1.582,-1.801,-4.503,6.144,10.117,-3.975,6.274
78.7400,5,-1.402,1.142,-0.248,-2.451,7.402,5.492,11.232,8.223,1.583,-1.801,-4.503,6.144,10.117,-3.975,6.275
78.7500,5,-1.397,1.139,-0.247,-2.451,7.403,5.493,11.232,8.224,1.585,-1.802,-4.502,6.145,10.117,-3.974,6.275
78.7600,5,-1.392,1.136,-0.247,-2.451,7.403,5.493,11.232,8.225,1.586,-1.802,-4.502,6.145,10.117,-3.974,6.276
78.7700,5,-1.387,1.133,-0.247,-2.451,7.403,5.494,11.232,8.226,1.587,-1.802,-4.501,6.145,10.117,-3.973,6.276
78.7800,5,-1.382,1.130,-0.246,-2.451,7.404,5.494,11.231,8.227,1.589,-1.802,-4.500,6.146,10.117,-3.973,6.276
78.7900,5,-1.377,1.127,-0.246,-2.452,7.404,5.495,11.231,8.228,1.590,-1.803,-4.500,6.146,10.117,-3.972,6.277
78.8000,5,-1.373,1.124,-0.246,-2.452,7.405,5.495,11.231,8.229,1.591,-1.803,-4.499,6.146,10.117,-3.972,6.277
78.8100,5,-1.368,1.121,-0.246,-2.452,7.405,5.496,11.230,8.230,1.593,-1.803,-4.499,6.146,10.116,-3.971,6.278
78.8200,5,-1.363,1.118,-0.245,-2.452,7.406,5.496,11.230,8.230,1.594,-1.803,-4.498,6.147,10.116,-3.970,6.278
78.8300,5,-1.358,1.114,-0.245,-2.452,7.406,5.497,11.230,8.231,1.595,-1.804,-4.497,6.147,10.116,-3.970,6.279
78.8400,5,-1.353,1.111,-0.245,-2.452,7.407,5.497,11.229,8.232,1.597,-1.804,-4.497,6.147,10.116,-3.969,6.279
78.8500,5,-1.348,1.108,-0.244,-2.452,7.407,5.498,11.229,8.233,1.598,-1.804,-4.496,6.148,10.116,-3.969,6.279
78.8600,5,-1.343,1.105,-0.244,-2.452,7.407,5.498,11.229,8.234,1.600,-1.804,-4.495,6.148,10.116,-3.968,6.280
78.8700,5,-1.338,1.102,-0.243,-2.452,7.408,5.499,11.228,8.235,1.601,-1.805,-4.495,6.148,10.116,-3.968,6.280
78.8800,5,-1.333,1.098,-0.243,-2.452,7.408,5.499,11.228,8.236,1.602,-1.805,-4.494,6.148,10.115,-3.967,6.280
78.8900,5,-1.329,1.095,-0.243,-2.452,7.409,5.500,11.228,8.237,1.604,-1.805,-4.494,6.149,10.115,-3.967,6.281
78.9000,5,-1.324,1.092,-0.242,-2.452,7.409,5.500,11.227,8.238,1.605,-1.805,-4.493,6.149,10.115,-3.966,6.281
78.9100,5,-1.319,1.089,-0.242,-2.452,7.410,5.501,11.227,8.239,1.607,-1.806,-4.492,6.149,10.115,-3.965,6.282
78.9200,5,-1.314,1.085,-0.241,-2.452,7.410,5.501,11.227,8.240,1.608,-1.806,-4.492,6.149,10.115,-3.965,6.282
78.9300,5,-1.309,1.082,-0.241,-2.452,7.411,5.501,11.226,8.241,1.610,-1.806,-4.491,6.149,10.115,-3.964,6.282
78.9400,5,-1.304,1.079,-0.240,-2.452,7.411,5.502,11.226,8.242,1.611,-1.807,-4.490,6.150,10.114,-3.964,6.283
78.9500,5,-1.300,1.076,-0.240,-2.452,7.412,5.502,11.226,8.243,1.613,-1.807,-4.490,6.150,10.114,-3.963,6.283
78.9600,5,-1.295,1.072,-0.239,-2.453,7.412,5.503,11.225,8.244,1.614,-1.807,-4.489,6.150,10.114,-3.963,6.283
78.9700,5,-1.290,1.069,-0.239,-2.453,7.412,5.503,11.225,8.245,1.615,-1.807,-4.489,6.150,10.114,-3.962,6.284
78.9800,5,-1.285,1.066,-0.238,-2.453,7.413,5.503,11.224,8.246,1.617,-1.808,-4.488,6.150,10.114,-3.961,6.284
78.9900,5,-1.281,1.062,-0.238,-2.453,7.413,5.504,11.224,8.247,1.618,-1.808,-4.487,6.151,10.114,-3.961,6.284
79.0000,5,-1.276,1.059,-0.237,-2.453,7.414,5.504,11.224,8.248,1.620,-1.808,-4.487,6.151,10.113,-3.960,6.285
79.0100,5,-1.271,1.056,-0.237,-2.453,7.414,5.505,11.223,8.249,1.621,-1.809,-4.486,6.151,10.113,-3.960,6.285
79.0200,5,-1.267,1.052,-0.236,-2.453,7.415,5.505,11.223,8.250,1.623,-1.809,-4.485,6.151,10.113,-3.959,6.285
79.0300,5,-1.262,1.049,-0.235,-2.453,7.415,5.505,11.222,8.251,1.624,-1.809,-4.485,6.151,10.113,-3.959,6.286
79.0400,5,-1.257,1.046,-0.235,-2.453,7.416,5.506,11.222,8.252,1.626,-1.810,-4.484,6.152,10.113,-3.958,6.286
79.0500,5,-1.253,1.042,-0.234,-2.453,7.416,5.506,11.222,8.253,1.627,-1.810,-4.483,6.152,10.113,-3.957,6.286
79.0600,5,-1.248,1.039,-0.234,-2.453,7.417,5.506,11.221,8.254,1.629,-1.810,-4.483,6.152,10.112,-3.957,6.286
79.0700,5,-1.243,1.035,-0.233,-2.454,7.417,5.507,11.221,8.255,1.631,-1.810,-4.482,6.152,10.112,-3.956,6.287
79.0800,5,-1.239,1.032,-0.232,-2.454,7.418,5.507,11.220,8.256,1.632,-1.811,-4.481,6.152,10.112,-3.956,6.287
79.0900,5,-1.234,1.029,-0.232,-2.454,7.418,5.507,11.220,8.257,1.634,-1.811,-4.481,6.152,10.112,-3.955,6.287
79.1000,5,-1.230,1.025,-0.231,-2.454,7.419,5.508,11.220,8.258,1.635,-1.811,-4.480,6.153,10.112,-3.954,6.288
79.1100,5,-1.225,1.022,-0.230,-2.454,7.419,5.508,11.219,8.259,1.637,-1.812,-4.479,6.153,10.111,-3.954,6.288
79.1200,5,-1.221,1.018,-0.230,-2.454,7.420,5.508,11.219,8.260,1.638,-1.812,-4.479,6.153,10.111,-3.953,6.288
79.1300,5,-1.216,1.015,-0.229,-2.454,7.420,5.509,11.218,8.261,1.640,-1.812,-4.478,6.153,10.111,-3.953,6.288
79.1400,5,-1.212,1.011,-0.228,-2.454,7.421,5.509,11.218,8.262,1.642,-1.813,-4.477,6.153,10.111,-3.952,6.288
79.1500,5,-1.208,1.008,-0.228,-2.454,7.421,5.509,11.217,8.263,1.643,-1.813,-4.477,6.153,10.111,-3.951,6.289
79.1600,5,-1.203,1.004,-0.227,-2.454,7.422,5.510,11.217,8.264,1.645,-1.813,-4.476,6.153,10.110,-3.951,6.289
79.1700,5,-1.199,1.001,-0.226,-2.455,7.422,5.510,11.216,8.265,1.646,-1.814,-4.475,6.153,10.110,-3.950,6.289
79.1800,5,-1.194,0.997,-0.225,-2.455,7.423,5.510,11.216,8.266,1.648,-1.814,-4.475,6.153,10.110,-3.950,6.289
79.1900,5,-1.190,0.994,-0.225,-2.455,7.423,5.510,11.216,8.267,1.650,-1.814,-4.474,6.154,10.110,-3.949,6.290
79.2000,5,-1.186,0.990,-0.224,-2.455,7.424,5.511,11.215,8.268,1.651,-1.815,-4.473,6.154,10.110,-3.948,6.290
79.2100,5,-1.182,0.987,-0.223,-2.455,7.424,5.511,11.215,8.269,1.653,-1.815,-4.473,6.154,10.109,-3.948,6.290
79.2200,5,-1.177,0.983,-0.222,-2.455,7.425,5.511,11.214,8.270,1.654,-1.816,-4.472,6.154,10.109,-3.947,6.290
79.2300,5,-1.173,0.980,-0.221,-2.455,7.425,5.511,11.214,8.271,1.656,-1.816,-4.471,6.154,10.109,-3.947,6.290
79.2400,5,-1.169,0.976,-0.221,-2.455,7.425,5.512,11.213,8.272,1.658,-1.816,-4.470,6.154,10.109,-3.946,6.291
79.2500,5,-1.165,0.973,-0.220,-2.456,7.426,5.512,11.213,8.273,1.659,-1.817,-4.470,6.154,10.109,-3.945,6.291
79.2600,5,-1.161,0.969,-0.219,-2.456,7.427,5.512,11.212,8.274,1.661,-1.817,-4.469,6.154,10.108,-3.945,6.291
79.2700,5,-1.157,0.966,-0.218,-2.456,7.427,5.512,11.212,8.275,1.663,-1.817,-4.468,6.154,10.108,-3.944,6.291
79.2800,5,-1.153,0.962,-0.217,-2.456,7.428,5.513,11.211,8.276,1.664,-1.818,-4.468,6.154,10.108,-3.943,6.291
79.2900,5,-1.149,0.959,-0.216,-2.456,7.428,5.513,11.211,8.277,1.666,-1.818,-4.467,6.154,10.108,-3.943,6.291
79.3000,5,-1.145,0.955,-0.215,-2.456,7.429,5.513,11.210,8.278,1.668,-1.818,-4.466,6.154,10.107,-3.942,6.292
79.3100,5,-1.141,0.952,-0.215,-2.456,7.429,5.513,11.210,8.279,1.669,-1.819,-4.466,6.154,10.107,-3.942,6.292
79.3200,5,-1.137,0.948,-0.214,-2.456,7.430,5.513,11.209,8.280,1.671,-1.819,-4.465,6.154,10.107,-3.941,6.292
79.3300,5,-1.133,0.945,-0.213,-2.457,7.430,5.514,11.209,8.281,1.673,-1.820,-4.464,6.154,10.107,-3.940,6.292
79.3400,5,-1.129,0.941,-0.212,-2.457,7.431,5.514,11.208,8.283,1.675,-1.820,-4.463,6.154,10.106,-3.940,6.292
79.3500,5,-1.125,0.938,-0.211,-2.457,7.431,5.514,11.208,8.284,1.676,-1.820,-4.463,6.154,10.106,-3.939,6.292
79.3600,5,-1.122,0.934,-0.210,-2.457,7.432,5.514,11.207,8.285,1.678,-1.821,-4.462,6.154,10.106,-3.938,6.292
79.3700,5,-1.118,0.931,-0.209,-2.457,7.432,5.514,11.207,8.286,1.680,-1.821,-4.461,6.154,10.106,-3.938,6.292
79.3800,5,-1.114,0.927,-0.208,-2.457,7.433,5.514,11.206,8.287,1.681,-1.821,-4.461,6.154,10.105,-3.937,6.293
79.3900,5,-1.111,0.923,-0.207,-2.457,7.433,5.515,11.206,8.288,1.683,-1.822,-4.460,6.154,10.105,-3.936,6.293
79.4000,5,-1.107,0.920,-0.206,-2.458,7.434,5.515,11.205,8.289,1.685,-1.822,-4.459,6.154,10.105,-3.936,6.293
79.4100,5,-1.103,0.916,-0.205,-2.458,7.434,5.515,11.205,8.290,1.687,-1.823,-4.458,6.154,10.105,-3.935,6.293
79.4200,5,-1.100,0.913,-0.204,-2.458,7.435,5.515,11.204,8.291,1.688,-1.823,-4.458,6.154,10.105,-3.935,6.293
79.4300,5,-1.096,0.909,-0.203,-2.458,7.435,5.515,11.204,8.292,1.690,-1.823,-4.457,6.154,10.104,-3.934,6.293
79.4400,5,-1.093,0.906,-0.202,-2.458,7.436,5.515,11.203,8.293,1.692,-1.824,-4.456,6.154,10.104,-3.933,6.293
79.4500,5,-1.089,0.902,-0.201,-2.458,7.436,5.515,11.203,8.294,1.694,-1.824,-4.455,6.154,10.104,-3.933,6.293
79.4600,5,-1.086,0.899,-0.200,-2.458,7.437,5.516,11.202,8.296,1.696,-1.825,-4.455,6.154,10.103,-3.932,6.293
79.4700,5,-1.083,0.895,-0.199,-2.459,7.437,5.516,11.202,8.297,1.697,-1.825,-4.454,6.154,10.103,-3.931,6.293
79.4800,5,-1.079,0.892,-0.198,-2.459,7.438,5.516,11.201,8.298,1.699,-1.825,-4.453,6.154,10.103,-3.931,6.293
79.4900,5,-1.076,0.888,-0.197,-2.459,7.438,5.516,11.200,8.299,1.701,-1.826,-4.453,6.154,10.103,-3.930,6.293
79.5000,5,-1.073,0.884,-0.196,-2.459,7.439,5.516,11.200,8.300,1.703,-1.826,-4.452,6.154,10.102,-3.929,6.293
79.5100,5,-1.070,0.881,-0.195,-2.459,7.439,5.516,11.199,8.301,1.705,-1.827,-4.451,6.154,10.102,-3.929,6.293
79.5200,5,-1.066,0.877,-0.193,-2.459,7.440,5.516,11.199,8.302,1.706,-1.827,-4.450,6.154,10.102,-3.928,6.293
79.5300,5,-1.063,0.874,-0.192,-2.460,7.440,5.516,11.198,8.303,1.708,-1.827,-4.450,6.154,10.102,-3.927,6.293
79.5400,5,-1.060,0.870,-0.191,-2.460,7.441,5.516,11.198,8.304,1.710,-1.828,-4.449,6.154,10.101,-3.927,6.293
79.5500,5,-1.057,0.867,-0.190,-2.460,7.442,5.516,11.197,8.305,1.712,-1.828,-4.448,6.154,10.101,-3.926,6.293
79.5600,5,-1.054,0.863,-0.189,-2.460,7.442,5.516,11.197,8.307,1.714,-1.829,-4.447,6.153,10.101,-3.925,6.293
79.5700,5,-1.051,0.860,-0.188,-2.460,7.443,5.516,11.196,8.308,1.716,-1.829,-4.447,6.153,10.101,-3.925,6.293
79.5800,5,-1.048,0.856,-0.187,-2.460,7.443,5.516,11.195,8.309,1.717,-1.830,-4.446,6.153,10.100,-3.924,6.293
79.5900,5,-1.045,0.852,-0.185,-2.461,7.444,5.516,11.195,8.310,1.719,-1.830,-4.445,6.153,10.100,-3.923,6.293
79.6000,5,-1.042,0.849,-0.184,-2.461,7.444,5.516,11.194,8.311,1.721,-1.830,-4.444,6.153,10.100,-3.923,6.293
79.6100,5,-1.040,0.845,-0.183,-2.461,7.445,5.517,11.194,8.312,1.723,-1.831,-4.444,6.153,10.099,-3.922,6.293
79.6200,5,-1.037,0.842,-0.182,-2.461,7.445,5.517,11.193,8.313,1.725,-1.831,-4.443,6.153,10.099,-3.921,6.293
79.6300,5,-1.034,0.838,-0.181,-2.461,7.446,5.517,11.192,8.314,1.727,-1.832,-4.442,6.153,10.099,-3.921,6.293
79.6400,5,-1.032,0.835,-0.179,-2.461,7.446,5.517,11.192,8.316,1.729,-1.832,-4.441,6.152,10.099,-3.920,6.293
79.6500,5,-1.029,0.831,-0.178,-2.462,7.447,5.517,11.191,8.317,1.731,-1.833,-4.441,6.152,10.098,-3.919,6.293
79.6600,5,-1.026,0.828,-0.177,-2.462,7.447,5.517,11.191,8.318,1.733,-1.833,-4.440,6.152,10.098,-3.919,6.293
79.6700,5,-1.024,0.824,-0.176,-2.462,7.448,5.517,11.190,8.319,1.734,-1.833,-4.439,6.152,10.098,-3.918,6.293
79.6800,5,-1.021,0.821,-0.175,-2.462,7.449,5.517,11.190,8.320,1.736,-1.834,-4.438,6.152,10.097,-3.917,6.293
79.6900,5,-1.019,0.817,-0.173,-2.462,7.449,5.516,11.189,8.321,1.738,-1.834,-4.438,6.152,10.097,-3.917,6.293
79.7000,5,-1.016,0.814,-0.172,-2.462,7.450,5.516,11.188,8.322,1.740,-1.835,-4.437,6.152,10.097,-3.916,6.293
79.7100,5,-1.014,0.810,-0.171,-2.463,7.450,5.516,11.188,8.324,1.742,-1.835,-4.436,6.151,10.097,-3.915,6.293
79.7200,5,-1.012,0.807,-0.169,-2.463,7.451,5.516,11.187,8.325,1.744,-1.836,-4.435,6.151,10.096,-3.915,6.293
79.7300,5,-1.009,0.803,-0.168,-2.463,7.451,5.516,11.187,8.326,1.746,-1.836,-4.435,6.151,10.096,-3.914,6.293
79.7400,5,-1.007,0.800,-0.167,-2.463,7.452,5.516,11.186,8.327,1.748,-1.837,-4.434,6.151,10.096,-3.913,6.292
79.7500,5,-1.005,0.796,-0.166,-2.463,7.452,5.516,11.185,8.328,1.750,-1.837,-4.433,6.151,10.095,-3.913,6.292
79.7600,5,-1.003,0.793,-0.164,-2.464,7.453,5.516,11.185,8.329,1.752,-1.837,-4.432,6.150,10.095,-3.912,6.292
79.7700,5,-1.001,0.789,-0.163,-2.464,7.453,5.516,11.184,8.330,1.754,-1.838,-4.431,6.150,10.095,-3.911,6.292
79.7800,5,-0.999,0.786,-0.162,-2.464,7.454,5.516,11.183,8.332,1.756,-1.838,-4.431,6.150,10.095,-3.911,6.292
79.7900,5,-0.997,0.782,-0.160,-2.464,7.455,5.516,11.183,8.333,1.758,-1.839,-4.430,6.150,10.094,-3.910,6.292
79.8000,5,-0.995,0.779,-0.159,-2.464,7.455,5.516,11.182,8.334,1.760,-1.839,-4.429,6.150,10.094,-3.909,6.292
79.8100,5,-0.993,0.775,-0.158,-2.464,7.456,5.516,11.182,8.335,1.762,-1.840,-4.428,6.149,10.094,-3.909,6.291
79.8200,5,-0.991,0.772,-0.156,-2.465,7.456,5.516,11.181,8.336,1.764,-1.840,-4.428,6.149,10.093,-3.908,6.291
79.8300,5,-0.989,0.769,-0.155,-2.465,7.457,5.515,11.180,8.337,1.766,-1.841,-4.427,6.149,10.093,-3.907,6.291
79.8400,5,-0.987,0.765,-0.153,-2.465,7.457,5.515,11.180,8.339,1.768,-1.841,-4.426,6.149,10.093,-3.907,6.291
79.8500,5,-0.986,0.762,-0.152,-2.465,7.458,5.515,11.179,8.340,1.770,-1.842,-4.425,6.148,10.092,-3.906,6.291
79.8600,5,-0.984,0.758,-0.151,-2.465,7.458,5.515,11.178,8.341,1.772,-1.842,-4.425,6.148,10.092,-3.905,6.291
79.8700,5,-0.982,0.755,-0.149,-2.466,7.459,5.515,11.178,8.342,1.774,-1.842,-4.424,6.148,10.092,-3.904,6.291
79.8800,5,-0.981,0.751,-0.148,-2.466,7.460,5.515,11.177,8.343,1.776,-1.843,-4.423,6.148,10.091,-3.904,6.290
79.8900,5,-0.979,0.748,-0.146,-2.466,7.460,5.515,11.177,8.344,1.778,-1.843,-4.422,6.147,10.091,-3.903,6.290
79.9000,5,-0.978,0.745,-0.145,-2.466,7.461,5.515,11.176,8.346,1.780,-1.844,-4.421,6.147,10.091,-3.902,6.290
79.9100,5,-0.976,0.741,-0.144,-2.466,7.461,5.514,11.175,8.347,1.782,-1.844,-4.421,6.147,10.091,-3.902,6.290
79.9200,5,-0.975,0.738,-0.142,-2.467,7.462,5.514,11.175,8.348,1.784,-1.845,-4.420,6.147,10.090,-3.901,6.290
79.9300,5,-0.973,0.734,-0.141,-2.467,7.462,5.514,11.174,8.349,1.787,-1.845,-4.419,6.146,10.090,-3.900,6.289
79.9400,5,-0.972,0.731,-0.139,-2.467,7.463,5.514,11.173,8.350,1.789,-1.846,-4.418,6.146,10.090,-3.900,6.289
79.9500,5,-0.971,0.728,-0.138,-2.467,7.463,5.514,11.173,8.351,1.791,-1.846,-4.417,6.146,10.089,-3.899,6.289
79.9600,5,-0.969,0.724,-0.136,-2.467,7.464,5.513,11.172,8.353,1.793,-1.847,-4.417,6.145,10.089,-3.898,6.289
79.9700,5,-0.968,0.721,-0.135,-2.468,7.465,5.513,11.171,8.354,1.795,-1.847,-4.416,6.145,10.089,-3.898,6.288
79.9800,5,-0.967,0.718,-0.133,-2.468,7.465,5.513,11.171,8.355,1.797,-1.848,-4.415,6.145,10.088,-3.897,6.288
79.9900,5,-0.966,0.714,-0.132,-2.468,7.466,5.513,11.170,8.356,1.799,-1.848,-4.414,6.145,10.088,-3.896,6.288
80.0000,5,-0.965,0.711,-0.130,-2.468,7.466,5.513,11.169,8.357,1.801,-1.849,-4.414,6.144,10.088,-3.895,6.288
80.0100,5,-0.964,0.708,-0.129,-2.469,7.467,5.512,11.169,8.359,1.803,-1.849,-4.413,6.144,10.087,-3.895,6.287
80.0200,5,-0.963,0.704,-0.127,-2.469,7.467,5.512,11.168,8.360,1.806,-1.850,-4.412,6.144,10.087,-3.894,6.287
80.0300,5,-0.962,0.701,-0.126,-2.469,7.468,5.512,11.167,8.361,1.808,-1.850,-4.411,6.143,10.087,-3.893,6.287
80.0400,5,-0.961,0.698,-0.124,-2.469,7.469,5.512,11.167,8.362,1.810,-1.851,-4.410,6.143,10.086,-3.893,6.287
80.0500,5,-0.960,0.694,-0.123,-2.469,7.469,5.511,11.166,8.363,1.812,-1.851,-4.410,6.143,10.086,-3.892,6.286
80.0600,5,-0.959,0.691,-0.121,-2.470,7.470,5.511,11.165,8.365,1.814,-1.852,-4.409,6.142,10.086,-3.891,6.286
80.0700,5,-0.959,0.688,-0.120,-2.470,7.470,5.511,11.165,8.366,1.816,-1.852,-4.408,6.142,10.085,-3.891,6.286
80.0800,5,-0.958,0.684,-0.118,-2.470,7.471,5.511,11.164,8.367,1.819,-1.853,-4.407,6.142,10.085,-3.890,6.285
80.0900,5,-0.957,0.681,-0.117,-2.470,7.471,5.510,11.163,8.368,1.821,-1.853,-4.406,6.141,10.085,-3.889,6.285
80.1000,5,-0.957,0.678,-0.115,-2.470,7.472,5.510,11.163,8.369,1.823,-1.854,-4.406,6.141,10.084,-3.888,6.285
80.1100,5,-0.956,0.675,-0.114,-2.471,7.473,5.510,11.162,8.371,1.825,-1.854,-4.405,6.140,10.084,-3.888,6.285
80.1200,5,-0.956,0.671,-0.112,-2.471,7.473,5.510,11.161,8.372,1.827,-1.855,-4.404,6.140,10.084,-3.887,6.284
80.1300,5,-0.955,0.668,-0.110,-2.471,7.474,5.509,11.160,8.373,1.830,-1.855,-4.403,6.140,10.083,-3.886,6.284
80.1400,5,-0.955,0.665,-0.109,-2.471,7.474,5.509,11.160,8.374,1.832,-1.856,-4.402,6.139,10.083,-3.886,6.284
80.1500,5,-0.954,0.662,-0.107,-2.472,7.475,5.509,11.159,8.375,1.834,-1.856,-4.402,6.139,10.083,-3.885,6.283
80.1600,5,-0.954,0.659,-0.106,-2.472,7.475,5.508,11.158,8.377,1.836,-1.857,-4.401,6.139,10.082,-3.884,6.283
80.1700,5,-0.954,0.655,-0.104,-2.472,7.476,5.508,11.158,8.378,1.839,-1.857,-4.400,6.138,10.082,-3.883,6.283
80.1800,5,-0.953,0.652,-0.103,-2.472,7.477,5.508,11.157,8.379,1.841,-1.858,-4.399,6.138,10.082,-3.883,6.282
80.1900,5,-0.953,0.649,-0.101,-2.472,7.477,5.507,11.156,8.380,1.843,-1.858,-4.398,6.137,10.081,-3.882,6.282
80.2000,5,-0.953,0.646,-0.099,-2.473,7.478,5.507,11.156,8.381,1.845,-1.859,-4.397,6.137,10.081,-3.881,6.281
80.2100,5,-0.953,0.643,-0.098,-2.473,7.478,5.507,11.155,8.383,1.848,-1.859,-4.397,6.136,10.081,-3.881,6.281
80.2200,5,-0.952,0.640,-0.096,-2.473,7.479,5.506,11.154,8.384,1.850,-1.860,-4.396,6.136,10.080,-3.880,6.281
80.2300,5,-0.952,0.636,-0.095,-2.473,7.479,5.506,11.153,8.385,1.852,-1.860,-4.395,6.136,10.080,-3.879,6.280
80.2400,5,-0.952,0.633,-0.093,-2.474,7.480,5.506,11.153,8.386,1.854,-1.861,-4.394,6.135,10.079,-3.878,6.280
80.2500,5,-0.952,0.630,-0.091,-2.474,7.481,5.505,11.152,8.387,1.857,-1.861,-4.393,6.135,10.079,-3.878,6.280
80.2600,5,-0.952,0.627,-0.090,-2.474,7.481,5.505,11.151,8.389,1.859,-1.862,-4.393,6.134,10.079,-3.877,6.279
80.2700,5,-0.952,0.624,-0.088,-2.474,7.482,5.505,11.151,8.390,1.861,-1.862,-4.392,6.134,10.078,-3.876,6.279
80.2800,5,-0.953,0.621,-0.086,-2.475,7.482,5.504,11.150,8.391,1.864,-1.863,-4.391,6.133,10.078,-3.876,6.278
80.2900,5,-0.953,0.618,-0.085,-2.475,7.483,5.504,11.149,8.392,1.866,-1.863,-4.390,6.133,10.078,-3.875,6.278
80.3000,5,-0.953,0.615,-0.083,-2.475,7.484,5.504,11.148,8.394,1.868,-1.864,-4.389,6.133,10.077,-3.874,6.278
80.3100,5,-0.953,0.612,-0.081,-2.475,7.484,5.503,11.148,8.395,1.871,-1.864,-4.389,6.132,10.077,-3.873,6.277
80.3200,5,-0.953,0.609,-0.080,-2.475,7.485,5.503,11.147,8.396,1.873,-1.865,-4.388,6.132,10.077,-3.873,6.277
80.3300,5,-0.954,0.606,-0.078,-2.476,7.485,5.502,11.146,8.397,1.875,-1.865,-4.387,6.131,10.076,-3.872,6.276
80.3400,5,-0.954,0.602,-0.076,-2.476,7.486,5.502,11.146,8.398,1.878,-1.866,-4.386,6.131,10.076,-3.871,6.276
80.3500,5,-0.954,0.599,-0.075,-2.476,7.486,5.501,11.145,8.400,1.880,-1.866,-4.385,6.130,10.076,-3.871,6.275
80.3600,5,-0.955,0.596,-0.073,-2.476,7.487,5.501,11.144,8.401,1.883,-1.867,-4.384,6.130,10.075,-3.870,6.275
80.3700,5,-0.955,0.593,-0.071,-2.477,7.488,5.501,11.143,8.402,1.885,-1.867,-4.384,6.129,10.075,-3.869,6.275
80.3800,5,-0.956,0.590,-0.070,-2.477,7.488,5.500,11.143,8.403,1.887,-1.868,-4.383,6.129,10.074,-3.868,6.274
80.3900,5,-0.956,0.587,-0.068,-2.477,7.489,5.500,11.142,8.405,1.890,-1.869,-4.382,6.128,10.074,-3.868,6.274
80.4000,5,-0.957,0.584,-0.066,-2.477,7.489,5.499,11.141,8.406,1.892,-1.869,-4.381,6.128,10.074,-3.867,6.273
80.4100,5,-0.957,0.581,-0.065,-2.478,7.490,5.499,11.140,8.407,1.895,-1.870,-4.380,6.127,10.073,-3.866,6.273
80.4200,5,-0.958,0.579,-0.063,-2.478,7.491,5.498,11.140,8.408,1.897,-1.870,-4.380,6.127,10.073,-3.865,6.272
80.4300,5,-0.959,0.576,-0.061,-2.478,7.491,5.498,11.139,8.409,1.899,-1.871,-4.379,6.126,10.073,-3.865,6.272
80.4400,5,-0.959,0.573,-0.060,-2.478,7.492,5.498,11.138,8.411,1.902,-1.871,-4.378,6.126,10.072,-3.864,6.271
80.4500,5,-0.960,0.570,-0.058,-2.479,7.492,5.497,11.137,8.412,1.904,-1.872,-4.377,6.125,10.072,-3.863,6.271
80.4600,5,-0.961,0.567,-0.056,-2.479,7.493,5.497,11.137,8.413,1.907,-1.872,-4.376,6.125,10.071,-3.863,6.270
80.4700,5,-0.962,0.564,-0.054,-2.479,7.494,5.496,11.136,8.414,1.909,-1.873,-4.375,6.124,10.071,-3.862,6.270
80.4800,5,-0.962,0.561,-0.053,-2.479,7.494,5.496,11.135,8.416,1.912,-1.873,-4.375,6.124,10.071,-3.861,6.269
80.4900,5,-0.963,0.558,-0.051,-2.480,7.495,5.495,11.134,8.417,1.914,-1.874,-4.374,6.123,10.070,-3.860,6.269
80.5000,5,-0.964,0.555,-0.049,-2.480,7.495,5.495,11.134,8.418,1.916,-1.875,-4.373,6.123,10.070,-3.860,6.268
80.5100,5,-0.965,0.552,-0.048,-2.480,7.496,5.494,11.133,8.419,1.919,-1.875,-4.372,6.122,10.070,-3.859,6.268
80.5200,5,-0.966,0.550,-0.046,-2.480,7.496,5.494,11.132,8.421,1.921,-1.876,-4.371,6.122,10.069,-3.858,6.267
80.5300,5,-0.967,0.547,-0.044,-2.481,7.497,5.493,11.131,8.422,1.923,-1.876,-4.370,6.121,10.069,-3.857,6.267
80.5400,5,-0.968,0.544,-0.042,-2.481,7.498,5.493,11.131,8.423,1.926,-1.877,-4.370,6.121,10.068,-3.857,6.266
80.5500,5,-0.969,0.541,-0.041,-2.481,7.498,5.492,11.130,8.424,1.928,-1.877,-4.369,6.120,10.068,-3.856,6.266
80.5600,5,-0.970,0.538,-0.039,-2.481,7.499,5.492,11.129,8.426,1.930,-1.878,-4.368,6.119,10.068,-3.855,6.265
80.5700,5,-0.971,0.535,-0.037,-2.482,7.499,5.491,11.128,8.427,1.932,-1.878,-4.367,6.119,10.067,-3.854,6.265
80.5800,5,-0.972,0.533,-0.036,-2.482,7.500,5.491,11.128,8.428,1.934,-1.879,-4.366,6.118,10.067,-3.854,6.264
80.5900,5,-0.973,0.530,-0.034,-2.482,7.501,5.490,11.127,8.429,1.936,-1.879,-4.365,6.118,10.066,-3.853,6.264
80.6000,5,-0.974,0.527,-0.032,-2.482,7.501,5.489,11.126,8.431,1.938,-1.880,-4.365,6.117,10.066,-3.852,6.263
80.6100,5,-0.975,0.524,-0.030,-2.483,7.502,5.489,11.125,8.432,1.940,-1.881,-4.364,6.117,10.066,-3.852,6.262
80.6200,5,-0.977,0.522,-0.029,-2.483,7.502,5.488,11.124,8.433,1.942,-1.881,-4.363,6.116,10.065,-3.851,6.262
80.6300,5,-0.978,0.519,-0.027,-2.483,7.503,5.488,11.124,8.434,1.944,-1.882,-4.362,6.115,10.065,-3.850,6.261
80.6400,5,-0.979,0.516,-0.025,-2.484,7.504,5.487,11.123,8.436,1.946,-1.882,-4.361,6.115,10.065,-3.849,6.261
80.6500,5,-0.980,0.513,-0.023,-2.484,7.504,5.487,11.122,8.437,1.948,-1.883,-4.360,6.114,10.064,-3.849,6.260
80.6600,5,-0.982,0.511,-0.022,-2.484,7.505,5.486,11.121,8.438,1.950,-1.883,-4.360,6.114,10.064,-3.848,6.260
80.6700,5,-0.983,0.508,-0.020,-2.484,7.505,5.486,11.121,8.439,1.951,-1.884,-4.359,6.113,10.063,-3.847,6.259
80.6800,5,-0.984,0.505,-0.018,-2.485,7.506,5.485,11.120,8.441,1.953,-1.885,-4.358,6.113,10.063,-3.846,6.258
80.6900,5,-0.986,0.503,-0.016,-2.485,7.507,5.484,11.119,8.442,1.955,-1.885,-4.357,6.112,10.063,-3.846,6.258
80.7000,5,-0.987,0.500,-0.015,-2.485,7.507,5.484,11.118,8.443,1.957,-1.886,-4.356,6.111,10.062,-3.845,6.257
80.7100,5,-0.988,0.497,-0.013,-2.485,7.508,5.483,11.117,8.444,1.958,-1.886,-4.355,6.111,10.062,-3.844,6.257
80.7200,5,-0.990,0.495,-0.011,-2.486,7.508,5.483,11.117,8.446,1.960,-1.887,-4.354,6.110,10.061,-3.843,6.256
80.7300,5,-0.991,0.492,-0.009,-2.486,7.509,5.482,11.116,8.447,1.962,-1.887,-4.354,6.110,10.061,-3.843,6.255
80.7400,5,-0.993,0.489,-0.008,-2.486,7.510,5.481,11.115,8.448,1.963,-1.888,-4.353,6.109,10.061,-3.842,6.255
80.7500,5,-0.994,0.487,-0.006,-2.487,7.510,5.481,11.114,8.449,1.965,-1.889,-4.352,6.108,10.060,-3.841,6.254
80.7600,5,-0.996,0.484,-0.004,-2.487,7.511,5.480,11.113,8.451,1.966,-1.889,-4.351,6.108,10.060,-3.840,6.254
80.7700,5,-0.997,0.481,-0.002,-2.487,7.511,5.480,11.113,8.452,1.968,-1.890,-4.350,6.107,10.059,-3.840,6.253
80.7800,5,-0.999,0.479,-0.001,-2.487,7.512,5.479,11.112,8.453,1.969,-1.890,-4.349,6.106,10.059,-3.839,6.252
80.7900,5,-1.000,0.476,0.001,-2.488,7.513,5.478,11.111,8.454,1.971,-1.891,-4.349,6.106,10.059,-3.838,6.252
80.8000,5,-1.002,0.474,0.003,-2.488,7.513,5.478,11.110,8.456,1.972,-1.892,-4.348,6.105,10.058,-3.837,6.251
80.8100,5,-1.003,0.471,0.005,-2.488,7.514,5.477,11.109,8.457,1.973,-1.892,-4.347,6.105,10.058,-3.837,6.250
80.8200,5,-1.005,0.469,0.006,-2.488,7.514,5.476,11.108,8.458,1.975,-1.893,-4.346,6.104,10.057,-3.836,6.250
80.8300,5,-1.006,0.466,0.008,-2.489,7.515,5.476,11.108,8.460,1.976,-1.893,-4.345,6.103,10.057,-3.835,6.249
80.8400,5,-1.008,0.464,0.010,-2.489,7.516,5.475,11.107,8.461,1.977,-1.894,-4.344,6.103,10.056,-3.834,6.248
80.8500,5,-1.010,0.461,0.012,-2.489,7.516,5.474,11.106,8.462,1.979,-1.894,-4.343,6.102,10.056,-3.834,6.248
80.8600,5,-1.011,0.459,0.013,-2.490,7.517,5.474,11.105,8.463,1.980,-1.895,-4.343,6.101,10.056,-3.833,6.247
80.8700,5,-1.013,0.456,0.015,-2.490,7.518,5.473,11.104,8.465,1.981,-1.896,-4.342,6.101,10.055,-3.832,6.246
80.8800,5,-1.014,0.454,0.017,-2.490,7.518,5.472,11.104,8.466,1.982,-1.896,-4.341,6.100,10.055,-3.831,6.246
80.8900,5,-1.016,0.451,0.019,-2.490,7.519,5.472,11.103,8.467,1.983,-1.897,-4.340,6.099,10.054,-3.831,6.245
80.9000,5,-1.018,0.449,0.020,-2.491,7.519,5.471,11.102,8.468,1.985,-1.897,-4.339,6.099,10.054,-3.830,6.244
80.9100,5,-1.019,0.446,0.022,-2.491,7.520,5.470,11.101,8.470,1.986,-1.898,-4.338,6.098,10.054,-3.829,6.244
80.9200,5,-1.021,0.444,0.024,-2.491,7.521,5.470,11.100,8.471,1.987,-1.899,-4.337,6.097,10.053,-3.828,6.243
80.9300,5,-1.023,0.441,0.026,-2.492,7.521,5.469,11.099,8.472,1.988,-1.899,-4.337,6.097,10.053,-3.828,6.242
80.9400,5,-1.024,0.439,0.027,-2.492,7.522,5.468,11.099,8.473,1.989,-1.900,-4.336,6.096,10.052,-3.827,6.242
80.9500,5,-1.026,0.436,0.029,-2.492,7.522,5.468,11.098,8.475,1.990,-1.900,-4.335,6.095,10.052,-3.826,6.241
80.9600,5,-1.028,0.434,0.031,-2.492,7.523,5.467,11.097,8.476,1.991,-1.901,-4.334,6.095,10.051,-3.825,6.240
80.9700,5,-1.029,0.432,0.032,-2.493,7.524,5.466,11.096,8.477,1.992,-1.902,-4.333,6.094,10.051,-3.825,6.240
80.9800,5,-1.031,0.429,0.034,-2.493,7.524,5.466,11.095,8.479,1.993,-1.902,-4.332,6.093,10.051,-3.824,6.239
80.9900,5,-1.033,0.427,0.036,-2.493,7.525,5.465,11.094,8.480,1.994,-1.903,-4.332,6.093,10.050,-3.823,6.238
81.0000,5,-1.034,0.424,0.038,-2.494,7.525,5.464,11.094,8.481,1.995,-1.903,-4.331,6.092,10.050,-3.822,6.238
81.0100,5,-1.036,0.422,0.039,-2.494,7.526,5.463,11.093,8.482,1.996,-1.904,-4.330,6.091,10.049,-3.822,6.237
81.0200,5,-1.038,0.420,0.041,-2.494,7.527,5.463,11.092,8.484,1.997,-1.905,-4.329,6.091,10.049,-3.821,6.236
81.0300,5,-1.039,0.417,0.043,-2.495,7.527,5.462,11.091,8.485,1.998,-1.905,-4.328,6.090,10.048,-3.820,6.235
81.0400,5,-1.041,0.415,0.045,-2.495,7.528,5.461,11.090,8.486,1.998,-1.906,-4.327,6.089,10.048,-3.819,6.235
81.0500,5,-1.043,0.413,0.046,-2.495,7.529,5.461,11.089,8.488,1.999,-1.907,-4.326,6.088,10.048,-3.819,6.234
81.0600,5,-1.044,0.410,0.048,-2.495,7.529,5.460,11.088,8.489,2.000,-1.907,-4.325,6.088,10.047,-3.818,6.233
81.0700,5,-1.046,0.408,0.050,-2.496,7.530,5.459,11.088,8.490,2.001,-1.908,-4.325,6.087,10.047,-3.817,6.233
81.0800,5,-1.048,0.406,0.051,-2.496,7.530,5.458,11.087,8.491,2.002,-1.908,-4.324,6.086,10.046,-3.816,6.232
81.0900,5,-1.050,0.403,0.053,-2.496,7.531,5.458,11.086,8.493,2.002,-1.909,-4.323,6.086,10.046,-3.816,6.231
81.1000,5,-1.051,0.401,0.055,-2.497,7.532,5.457,11.085,8.494,2.003,-1.910,-4.322,6.085,10.045,-3.815,6.230
81.1100,5,-1.053,0.399,0.057,-2.497,7.532,5.456,11.084,8.495,2.004,-1.910,-4.321,6.084,10.045,-3.814,6.230
81.1200,5,-1.054,0.396,0.058,-2.497,7.533,5.455,11.083,8.496,2.005,-1.911,-4.320,6.084,10.044,-3.813,6.229
81.1300,5,-1.056,0.394,0.060,-2.498,7.533,5.455,11.082,8.498,2.005,-1.912,-4.319,6.083,10.044,-3.813,6.228
81.1400,5,-1.058,0.392,0.062,-2.498,7.534,5.454,11.081,8.499,2.006,-1.912,-4.319,6.082,10.044,-3.812,6.227
81.1500,5,-1.059,0.390,0.063,-2.498,7.535,5.453,11.081,8.500,2.007,-1.913,-4.318,6.081,10.043,-3.811,6.227
81.1600,5,-1.061,0.387,0.065,-2.499,7.535,5.452,11.080,8.502,2.007,-1.913,-4.317,6.081,10.043,-3.810,6.226
81.1700,5,-1.063,0.385,0.067,-2.499,7.536,5.452,11.079,8.503,2.008,-1.914,-4.316,6.080,10.042,-3.810,6.225
81.1800,5,-1.064,0.383,0.068,-2.499,7.537,5.451,11.078,8.504,2.009,-1.915,-4.315,6.079,10.042,-3.809,6.224
81.1900,5,-1.066,0.381,0.070,-2.499,7.537,5.450,11.077,8.505,2.009,-1.915,-4.314,6.078,10.041,-3.808,6.224
81.2000,5,-1.067,0.378,0.072,-2.500,7.538,5.449,11.076,8.507,2.010,-1.916,-4.313,6.078,10.041,-3.807,6.223
81.2100,5,-1.069,0.376,0.073,-2.500,7.538,5.448,11.075,8.508,2.010,-1.917,-4.313,6.077,10.040,-3.807,6.222
81.2200,5,-1.071,0.374,0.075,-2.500,7.539,5.448,11.074,8.509,2.011,-1.917,-4.312,6.076,10.040,-3.806,6.221
81.2300,5,-1.072,0.372,0.077,-2.501,7.540,5.447,11.073,8.511,2.011,-1.918,-4.311,6.076,10.039,-3.805,6.221
81.2400,5,-1.074,0.370,0.078,-2.501,7.540,5.446,11.073,8.512,2.012,-1.919,-4.310,6.075,10.039,-3.804,6.220
81.2500,5,-1.075,0.367,0.080,-2.501,7.541,5.445,11.072,8.513,2.012,-1.919,-4.309,6.074,10.039,-3.803,6.219
81.2600,5,-1.077,0.365,0.082,-2.502,7.541,5.445,11.071,8.514,2.013,-1.920,-4.308,6.073,10.038,-3.803,6.218
81.2700,5,-1.078,0.363,0.083,-2.502,7.542,5.444,11.070,8.516,2.013,-1.920,-4.307,6.073,10.038,-3.802,6.218
81.2800,5,-1.080,0.361,0.085,-2.502,7.543,5.443,11.069,8.517,2.014,-1.921,-4.306,6.072,10.037,-3.801,6.217
81.2900,5,-1.081,0.359,0.087,-2.503,7.543,5.442,11.068,8.518,2.014,-1.922,-4.306,6.071,10.037,-3.800,6.216
81.3000,5,-1.082,0.357,0.088,-2.503,7.544,5.441,11.067,8.520,2.015,-1.922,-4.305,6.070,10.036,-3.800,6.215
81.3100,5,-1.084,0.354,0.090,-2.503,7.545,5.441,11.066,8.521,2.015,-1.923,-4.304,6.070,10.036,-3.799,6.214
81.3200,5,-1.085,0.352,0.092,-2.504,7.545,5.440,11.065,8.522,2.015,-1.924,-4.303,6.069,10.035,-3.798,6.214
81.3300,5,-1.087,0.350,0.093,-2.504,7.546,5.439,11.064,8.524,2.016,-1.924,-4.302,6.068,10.035,-3.797,6.213
81.3400,5,-1.088,0.348,0.095,-2.504,7.546,5.438,11.064,8.525,2.016,-1.925,-4.301,6.067,10.034,-3.797,6.212
81.3500,5,-1.089,0.346,0.097,-2.505,7.547,5.437,11.063,8.526,2.016,-1.926,-4.300,6.067,10.034,-3.796,6.211
81.3600,5,-1.091,0.344,0.098,-2.505,7.548,5.437,11.062,8.527,2.017,-1.926,-4.299,6.066,10.033,-3.795,6.211
81.3700,5,-1.092,0.342,0.100,-2.505,7.548,5.436,11.061,8.529,2.017,-1.927,-4.299,6.065,10.033,-3.794,6.210
81.3800,5,-1.093,0.340,0.101,-2.506,7.549,5.435,11.060,8.530,2.017,-1.928,-4.298,6.064,10.032,-3.794,6.209
81.3900,5,-1.094,0.338,0.103,-2.506,7.550,5.434,11.059,8.531,2.018,-1.928,-4.297,6.064,10.032,-3.793,6.208
81.4000,5,-1.095,0.335,0.105,-2.506,7.550,5.433,11.058,8.533,2.018,-1.929,-4.296,6.063,10.031,-3.792,6.207
81.4100,5,-1.097,0.333,0.106,-2.507,7.551,5.432,11.057,8.534,2.018,-1.930,-4.295,6.062,10.031,-3.791,6.207
81.4200,5,-1.098,0.331,0.108,-2.507,7.551,5.432,11.056,8.535,2.019,-1.930,-4.294,6.061,10.031,-3.790,6.206
81.4300,5,-1.099,0.329,0.109,-2.507,7.552,5.431,11.055,8.536,2.019,-1.931,-4.293,6.061,10.030,-3.790,6.205
81.4400,5,-1.100,0.327,0.111,-2.508,7.553,5.430,11.054,8.538,2.019,-1.932,-4.293,6.060,10.030,-3.789,6.204
81.4500,5,-1.101,0.325,0.112,-2.508,7.553,5.429,11.053,8.539,2.019,-1.932,-4.292,6.059,10.029,-3.788,6.203
81.4600,5,-1.102,0.323,0.114,-2.508,7.554,5.428,11.052,8.540,2.020,-1.933,-4.291,6.058,10.029,-3.787,6.203
81.4700,5,-1.103,0.321,0.116,-2.509,7.555,5.427,11.051,8.542,2.020,-1.934,-4.290,6.058,10.028,-3.787,6.202
81.4800,5,-1.104,0.319,0.117,-2.509,7.555,5.427,11.051,8.543,2.020,-1.934,-4.289,6.057,10.028,-3.786,6.201
81.4900,5,-1.105,0.317,0.119,-2.509,7.556,5.426,11.050,8.544,2.020,-1.935,-4.288,6.056,10.027,-3.785,6.200
81.5000,5,-1.106,0.315,0.120,-2.510,7.556,5.425,11.049,8.546,2.020,-1.936,-4.287,6.055,10.027,-3.784,6.199
81.5100,5,-1.107,0.313,0.122,-2.510,7.557,5.424,11.048,8.547,2.021,-1.936,-4.286,6.055,10.026,-3.784,6.198
81.5200,5,-1.108,0.311,0.123,-2.510,7.558,5.423,11.047,8.548,2.021,-1.937,-4.285,6.054,10.026,-3.783,6.198
81.5300,5,-1.109,0.309,0.125,-2.511,7.558,5.422,11.046,8.549,2.021,-1.938,-4.285,6.053,10.025,-3.782,6.197
81.5400,5,-1.109,0.307,0.126,-2.511,7.559,5.421,11.045,8.551,2.021,-1.938,-4.284,6.052,10.025,-3.781,6.196
81.5500,5,-1.110,0.305,0.128,-2.511,7.560,5.421,11.044,8.552,2.021,-1.939,-4.283,6.052,10.024,-3.780,6.195
81.5600,5,-1.111,0.303,0.129,-2.512,7.560,5.420,11.043,8.553,2.021,-1.940,-4.282,6.051,10.024,-3.780,6.194
81.5700,5,-1.112,0.300,0.131,-2.512,7.561,5.419,11.042,8.555,2.021,-1.941,-4.281,6.050,10.023,-3.779,6.194
81.5800,5,-1.112,0.298,0.132,-2.513,7.561,5.418,11.041,8.556,2.022,-1.941,-4.280,6.049,10.023,-3.778,6.193
81.5900,5,-1.113,0.296,0.134,-2.513,7.562,5.417,11.040,8.557,2.022,-1.942,-4.279,6.049,10.022,-3.777,6.192
81.6000,5,-1.113,0.294,0.135,-2.513,7.563,5.416,11.039,8.559,2.022,-1.943,-4.278,6.048,10.022,-3.777,6.191
81.6100,5,-1.114,0.292,0.137,-2.514,7.563,5.416,11.038,8.560,2.022,-1.943,-4.278,6.047,10.021,-3.776,6.190
81.6200,5,-1.115,0.290,0.138,-2.514,7.564,5.415,11.037,8.561,2.022,-1.944,-4.277,6.046,10.021,-3.775,6.189
81.6300,5,-1.115,0.288,0.140,-2.514,7.565,5.414,11.036,8.562,2.022,-1.945,-4.276,6.046,10.020,-3.774,6.189
81.6400,5,-1.115,0.286,0.141,-2.515,7.565,5.413,11.035,8.564,2.022,-1.945,-4.275,6.045,10.020,-3.773,6.188
81.6500,5,-1.116,0.284,0.142,-2.515,7.566,5.412,11.034,8.565,2.022,-1.946,-4.274,6.044,10.019,-3.773,6.187
81.6600,5,-1.116,0.282,0.144,-2.515,7.566,5.411,11.033,8.566,2.022,-1.947,-4.273,6.043,10.019,-3.772,6.186
81.6700,5,-1.116,0.280,0.145,-2.516,7.567,5.410,11.032,8.568,2.022,-1.948,-4.272,6.042,10.018,-3.771,6.185
81.6800,5,-1.117,0.278,0.147,-2.516,7.568,5.409,11.031,8.569,2.022,-1.948,-4.271,6.042,10.018,-3.770,6.184
81.6900,5,-1.117,0.276,0.148,-2.516,7.568,5.409,11.030,8.570,2.022,-1.949,-4.271,6.041,10.017,-3.770,6.184
81.7000,5,-1.117,0.274,0.150,-2.517,7.569,5.408,11.029,8.572,2.022,-1.950,-4.270,6.040,10.017,-3.769,6.183
81.7100,5,-1.117,0.272,0.151,-2.517,7.570,5.407,11.028,8.573,2.022,-1.950,-4.269,6.039,10.016,-3.768,6.182
81.7200,5,-1.117,0.270,0.152,-2.518,7.570,5.406,11.027,8.574,2.022,-1.951,-4.268,6.039,10.016,-3.767,6.181
81.7300,5,-1.117,0.268,0.154,-2.518,7.571,5.405,11.026,8.576,2.022,-1.952,-4.267,6.038,10.015,-3.766,6.180
81.7400,5,-1.117,0.266,0.155,-2.518,7.572,5.404,11.025,8.577,2.022,-1.953,-4.266,6.037,10.014,-3.766,6.180
81.7500,5,-1.117,0.264,0.156,-2.519,7.572,5.403,11.024,8.578,2.022,-1.953,-4.265,6.036,10.014,-3.765,6.179
81.7600,5,-1.117,0.262,0.158,-2.519,7.573,5.403,11.023,8.579,2.022,-1.954,-4.264,6.036,10.013,-3.764,6.178
81.7700,5,-1.117,0.260,0.159,-2.519,7.573,5.402,11.022,8.581,2.022,-1.955,-4.263,6.035,10.013,-3.763,6.177
81.7800,5,-1.117,0.258,0.161,-2.520,7.574,5.401,11.021,8.582,2.022,-1.955,-4.263,6.034,10.012,-3.763,6.176
81.7900,5,-1.117,0.256,0.162,-2.520,7.575,5.400,11.020,8.583,2.022,-1.956,-4.262,6.033,10.012,-3.762,6.175
81.8000,5,-1.117,0.255,0.163,-2.521,7.575,5.399,11.019,8.585,2.022,-1.957,-4.261,6.033,10.011,-3.761,6.175
81.8100,5,-1.116,0.253,0.165,-2.521,7.576,5.398,11.018,8.586,2.022,-1.958,-4.260,6.032,10.011,-3.760,6.174
81.8200,5,-1.116,0.251,0.166,-2.521,7.577,5.397,11.017,8.587,2.022,-1.958,-4.259,6.031,10.010,-3.759,6.173
81.8300,5,-1.116,0.249,0.167,-2.522,7.577,5.396,11.016,8.589,2.022,-1.959,-4.258,6.030,10.010,-3.759,6.172
81.8400,5,-1.115,0.247,0.168,-2.522,7.578,5.396,11.015,8.590,2.022,-1.960,-4.257,6.030,10.009,-3.758,6.171
81.8500,5,-1.115,0.245,0.170,-2.522,7.578,5.395,11.014,8.591,2.022,-1.961,-4.256,6.029,10.009,-3.757,6.170
81.8600,5,-1.114,0.243,0.171,-2.523,7.579,5.394,11.013,8.593,2.022,-1.961,-4.255,6.028,10.008,-3.756,6.170
81.8700,5,-1.113,0.241,0.172,-2.523,7.580,5.393,11.012,8.594,2.021,-1.962,-4.255,6.027,10.008,-3.756,6.169
81.8800,5,-1.113,0.239,0.174,-2.524,7.580,5.392,11.011,8.595,2.021,-1.963,-4.254,6.027,10.007,-3.755,6.168
81.8900,5,-1.112,0.237,0.175,-2.524,7.581,5.391,11.010,8.596,2.021,-1.963,-4.253,6.026,10.007,-3.754,6.167
81.9000,5,-1.111,0.235,0.176,-2.524,7.582,5.390,11.009,8.598,2.021,-1.964,-4.252,6.025,10.006,-3.753,6.166
81.9100,5,-1.110,0.233,0.177,-2.525,7.582,5.389,11.008,8.599,2.021,-1.965,-4.251,6.024,10.005,-3.752,6.165
81.9200,5,-1.110,0.231,0.179,-2.525,7.583,5.389,11.007,8.600,2.021,-1.966,-4.250,6.024,10.005,-3.752,6.165
81.9300,5,-1.109,0.229,0.180,-2.526,7.584,5.388,11.006,8.602,2.021,-1.966,-4.249,6.023,10.004,-3.751,6.164
81.9400,5,-1.108,0.227,0.181,-2.526,7.584,5.387,11.005,8.603,2.021,-1.967,-4.248,6.022,10.004,-3.750,6.163
81.9500,5,-1.107,0.225,0.182,-2.526,7.585,5.386,11.004,8.604,2.020,-1.968,-4.248,6.021,10.003,-3.749,6.162
81.9600,5,-1.106,0.223,0.183,-2.527,7.585,5.385,11.003,8.606,2.020,-1.969,-4.247,6.021,10.003,-3.749,6.161
81.9700,5,-1.104,0.221,0.185,-2.527,7.586,5.384,11.002,8.607,2.020,-1.969,-4.246,6.020,10.002,-3.748,6.160
81.9800,5,-1.103,0.219,0.186,-2.527,7.587,5.383,11.001,8.608,2.020,-1.970,-4.245,6.019,10.002,-3.747,6.160
81.9900,5,-1.102,0.217,0.187,-2.528,7.587,5.382,11.000,8.610,2.020,-1.971,-4.244,6.018,10.001,-3.746,6.159
82.0000,5,-1.101,0.215,0.188,-2.528,7.588,5.382,10.999,8.611,2.020,-1.972,-4.243,6.018,10.000,-3.745,6.158
82.0100,5,-1.099,0.213,0.189,-2.529,7.589,5.381,10.998,8.612,2.020,-1.972,-4.242,6.017,10.000,-3.745,6.157
82.0200,5,-1.098,0.210,0.190,-2.529,7.589,5.380,10.997,8.614,2.019,-1.973,-4.241,6.016,9.999,-3.744,6.156
82.0300,5,-1.096,0.208,0.191,-2.529,7.590,5.379,10.996,8.615,2.019,-1.974,-4.240,6.015,9.999,-3.743,6.155
82.0400,5,-1.095,0.206,0.193,-2.530,7.591,5.378,10.994,8.616,2.019,-1.975,-4.240,6.015,9.998,-3.742,6.155
82.0500,5,-1.093,0.204,0.194,-2.530,7.591,5.377,10.993,8.617,2.019,-1.975,-4.239,6.014,9.998,-3.742,6.154
82.0600,5,-1.092,0.202,0.195,-2.531,7.592,5.376,10.992,8.619,2.019,-1.976,-4.238,6.013,9.997,-3.741,6.153
82.0700,5,-1.090,0.200,0.196,-2.531,7.592,5.375,10.991,8.620,2.019,-1.977,-4.237,6.012,9.997,-3.740,6.152
82.0800,5,-1.088,0.198,0.197,-2.531,7.593,5.375,10.990,8.621,2.018,-1.978,-4.236,6.012,9.996,-3.739,6.151
82.0900,5,-1.086,0.196,0.198,-2.532,7.594,5.374,10.989,8.623,2.018,-1.979,-4.235,6.011,9.995,-3.738,6.151
82.1000,5,-1.085,0.194,0.199,-2.532,7.594,5.373,10.988,8.624,2.018,-1.979,-4.234,6.010,9.995,-3.738,6.150
82.1100,5,-1.083,0.192,0.200,-2.533,7.595,5.372,10.987,8.625,2.018,-1.980,-4.233,6.009,9.994,-3.737,6.149
82.1200,5,-1.081,0.190,0.201,-2.533,7.596,5.371,10.986,8.627,2.018,-1.981,-4.232,6.009,9.994,-3.736,6.148
82.1300,5,-1.079,0.188,0.202,-2.534,7.596,5.370,10.985,8.628,2.017,-1.982,-4.231,6.008,9.993,-3.735,6.147
82.1400,5,-1.077,0.186,0.203,-2.534,7.597,5.369,10.984,8.629,2.017,-1.982,-4.231,6.007,9.993,-3.734,6.147
82.1500,5,-1.074,0.184,0.204,-2.534,7.598,5.369,10.983,8.631,2.017,-1.983,-4.230,6.007,9.992,-3.734,6.146
82.1600,5,-1.072,0.182,0.205,-2.535,7.598,5.368,10.982,8.632,2.017,-1.984,-4.229,6.006,9.991,-3.733,6.145
82.1700,5,-1.070,0.180,0.206,-2.535,7.599,5.367,10.981,8.633,2.017,-1.985,-4.228,6.005,9.991,-3.732,6.144
82.1800,5,-1.068,0.178,0.207,-2.536,7.599,5.366,10.979,8.635,2.016,-1.986,-4.227,6.004,9.990,-3.731,6.143
82.1900,5,-1.065,0.176,0.208,-2.536,7.600,5.365,10.978,8.636,2.016,-1.986,-4.226,6.004,9.990,-3.731,6.142
82.2000,5,-1.063,0.173,0.209,-2.536,7.601,5.364,10.977,8.637,2.016,-1.987,-4.225,6.003,9.989,-3.730,6.142
82.2100,5,-1.060,0.171,0.210,-2.537,7.601,5.363,10.976,8.639,2.016,-1.988,-4.224,6.002,9.989,-3.729,6.141
82.2200,5,-1.058,0.169,0.211,-2.537,7.602,5.363,10.975,8.640,2.016,-1.989,-4.223,6.002,9.988,-3.728,6.140
82.2300,5,-1.055,0.167,0.212,-2.538,7.603,5.362,10.974,8.641,2.015,-1.989,-4.223,6.001,9.987,-3.727,6.139
82.2400,5,-1.052,0.165,0.213,-2.538,7.603,5.361,10.973,8.642,2.015,-1.990,-4.222,6.000,9.987,-3.727,6.139
82.2500,5,-1.049,0.163,0.214,-2.539,7.604,5.360,10.972,8.644,2.015,-1.991,-4.221,6.000,9.986,-3.726,6.138
82.2600,5,-1.047,0.161,0.215,-2.539,7.605,5.359,10.971,8.645,2.015,-1.992,-4.220,5.999,9.986,-3.725,6.137
82.2700,5,-1.044,0.159,0.216,-2.539,7.605,5.358,10.970,8.646,2.014,-1.993,-4.219,5.998,9.985,-3.724,6.136
82.2800,5,-1.041,0.156,0.217,-2.540,7.606,5.358,10.969,8.648,2.014,-1.993,-4.218,5.997,9.985,-3.723,6.135
82.2900,5,-1.038,0.154,0.217,-2.540,7.606,5.357,10.967,8.649,2.014,-1.994,-4.217,5.997,9.984,-3.723,6.135
82.3000,5,-1.035,0.152,0.218,-2.541,7.607,5.356,10.966,8.650,2.014,-1.995,-4.216,5.996,9.983,-3.722,6.134
82.3100,5,-1.031,0.150,0.219,-2.541,7.608,5.355,10.965,8.652,2.013,-1.996,-4.215,5.995,9.983,-3.721,6.133
82.3200,5,-1.028,0.148,0.220,-2.541,7.608,5.354,10.964,8.653,2.013,-1.997,-4.215,5.995,9.982,-3.720,6.132
82.3300,5,-1.025,0.146,0.221,-2.542,7.609,5.353,10.963,8.654,2.013,-1.997,-4.214,5.994,9.982,-3.720,6.131
82.3400,5,-1.022,0.143,0.222,-2.542,7.610,5.353,10.962,8.656,2.013,-1.998,-4.213,5.993,9.981,-3.719,6.131
82.3500,5,-1.018,0.141,0.222,-2.543,7.610,5.352,10.961,8.657,2.012,-1.999,-4.212,5.993,9.980,-3.718,6.130
82.3600,5,-1.015,0.139,0.223,-2.543,7.611,5.351,10.960,8.658,2.012,-2.000,-4.211,5.992,9.980,-3.717,6.129
82.3700,5,-1.011,0.137,0.224,-2.544,7.612,5.350,10.959,8.660,2.012,-2.001,-4.210,5.991,9.979,-3.716,6.128
82.3800,5,-1.008,0.134,0.225,-2.544,7.612,5.349,10.957,8.661,2.012,-2.001,-4.209,5.991,9.979,-3.716,6.128
82.3900,5,-1.004,0.132,0.225,-2.544,7.613,5.348,10.956,8.662,2.011,-2.002,-4.208,5.990,9.978,-3.715,6.127
82.4000,5,-1.000,0.130,0.226,-2.545,7.614,5.348,10.955,8.664,2.011,-2.003,-4.207,5.989,9.977,-3.714,6.126
82.4100,5,-0.997,0.128,0.227,-2.545,7.614,5.347,10.954,8.665,2.011,-2.004,-4.206,5.989,9.977,-3.713,6.125
82.4200,5,-0.993,0.125,0.228,-2.546,7.615,5.346,10.953,8.666,2.011,-2.005,-4.206,5.988,9.976,-3.712,6.125
82.4300,5,-0.989,0.123,0.228,-2.546,7.615,5.345,10.952,8.667,2.011,-2.005,-4.205,5.987,9.976,-3.712,6.124
82.4400,5,-0.985,0.121,0.229,-2.547,7.616,5.344,10.951,8.669,2.010,-2.006,-4.204,5.987,9.975,-3.711,6.123
82.4500,5,-0.981,0.119,0.230,-2.547,7.617,5.343,10.950,8.670,2.010,-2.007,-4.203,5.986,9.974,-3.710,6.122
82.4600,5,-0.977,0.116,0.231,-2.548,7.617,5.343,10.948,8.671,2.010,-2.008,-4.202,5.985,9.974,-3.709,6.122
82.4700,5,-0.973,0.114,0.231,-2.548,7.618,5.342,10.947,8.673,2.010,-2.009,-4.201,5.985,9.973,-3.709,6.121
82.4800,5,-0.968,0.112,0.232,-2.548,7.619,5.341,10.946,8.674,2.009,-2.009,-4.200,5.984,9.973,-3.708,6.120
82.4900,5,-0.964,0.109,0.232,-2.549,7.619,5.340,10.945,8.675,2.009,-2.010,-4.199,5.983,9.972,-3.707,6.119
82.5000,5,-0.960,0.107,0.233,-2.549,7.620,5.339,10.944,8.677,2.009,-2.011,-4.198,5.983,9.971,-3.706,6.119
82.5100,5,-0.955,0.105,0.234,-2.550,7.621,5.339,10.943,8.678,2.008,-2.012,-4.198,5.982,9.971,-3.705,6.118
82.5200,5,-0.951,0.102,0.234,-2.550,7.621,5.338,10.942,8.679,2.008,-2.013,-4.197,5.981,9.970,-3.705,6.117
82.5300,5,-0.947,0.100,0.235,-2.551,7.622,5.337,10.940,8.681,2.008,-2.014,-4.196,5.981,9.970,-3.704,6.116
82.5400,5,-0.942,0.098,0.236,-2.551,7.622,5.336,10.939,8.682,2.008,-2.014,-4.195,5.980,9.969,-3.703,6.116
82.5500,5,-0.937,0.095,0.236,-2.552,7.623,5.336,10.938,8.683,2.007,-2.015,-4.194,5.980,9.968,-3.702,6.115
82.5600,5,-0.933,0.093,0.237,-2.552,7.624,5.335,10.937,8.685,2.007,-2.016,-4.193,5.979,9.968,-3.701,6.114
82.5700,5,-0.928,0.090,0.237,-2.552,7.624,5.334,10.936,8.686,2.007,-2.017,-4.192,5.978,9.967,-3.701,6.114
82.5800,5,-0.923,0.088,0.238,-2.553,7.625,5.333,10.935,8.687,2.007,-2.018,-4.191,5.978,9.967,-3.700,6.113
82.5900,5,-0.918,0.086,0.238,-2.553,7.626,5.332,10.934,8.689,2.006,-2.019,-4.190,5.977,9.966,-3.699,6.112
82.6000,5,-0.913,0.083,0.239,-2.554,7.626,5.332,10.932,8.690,2.006,-2.019,-4.190,5.977,9.965,-3.698,6.111
82.6100,5,-0.908,0.081,0.239,-2.554,7.627,5.331,10.931,8.691,2.006,-2.020,-4.189,5.976,9.965,-3.698,6.111
82.6200,5,-0.903,0.078,0.240,-2.555,7.628,5.330,10.930,8.692,2.006,-2.021,-4.188,5.975,9.964,-3.697,6.110
82.6300,5,-0.898,0.076,0.240,-2.555,7.628,5.329,10.929,8.694,2.005,-2.022,-4.187,5.975,9.963,-3.696,6.109
82.6400,5,-0.893,0.073,0.241,-2.556,7.629,5.329,10.928,8.695,2.005,-2.023,-4.186,5.974,9.963,-3.695,6.109
82.6500,5,-0.887,0.071,0.241,-2.556,7.630,5.328,10.927,8.696,2.005,-2.024,-4.185,5.974,9.962,-3.694,6.108
82.6600,5,-0.882,0.068,0.242,-2.556,7.630,5.327,10.925,8.698,2.005,-2.024,-4.184,5.973,9.962,-3.694,6.107
82.6700,5,-0.877,0.066,0.242,-2.557,7.631,5.326,10.924,8.699,2.005,-2.025,-4.183,5.972,9.961,-3.693,6.107
82.6800,5,-0.871,0.063,0.243,-2.557,7.631,5.326,10.923,8.700,2.004,-2.026,-4.182,5.972,9.960,-3.692,6.106
82.6900,5,-0.866,0.061,0.243,-2.558,7.632,5.325,10.922,8.702,2.004,-2.027,-4.181,5.971,9.960,-3.691,6.105
82.7000,5,-0.860,0.058,0.243,-2.558,7.633,5.324,10.921,8.703,2.004,-2.028,-4.181,5.971,9.959,-3.690,6.104
82.7100,5,-0.855,0.056,0.244,-2.559,7.633,5.323,10.920,8.704,2.004,-2.029,-4.180,5.970,9.958,-3.690,6.104
82.7200,5,-0.849,0.053,0.244,-2.559,7.634,5.323,10.918,8.706,2.003,-2.029,-4.179,5.969,9.958,-3.689,6.103
82.7300,5,-0.843,0.051,0.245,-2.560,7.635,5.322,10.917,8.707,2.003,-2.030,-4.178,5.969,9.957,-3.688,6.102
82.7400,5,-0.837,0.048,0.245,-2.560,7.635,5.321,10.916,8.708,2.003,-2.031,-4.177,5.968,9.957,-3.687,6.102
82.7500,5,-0.831,0.045,0.245,-2.561,7.636,5.321,10.915,8.710,2.003,-2.032,-4.176,5.968,9.956,-3.687,6.101
82.7600,5,-0.826,0.043,0.246,-2.561,7.637,5.320,10.914,8.711,2.002,-2.033,-4.175,5.967,9.955,-3.686,6.100
82.7700,5,-0.820,0.040,0.246,-2.561,7.637,5.319,10.913,8.712,2.002,-2.034,-4.174,5.967,9.955,-3.685,6.100
82.7800,5,-0.814,0.037,0.246,-2.562,7.638,5.318,10.911,8.713,2.002,-2.034,-4.173,5.966,9.954,-3.684,6.099
82.7900,5,-0.807,0.035,0.247,-2.562,7.638,5.318,10.910,8.715,2.002,-2.035,-4.173,5.966,9.953,-3.683,6.099
82.8000,5,-0.801,0.032,0.247,-2.563,7.639,5.317,10.909,8.716,2.001,-2.036,-4.172,5.965,9.953,-3.683,6.098
82.8100,5,-0.795,0.029,0.247,-2.563,7.640,5.316,10.908,8.717,2.001,-2.037,-4.171,5.965,9.952,-3.682,6.097
82.8200,5,-0.789,0.027,0.247,-2.564,7.640,5.316,10.907,8.719,2.001,-2.038,-4.170,5.964,9.952,-3.681,6.097
82.8300,5,-0.783,0.024,0.248,-2.564,7.641,5.315,10.906,8.720,2.001,-2.039,-4.169,5.963,9.951,-3.680,6.096
82.8400,5,-0.776,0.021,0.248,-2.565,7.642,5.314,10.904,8.721,2.000,-2.040,-4.168,5.963,9.950,-3.679,6.095
82.8500,5,-0.770,0.019,0.248,-2.565,7.642,5.314,10.903,8.723,2.000,-2.040,-4.167,5.962,9.950,-3.679,6.095
82.8600,5,-0.763,0.016,0.248,-2.566,7.643,5.313,10.902,8.724,2.000,-2.041,-4.166,5.962,9.949,-3.678,6.094
82.8700,5,-0.757,0.013,0.248,-2.566,7.644,5.312,10.901,8.725,2.000,-2.042,-4.165,5.961,9.948,-3.677,6.094
82.8800,5,-0.750,0.010,0.249,-2.567,7.644,5.311,10.900,8.727,2.000,-2.043,-4.164,5.961,9.948,-3.676,6.093
82.8900,5,-0.743,0.007,0.249,-2.567,7.645,5.311,10.898,8.728,1.999,-2.044,-4.164,5.960,9.947,-3.676,6.092
82.9000,5,-0.737,0.005,0.249,-2.567,7.646,5.310,10.897,8.729,1.999,-2.045,-4.163,5.960,9.947,-3.675,6.092
82.9100,5,-0.730,0.002,0.249,-2.568,7.646,5.309,10.896,8.731,1.999,-2.045,-4.162,5.959,9.946,-3.674,6.091
82.9200,5,-0.723,-0.001,0.249,-2.568,7.647,5.309,10.895,8.732,1.999,-2.046,-4.161,5.959,9.945,-3.673,6.091
82.9300,5,-0.716,-0.004,0.249,-2.569,7.647,5.308,10.894,8.733,1.999,-2.047,-4.160,5.958,9.945,-3.672,6.090
82.9400,5,-0.709,-0.007,0.250,-2.569,7.648,5.308,10.893,8.734,1.998,-2.048,-4.159,5.958,9.944,-3.672,6.089
82.9500,5,-0.702,-0.010,0.250,-2.570,7.649,5.307,10.891,8.736,1.998,-2.049,-4.158,5.957,9.943,-3.671,6.089
82.9600,5,-0.695,-0.012,0.250,-2.570,7.649,5.306,10.890,8.737,1.998,-2.050,-4.157,5.957,9.943,-3.670,6.088
82.9700,5,-0.688,-0.015,0.250,-2.571,7.650,5.306,10.889,8.738,1.998,-2.051,-4.156,5.956,9.942,-3.669,6.088
82.9800,5,-0.681,-0.018,0.250,-2.571,7.651,5.305,10.888,8.740,1.998,-2.051,-4.156,5.956,9.941,-3.668,6.087
82.9900,5,-0.674,-0.021,0.250,-2.572,7.651,5.304,10.887,8.741,1.997,-2.052,-4.155,5.956,9.941,-3.668,6.086
83.0000,5,-0.667,-0.024,0.250,-2.572,7.652,5.304,10.885,8.742,1.997,-2.053,-4.154,5.955,9.940,-3.667,6.086
83.0100,5,-0.660,-0.027,0.250,-2.573,7.653,5.303,10.884,8.744,1.997,-2.054,-4.153,5.955,9.940,-3.666,6.085
83.0200,5,-0.652,-0.030,0.250,-2.573,7.653,5.302,10.883,8.745,1.997,-2.055,-4.152,5.954,9.939,-3.665,6.085
83.0300,5,-0.645,-0.033,0.250,-2.574,7.654,5.302,10.882,8.746,1.997,-2.056,-4.151,5.954,9.938,-3.665,6.084
83.0400,5,-0.637,-0.036,0.250,-2.574,7.654,5.301,10.881,8.748,1.996,-2.057,-4.150,5.953,9.938,-3.664,6.084
83.0500,5,-0.630,-0.039,0.250,-2.574,7.655,5.301,10.879,8.749,1.996,-2.057,-4.149,5.953,9.937,-3.663,6.083
83.0600,5,-0.623,-0.042,0.250,-2.575,7.656,5.300,10.878,8.750,1.996,-2.058,-4.148,5.952,9.936,-3.662,6.083
83.0700,5,-0.615,-0.045,0.250,-2.575,7.656,5.299,10.877,8.751,1.996,-2.059,-4.148,5.952,9.936,-3.661,6.082
83.0800,5,-0.607,-0.048,0.250,-2.576,7.657,5.299,10.876,8.753,1.996,-2.060,-4.147,5.952,9.935,-3.661,6.082
83.0900,5,-0.600,-0.051,0.250,-2.576,7.658,5.298,10.875,8.754,1.995,-2.061,-4.146,5.951,9.934,-3.660,6.081
83.1000,5,-0.592,-0.054,0.250,-2.577,7.658,5.298,10.873,8.755,1.995,-2.062,-4.145,5.951,9.934,-3.659,6.081
83.1100,5,-0.584,-0.058,0.250,-2.577,7.659,5.297,10.872,8.757,1.995,-2.063,-4.144,5.950,9.933,-3.658,6.080
83.1200,5,-0.576,-0.061,0.249,-2.578,7.660,5.297,10.871,8.758,1.995,-2.063,-4.143,5.950,9.932,-3.657,6.080
83.1300,5,-0.569,-0.064,0.249,-2.578,7.660,5.296,10.870,8.759,1.995,-2.064,-4.142,5.949,9.932,-3.657,6.079
83.1400,5,-0.561,-0.067,0.249,-2.579,7.661,5.295,10.869,8.761,1.995,-2.065,-4.141,5.949,9.931,-3.656,6.079
83.1500,5,-0.553,-0.070,0.249,-2.579,7.662,5.295,10.867,8.762,1.994,-2.066,-4.140,5.949,9.930,-3.655,6.078
83.1600,5,-0.545,-0.073,0.249,-2.580,7.662,5.294,10.866,8.763,1.994,-2.067,-4.140,5.948,9.930,-3.654,6.078
83.1700,5,-0.537,-0.077,0.249,-2.580,7.663,5.294,10.865,8.765,1.994,-2.068,-4.139,5.948,9.929,-3.654,6.077
83.1800,5,-0.529,-0.080,0.249,-2.581,7.663,5.293,10.864,8.766,1.994,-2.069,-4.138,5.947,9.929,-3.653,6.077
83.1900,5,-0.521,-0.083,0.248,-2.581,7.664,5.293,10.863,8.767,1.994,-2.070,-4.137,5.947,9.928,-3.652,6.076
83.2000,5,-0.513,-0.086,0.248,-2.582,7.665,5.292,10.861,8.768,1.994,-2.070,-4.136,5.947,9.927,-3.651,6.076
83.2100,5,-0.505,-0.090,0.248,-2.582,7.665,5.292,10.860,8.770,1.994,-2.071,-4.135,5.946,9.927,-3.650,6.075
83.2200,5,-0.496,-0.093,0.248,-2.583,7.666,5.291,10.859,8.771,1.993,-2.072,-4.134,5.946,9.926,-3.650,6.075
83.2300,5,-0.488,-0.096,0.248,-2.583,7.667,5.291,10.858,8.772,1.993,-2.073,-4.133,5.946,9.925,-3.649,6.074
83.2400,5,-0.480,-0.099,0.247,-2.583,7.667,5.290,10.857,8.774,1.993,-2.074,-4.132,5.945,9.925,-3.648,6.074
83.2500,5,-0.472,-0.103,0.247,-2.584,7.668,5.290,10.855,8.775,1.993,-2.075,-4.132,5.945,9.924,-3.647,6.073
83.2600,5,-0.463,-0.106,0.247,-2.584,7.669,5.289,10.854,8.776,1.993,-2.076,-4.131,5.945,9.923,-3.647,6.073
83.2700,5,-0.455,-0.109,0.246,-2.585,7.669,5.289,10.853,8.778,1.993,-2.076,-4.130,5.944,9.923,-3.646,6.072
83.2800,5,-0.446,-0.113,0.246,-2.585,7.670,5.288,10.852,8.779,1.993,-2.077,-4.129,5.944,9.922,-3.645,6.072
83.2900,5,-0.438,-0.116,0.246,-2.586,7.670,5.288,10.851,8.780,1.993,-2.078,-4.128,5.944,9.921,-3.644,6.072
83.3000,5,-0.430,-0.120,0.245,-2.586,7.671,5.287,10.849,8.782,1.992,-2.079,-4.127,5.943,9.921,-3.643,6.071
83.3100,5,-0.421,-0.123,0.245,-2.587,7.672,5.287,10.848,8.783,1.992,-2.080,-4.126,5.943,9.920,-3.643,6.071
83.3200,5,-0.413,-0.127,0.245,-2.587,7.672,5.286,10.847,8.784,1.992,-2.081,-4.125,5.943,9.919,-3.642,6.070
83.3300,5,-0.404,-0.130,0.244,-2.588,7.673,5.286,10.846,8.785,1.992,-2.082,-4.124,5.942,9.919,-3.641,6.070
83.3400,5,-0.395,-0.133,0.244,-2.588,7.674,5.285,10.845,8.787,1.992,-2.083,-4.124,5.942,9.918,-3.640,6.070
83.3500,5,-0.387,-0.137,0.244,-2.589,7.674,5.285,10.843,8.788,1.992,-2.083,-4.123,5.942,9.918,-3.639,6.069
83.3600,5,-0.378,-0.140,0.243,-2.589,7.675,5.284,10.842,8.789,1.992,-2.084,-4.122,5.941,9.917,-3.639,6.069
83.3700,5,-0.369,-0.144,0.243,-2.590,7.676,5.284,10.841,8.791,1.992,-2.085,-4.121,5.941,9.916,-3.638,6.068
83.3800,5,-0.361,-0.147,0.242,-2.590,7.676,5.283,10.840,8.792,1.992,-2.086,-4.120,5.941,9.916,-3.637,6.068
83.3900,5,-0.352,-0.151,0.242,-2.591,7.677,5.283,10.839,8.793,1.992,-2.087,-4.119,5.941,9.915,-3.636,6.068
83.4000,5,-0.343,-0.155,0.242,-2.591,7.677,5.283,10.837,8.795,1.991,-2.088,-4.118,5.940,9.914,-3.636,6.067
83.4100,5,-0.334,-0.158,0.241,-2.592,7.678,5.282,10.836,8.796,1.991,-2.089,-4.117,5.940,9.914,-3.635,6.067
83.4200,5,-0.325,-0.162,0.241,-2.592,7.679,5.282,10.835,8.797,1.991,-2.090,-4.116,5.940,9.913,-3.634,6.067
83.4300,5,-0.317,-0.165,0.240,-2.593,7.679,5.281,10.834,8.798,1.991,-2.090,-4.116,5.939,9.912,-3.633,6.066
83.4400,5,-0.308,-0.169,0.240,-2.593,7.680,5.281,10.833,8.800,1.991,-2.091,-4.115,5.939,9.912,-3.632,6.066
83.4500,5,-0.299,-0.173,0.239,-2.593,7.681,5.281,10.831,8.801,1.991,-2.092,-4.114,5.939,9.911,-3.632,6.065
83.4600,5,-0.290,-0.176,0.239,-2.594,7.681,5.280,10.830,8.802,1.991,-2.093,-4.113,5.939,9.910,-3.631,6.065
83.4700,5,-0.281,-0.180,0.238,-2.594,7.682,5.280,10.829,8.804,1.991,-2.094,-4.112,5.938,9.910,-3.630,6.065
83.4800,5,-0.272,-0.184,0.238,-2.595,7.683,5.279,10.828,8.805,1.991,-2.095,-4.111,5.938,9.909,-3.629,6.064
83.4900,5,-0.263,-0.187,0.237,-2.595,7.683,5.279,10.826,8.806,1.991,-2.096,-4.110,5.938,9.908,-3.629,6.064
83.5000,5,-0.254,-0.191,0.236,-2.596,7.684,5.279,10.825,8.808,1.991,-2.096,-4.109,5.938,9.908,-3.628,6.064
83.5100,5,-0.245,-0.195,0.236,-2.596,7.684,5.278,10.824,8.809,1.991,-2.097,-4.108,5.937,9.907,-3.627,6.064
83.5200,5,-0.236,-0.199,0.235,-2.597,7.685,5.278,10.823,8.810,1.991,-2.098,-4.108,5.937,9.906,-3.626,6.063
83.5300,5,-0.227,-0.202,0.235,-2.597,7.686,5.278,10.822,8.811,1.991,-2.099,-4.107,5.937,9.906,-3.625,6.063
83.5400,5,-0.218,-0.206,0.234,-2.598,7.686,5.277,10.820,8.813,1.991,-2.100,-4.106,5.937,9.905,-3.625,6.063
83.5500,5,-0.209,-0.210,0.233,-2.598,7.687,5.277,10.819,8.814,1.991,-2.101,-4.105,5.937,9.905,-3.624,6.062
83.5600,5,-0.199,-0.214,0.233,-2.599,7.688,5.276,10.818,8.815,1.991,-2.102,-4.104,5.936,9.904,-3.623,6.062
83.5700,5,-0.190,-0.218,0.232,-2.599,7.688,5.276,10.817,8.817,1.990,-2.103,-4.103,5.936,9.903,-3.622,6.062
83.5800,5,-0.181,-0.221,0.232,-2.600,7.689,5.276,10.816,8.818,1.990,-2.103,-4.102,5.936,9.903,-3.622,6.061
83.5900,5,-0.172,-0.225,0.231,-2.600,7.690,5.275,10.814,8.819,1.990,-2.104,-4.101,5.936,9.902,-3.621,6.061
83.6000,5,-0.163,-0.229,0.230,-2.601,7.690,5.275,10.813,8.820,1.990,-2.105,-4.100,5.936,9.901,-3.620,6.061
83.6100,5,-0.154,-0.233,0.230,-2.601,7.691,5.275,10.812,8.822,1.990,-2.106,-4.100,5.935,9.901,-3.619,6.061
83.6200,5,-0.144,-0.237,0.229,-2.602,7.691,5.275,10.811,8.823,1.990,-2.107,-4.099,5.935,9.900,-3.618,6.060
83.6300,5,-0.135,-0.241,0.228,-2.602,7.692,5.274,10.810,8.824,1.990,-2.108,-4.098,5.935,9.899,-3.618,6.060
83.6400,5,-0.126,-0.245,0.227,-2.603,7.693,5.274,10.808,8.826,1.990,-2.109,-4.097,5.935,9.899,-3.617,6.060
83.6500,5,-0.117,-0.249,0.227,-2.603,7.693,5.274,10.807,8.827,1.990,-2.110,-4.096,5.935,9.898,-3.616,6.060
83.6600,5,-0.108,-0.253,0.226,-2.604,7.694,5.273,10.806,8.828,1.990,-2.110,-4.095,5.935,9.897,-3.615,6.059
83.6700,5,-0.098,-0.257,0.225,-2.604,7.695,5.273,10.805,8.830,1.990,-2.111,-4.094,5.935,9.897,-3.615,6.059
83.6800,5,-0.089,-0.261,0.224,-2.605,7.695,5.273,10.803,8.831,1.990,-2.112,-4.093,5.934,9.896,-3.614,6.059
83.6900,5,-0.080,-0.265,0.224,-2.605,7.696,5.273,10.802,8.832,1.990,-2.113,-4.093,5.934,9.895,-3.613,6.059
83.7000,5,-0.070,-0.269,0.223,-2.605,7.696,5.272,10.801,8.833,1.990,-2.114,-4.092,5.934,9.895,-3.612,6.059
83.7100,5,-0.061,-0.273,0.222,-2.606,7.697,5.272,10.800,8.835,1.990,-2.115,-4.091,5.934,9.894,-3.611,6.058
83.7200,5,-0.052,-0.277,0.221,-2.606,7.698,5.272,10.799,8.836,1.991,-2.116,-4.090,5.934,9.893,-3.611,6.058
83.7300,5,-0.043,-0.281,0.220,-2.607,7.698,5.272,10.797,8.837,1.991,-2.117,-4.089,5.934,9.893,-3.610,6.058
83.7400,5,-0.033,-0.285,0.220,-2.607,7.699,5.271,10.796,8.839,1.991,-2.117,-4.088,5.934,9.892,-3.609,6.058
83.7500,5,-0.024,-0.289,0.219,-2.608,7.700,5.271,10.795,8.840,1.991,-2.118,-4.087,5.934,9.891,-3.608,6.058
83.7600,5,-0.015,-0.293,0.218,-2.608,7.700,5.271,10.794,8.841,1.991,-2.119,-4.086,5.933,9.891,-3.608,6.057
83.7700,5,-0.005,-0.298,0.217,-2.609,7.701,5.271,10.793,8.842,1.991,-2.120,-4.086,5.933,9.890,-3.607,6.057
83.7800,5,0.004,-0.302,0.216,-2.609,7.702,5.270,10.791,8.844,1.991,-2.121,-4.085,5.933,9.889,-3.606,6.057
83.7900,5,0.013,-0.306,0.215,-2.610,7.702,5.270,10.790,8.845,1.991,-2.122,-4.084,5.933,9.889,-3.605,6.057
83.8000,5,0.023,-0.310,0.214,-2.610,7.703,5.270,10.789,8.846,1.991,-2.123,-4.083,5.933,9.888,-3.604,6.057
83.8100,5,0.032,-0.314,0.213,-2.611,7.703,5.270,10.788,8.848,1.991,-2.124,-4.082,5.933,9.888,-3.604,6.057
83.8200,5,0.041,-0.319,0.213,-2.611,7.704,5.270,10.787,8.849,1.991,-2.124,-4.081,5.933,9.887,-3.603,6.057
83.8300,5,0.050,-0.323,0.212,-2.612,7.705,5.269,10.785,8.850,1.991,-2.125,-4.080,5.933,9.886,-3.602,6.056
83.8400,5,0.060,-0.327,0.211,-2.612,7.705,5.269,10.784,8.851,1.991,-2.126,-4.079,5.933,9.886,-3.601,6.056
83.8500,5,0.069,-0.331,0.210,-2.613,7.706,5.269,10.783,8.853,1.991,-2.127,-4.078,5.933,9.885,-3.601,6.056
83.8600,5,0.078,-0.336,0.209,-2.613,7.707,5.269,10.782,8.854,1.991,-2.128,-4.078,5.933,9.884,-3.600,6.056
83.8700,5,0.088,-0.340,0.208,-2.614,7.707,5.269,10.780,8.855,1.991,-2.129,-4.077,5.933,9.884,-3.599,6.056
83.8800,5,0.097,-0.344,0.207,-2.614,7.708,5.269,10.779,8.857,1.991,-2.130,-4.076,5.933,9.883,-3.598,6.056
83.8900,5,0.106,-0.348,0.206,-2.615,7.709,5.268,10.778,8.858,1.992,-2.130,-4.075,5.933,9.882,-3.597,6.056
83.9000,5,0.115,-0.353,0.205,-2.615,7.709,5.268,10.777,8.859,1.992,-2.131,-4.074,5.933,9.882,-3.597,6.056
83.9100,5,0.125,-0.357,0.204,-2.616,7.710,5.268,10.776,8.860,1.992,-2.132,-4.073,5.933,9.881,-3.596,6.055
83.9200,5,0.134,-0.361,0.203,-2.616,7.710,5.268,10.774,8.862,1.992,-2.133,-4.072,5.933,9.880,-3.595,6.055
83.9300,5,0.143,-0.366,0.202,-2.616,7.711,5.268,10.773,8.863,1.992,-2.134,-4.071,5.933,9.880,-3.594,6.055
83.9400,5,0.152,-0.370,0.201,-2.617,7.712,5.268,10.772,8.864,1.992,-2.135,-4.071,5.933,9.879,-3.594,6.055
83.9500,5,0.161,-0.375,0.200,-2.617,7.712,5.268,10.771,8.866,1.992,-2.136,-4.070,5.933,9.878,-3.593,6.055
83.9600,5,0.171,-0.379,0.199,-2.618,7.713,5.268,10.770,8.867,1.992,-2.137,-4.069,5.933,9.878,-3.592,6.055
83.9700,5,0.180,-0.383,0.198,-2.618,7.714,5.267,10.768,8.868,1.992,-2.137,-4.068,5.933,9.877,-3.591,6.055
83.9800,5,0.189,-0.388,0.196,-2.619,7.714,5.267,10.767,8.869,1.993,-2.138,-4.067,5.933,9.876,-3.591,6.055
83.9900,5,0.198,-0.392,0.195,-2.619,7.715,5.267,10.766,8.871,1.993,-2.139,-4.066,5.933,9.876,-3.590,6.055
84.0000,5,0.207,-0.397,0.194,-2.620,7.715,5.267,10.765,8.872,1.993,-2.140,-4.065,5.933,9.875,-3.589,6.055
84.0100,5,0.216,-0.401,0.193,-2.620,7.716,5.267,10.764,8.873,1.993,-2.141,-4.064,5.933,9.875,-3.588,6.055
84.0200,5,0.225,-0.406,0.192,-2.621,7.717,5.267,10.762,8.875,1.993,-2.142,-4.064,5.933,9.874,-3.587,6.055
84.0300,5,0.234,-0.410,0.191,-2.621,7.717,5.267,10.761,8.876,1.993,-2.143,-4.063,5.933,9.873,-3.587,6.055
84.0400,5,0.243,-0.415,0.190,-2.622,7.718,5.267,10.760,8.877,1.993,-2.144,-4.062,5.933,9.873,-3.586,6.055
84.0500,5,0.253,-0.419,0.189,-2.622,7.719,5.267,10.759,8.878,1.994,-2.144,-4.061,5.933,9.872,-3.585,6.055
84.0600,5,0.262,-0.424,0.188,-2.623,7.719,5.267,10.758,8.880,1.994,-2.145,-4.060,5.933,9.871,-3.584,6.055
84.0700,5,0.271,-0.428,0.186,-2.623,7.720,5.267,10.756,8.881,1.994,-2.146,-4.059,5.933,9.871,-3.584,6.055
84.0800,5,0.279,-0.433,0.185,-2.624,7.720,5.267,10.755,8.882,1.994,-2.147,-4.058,5.933,9.870,-3.583,6.055
84.0900,5,0.288,-0.437,0.184,-2.624,7.721,5.267,10.754,8.883,1.994,-2.148,-4.057,5.933,9.869,-3.582,6.055
84.1000,5,0.297,-0.442,0.183,-2.625,7.722,5.267,10.753,8.885,1.994,-2.149,-4.057,5.933,9.869,-3.581,6.055
84.1100,5,0.306,-0.447,0.182,-2.625,7.722,5.267,10.752,8.886,1.995,-2.150,-4.056,5.933,9.868,-3.581,6.055
84.1200,5,0.315,-0.451,0.180,-2.626,7.723,5.267,10.750,8.887,1.995,-2.150,-4.055,5.933,9.867,-3.580,6.055
84.1300,5,0.324,-0.456,0.179,-2.626,7.724,5.267,10.749,8.889,1.995,-2.151,-4.054,5.933,9.867,-3.579,6.055
84.1400,5,0.333,-0.460,0.178,-2.627,7.724,5.267,10.748,8.890,1.995,-2.152,-4.053,5.933,9.866,-3.578,6.055
84.1500,5,0.342,-0.465,0.177,-2.627,7.725,5.267,10.747,8.891,1.995,-2.153,-4.052,5.934,9.865,-3.577,6.055
84.1600,5,0.350,-0.470,0.176,-2.627,7.725,5.267,10.746,8.892,1.995,-2.154,-4.051,5.934,9.865,-3.577,6.055
84.1700,5,0.359,-0.474,0.174,-2.628,7.726,5.267,10.744,8.894,1.996,-2.155,-4.051,5.934,9.864,-3.576,6.055
84.1800,5,0.368,-0.479,0.173,-2.628,7.727,5.267,10.743,8.895,1.996,-2.156,-4.050,5.934,9.863,-3.575,6.055
84.1900,5,0.377,-0.484,0.172,-2.629,7.727,5.267,10.742,8.896,1.996,-2.156,-4.049,5.934,9.863,-3.574,6.055
84.2000,5,0.385,-0.488,0.170,-2.629,7.728,5.267,10.741,8.897,1.996,-2.157,-4.048,5.934,9.862,-3.574,6.055
84.2100,5,0.394,-0.493,0.169,-2.630,7.729,5.267,10.740,8.899,1.997,-2.158,-4.047,5.934,9.862,-3.573,6.055
84.2200,5,0.403,-0.498,0.168,-2.630,7.729,5.267,10.738,8.900,1.997,-2.159,-4.046,5.934,9.861,-3.572,6.056
84.2300,5,0.411,-0.503,0.167,-2.631,7.730,5.267,10.737,8.901,1.997,-2.160,-4.045,5.935,9.860,-3.571,6.056
84.2400,5,0.420,-0.507,0.165,-2.631,7.730,5.267,10.736,8.902,1.997,-2.161,-4.045,5.935,9.860,-3.571,6.056
84.2500,5,0.428,-0.512,0.164,-2.632,7.731,5.267,10.735,8.904,1.997,-2.162,-4.044,5.935,9.859,-3.570,6.056
84.2600,5,0.437,-0.517,0.163,-2.632,7.732,5.267,10.734,8.905,1.998,-2.162,-4.043,5.935,9.858,-3.569,6.056
84.2700,5,0.445,-0.522,0.161,-2.633,7.732,5.267,10.733,8.906,1.998,-2.163,-4.042,5.935,9.858,-3.568,6.056
84.2800,5,0.454,-0.526,0.160,-2.633,7.733,5.267,10.731,8.907,1.998,-2.164,-4.041,5.935,9.857,-3.568,6.056
84.2900,5,0.462,-0.531,0.159,-2.634,7.734,5.267,10.730,8.909,1.998,-2.165,-4.040,5.935,9.856,-3.567,6.056
84.3000,5,0.470,-0.536,0.157,-2.634,7.734,5.268,10.729,8.910,1.999,-2.166,-4.039,5.936,9.856,-3.566,6.056
84.3100,5,0.479,-0.541,0.156,-2.635,7.735,5.268,10.728,8.911,1.999,-2.167,-4.038,5.936,9.855,-3.565,6.057
84.3200,5,0.487,-0.546,0.155,-2.635,7.735,5.268,10.727,8.912,1.999,-2.168,-4.038,5.936,9.854,-3.565,6.057
84.3300,5,0.495,-0.550,0.153,-2.636,7.736,5.268,10.725,8.914,1.999,-2.168,-4.037,5.936,9.854,-3.564,6.057
84.3400,5,0.503,-0.555,0.152,-2.636,7.737,5.268,10.724,8.915,2.000,-2.169,-4.036,5.936,9.853,-3.563,6.057
84.3500,5,0.511,-0.560,0.150,-2.636,7.737,5.268,10.723,8.916,2.000,-2.170,-4.035,5.937,9.853,-3.562,6.057
84.3600,5,0.520,-0.565,0.149,-2.637,7.738,5.268,10.722,8.917,2.000,-2.171,-4.034,5.937,9.852,-3.561,6.057
84.3700,5,0.528,-0.570,0.148,-2.637,7.738,5.268,10.721,8.919,2.000,-2.172,-4.033,5.937,9.851,-3.561,6.058
84.3800,5,0.536,-0.575,0.146,-2.638,7.739,5.269,10.720,8.920,2.001,-2.173,-4.033,5.937,9.851,-3.560,6.058
84.3900,5,0.544,-0.579,0.145,-2.638,7.740,5.269,10.718,8.921,2.001,-2.174,-4.032,5.937,9.850,-3.559,6.058
84.4000,5,0.552,-0.584,0.143,-2.639,7.740,5.269,10.717,8.922,2.001,-2.174,-4.031,5.938,9.849,-3.558,6.058
84.4100,5,0.560,-0.589,0.142,-2.639,7.741,5.269,10.716,8.924,2.002,-2.175,-4.030,5.938,9.849,-3.558,6.058
84.4200,5,0.567,-0.594,0.140,-2.640,7.742,5.269,10.715,8.925,2.002,-2.176,-4.029,5.938,9.848,-3.557,6.058
84.4300,5,0.575,-0.599,0.139,-2.640,7.742,5.269,10.714,8.926,2.002,-2.177,-4.028,5.938,9.847,-3.556,6.059
84.4400,5,0.583,-0.604,0.137,-2.641,7.743,5.270,10.713,8.927,2.003,-2.178,-4.027,5.939,9.847,-3.555,6.059
84.4500,5,0.591,-0.609,0.136,-2.641,7.743,5.270,10.711,8.928,2.003,-2.179,-4.027,5.939,9.846,-3.555,6.059
84.4600,5,0.598,-0.614,0.135,-2.642,7.744,5.270,10.710,8.930,2.003,-2.180,-4.026,5.939,9.846,-3.554,6.059
84.4700,5,0.606,-0.619,0.133,-2.642,7.745,5.270,10.709,8.931,2.003,-2.180,-4.025,5.939,9.845,-3.553,6.060
84.4800,5,0.614,-0.623,0.132,-2.643,7.745,5.270,10.708,8.932,2.004,-2.181,-4.024,5.940,9.844,-3.552,6.060
84.4900,5,0.621,-0.628,0.130,-2.643,7.746,5.271,10.707,8.933,2.004,-2.182,-4.023,5.940,9.844,-3.552,6.060
84.5000,5,0.629,-0.633,0.129,-2.643,7.746,5.271,10.706,8.935,2.004,-2.183,-4.022,5.940,9.843,-3.551,6.060
84.5100,5,0.636,-0.638,0.127,-2.644,7.747,5.271,10.704,8.936,2.005,-2.184,-4.022,5.940,9.842,-3.550,6.061
84.5200,5,0.644,-0.643,0.126,-2.644,7.748,5.271,10.703,8.937,2.005,-2.185,-4.021,5.941,9.842,-3.550,6.061
84.5300,5,0.651,-0.648,0.124,-2.645,7.748,5.272,10.702,8.938,2.005,-2.185,-4.020,5.941,9.841,-3.549,6.061
84.5400,5,0.658,-0.653,0.123,-2.645,7.749,5.272,10.701,8.939,2.006,-2.186,-4.019,5.941,9.841,-3.548,6.061
84.5500,5,0.666,-0.658,0.121,-2.646,7.749,5.272,10.700,8.941,2.006,-2.187,-4.018,5.942,9.840,-3.547,6.062
84.5600,5,0.673,-0.663,0.119,-2.646,7.750,5.272,10.699,8.942,2.006,-2.188,-4.017,5.942,9.839,-3.547,6.062
84.5700,5,0.680,-0.668,0.118,-2.647,7.751,5.273,10.698,8.943,2.007,-2.189,-4.017,5.942,9.839,-3.546,6.062
84.5800,5,0.687,-0.673,0.116,-2.647,7.751,5.273,10.696,8.944,2.007,-2.190,-4.016,5.942,9.838,-3.545,6.062
84.5900,5,0.694,-0.678,0.115,-2.648,7.752,5.273,10.695,8.946,2.007,-2.190,-4.015,5.943,9.837,-3.544,6.063
84.6000,5,0.701,-0.683,0.113,-2.648,7.753,5.273,10.694,8.947,2.008,-2.191,-4.014,5.943,9.837,-3.544,6.063
84.6100,5,0.708,-0.688,0.112,-2.648,7.753,5.274,10.693,8.948,2.008,-2.192,-4.013,5.943,9.836,-3.543,6.063
84.6200,5,0.715,-0.693,0.110,-2.649,7.754,5.274,10.692,8.949,2.009,-2.193,-4.012,5.944,9.836,-3.542,6.064
84.6300,5,0.722,-0.698,0.109,-2.649,7.754,5.274,10.691,8.950,2.009,-2.194,-4.012,5.944,9.835,-3.541,6.064
84.6400,5,0.729,-0.703,0.107,-2.650,7.755,5.275,10.690,8.952,2.009,-2.195,-4.011,5.944,9.834,-3.541,6.064
84.6500,5,0.736,-0.708,0.105,-2.650,7.756,5.275,10.688,8.953,2.010,-2.195,-4.010,5.945,9.834,-3.540,6.065
84.6600,5,0.742,-0.713,0.104,-2.651,7.756,5.275,10.687,8.954,2.010,-2.196,-4.009,5.945,9.833,-3.539,6.065
84.6700,5,0.749,-0.718,0.102,-2.651,7.757,5.276,10.686,8.955,2.010,-2.197,-4.008,5.945,9.832,-3.538,6.065
84.6800,5,0.756,-0.723,0.101,-2.652,7.757,5.276,10.685,8.956,2.011,-2.198,-4.007,5.946,9.832,-3.538,6.066
84.6900,5,0.762,-0.728,0.099,-2.652,7.758,5.276,10.684,8.958,2.011,-2.199,-4.007,5.946,9.831,-3.537,6.066
84.7000,5,0.769,-0.733,0.097,-2.653,7.759,5.277,10.683,8.959,2.012,-2.199,-4.006,5.947,9.831,-3.536,6.066
84.7100,5,0.775,-0.738,0.096,-2.653,7.759,5.277,10.682,8.960,2.012,-2.200,-4.005,5.947,9.830,-3.536,6.067
84.7200,5,0.782,-0.743,0.094,-2.653,7.760,5.277,10.681,8.961,2.012,-2.201,-4.004,5.947,9.829,-3.535,6.067
84.7300,5,0.788,-0.748,0.093,-2.654,7.760,5.278,10.680,8.962,2.013,-2.202,-4.003,5.948,9.829,-3.534,6.067
84.7400,5,0.794,-0.753,0.091,-2.654,7.761,5.278,10.678,8.963,2.013,-2.203,-4.003,5.948,9.828,-3.533,6.068
84.7500,5,0.800,-0.758,0.089,-2.655,7.761,5.278,10.677,8.965,2.014,-2.204,-4.002,5.948,9.828,-3.533,6.068
84.7600,5,0.806,-0.763,0.088,-2.655,7.762,5.279,10.676,8.966,2.014,-2.204,-4.001,5.949,9.827,-3.532,6.068
84.7700,5,0.813,-0.768,0.086,-2.656,7.763,5.279,10.675,8.967,2.014,-2.205,-4.000,5.949,9.826,-3.531,6.069
84.7800,5,0.819,-0.773,0.084,-2.656,7.763,5.279,10.674,8.968,2.015,-2.206,-3.999,5.950,9.826,-3.530,6.069
84.7900,5,0.825,-0.778,0.083,-2.657,7.764,5.280,10.673,8.969,2.015,-2.207,-3.998,5.950,9.825,-3.530,6.070
84.8000,5,0.831,-0.783,0.081,-2.657,7.764,5.280,10.672,8.970,2.016,-2.208,-3.998,5.950,9.825,-3.529,6.070
84.8100,5,0.836,-0.788,0.079,-2.657,7.765,5.281,10.671,8.972,2.016,-2.208,-3.997,5.951,9.824,-3.528,6.070
84.8200,5,0.842,-0.793,0.078,-2.658,7.766,5.281,10.670,8.973,2.016,-2.209,-3.996,5.951,9.823,-3.528,6.071
84.8300,5,0.848,-0.798,0.076,-2.658,7.766,5.281,10.669,8.974,2.017,-2.210,-3.995,5.952,9.823,-3.527,6.071
84.8400,5,0.854,-0.803,0.074,-2.659,7.767,5.282,10.667,8.975,2.017,-2.211,-3.994,5.952,9.822,-3.526,6.072
84.8500,5,0.859,-0.808,0.073,-2.659,7.767,5.282,10.666,8.976,2.018,-2.212,-3.994,5.952,9.822,-3.525,6.072
84.8600,5,0.865,-0.813,0.071,-2.660,7.768,5.283,10.665,8.977,2.018,-2.212,-3.993,5.953,9.821,-3.525,6.073
84.8700,5,0.870,-0.818,0.069,-2.660,7.769,5.283,10.664,8.978,2.019,-2.213,-3.992,5.953,9.820,-3.524,6.073
84.8800,5,0.876,-0.823,0.068,-2.660,7.769,5.284,10.663,8.980,2.019,-2.214,-3.991,5.954,9.820,-3.523,6.073
84.8900,5,0.881,-0.828,0.066,-2.661,7.770,5.284,10.662,8.981,2.020,-2.215,-3.990,5.954,9.819,-3.523,6.074
84.9000,5,0.887,-0.833,0.064,-2.661,7.770,5.284,10.661,8.982,2.020,-2.216,-3.990,5.955,9.819,-3.522,6.074
84.9100,5,0.892,-0.838,0.063,-2.662,7.771,5.285,10.660,8.983,2.020,-2.216,-3.989,5.955,9.818,-3.521,6.075
84.9200,5,0.897,-0.843,0.061,-2.662,7.771,5.285,10.659,8.984,2.021,-2.217,-3.988,5.956,9.817,-3.521,6.075
84.9300,5,0.902,-0.848,0.059,-2.663,7.772,5.286,10.658,8.985,2.021,-2.218,-3.987,5.956,9.817,-3.520,6.076
84.9400,5,0.907,-0.853,0.058,-2.663,7.773,5.286,10.657,8.986,2.022,-2.219,-3.987,5.956,9.816,-3.519,6.076
84.9500,5,0.912,-0.858,0.056,-2.663,7.773,5.287,10.656,8.988,2.022,-2.219,-3.986,5.957,9.816,-3.518,6.077
84.9600,5,0.917,-0.863,0.054,-2.664,7.774,5.287,10.655,8.989,2.023,-2.220,-3.985,5.957,9.815,-3.518,6.077
84.9700,5,0.922,-0.868,0.052,-2.664,7.774,5.288,10.654,8.990,2.023,-2.221,-3.984,5.958,9.815,-3.517,6.078
84.9800,5,0.927,-0.873,0.051,-2.665,7.775,5.288,10.653,8.991,2.024,-2.222,-3.983,5.958,9.814,-3.516,6.078
84.9900,5,0.932,-0.878,0.049,-2.665,7.775,5.289,10.651,8.992,2.024,-2.223,-3.983,5.959,9.813,-3.516,6.079
85.0000,5,0.937,-0.883,0.047,-2.666,7.776,5.289,10.650,8.993,2.025,-2.223,-3.982,5.959,9.813,-3.515,6.079
85.0100,5,0.941,-0.888,0.046,-2.666,7.777,5.290,10.649,8.994,2.025,-2.224,-3.981,5.960,9.812,-3.514,6.080
85.0200,5,0.946,-0.893,0.044,-2.666,7.777,5.290,10.648,8.995,2.026,-2.225,-3.980,5.960,9.812,-3.514,6.080
85.0300,5,0.950,-0.897,0.042,-2.667,7.778,5.291,10.647,8.996,2.026,-2.226,-3.980,5.961,9.811,-3.513,6.081
85.0400,5,0.955,-0.902,0.040,-2.667,7.778,5.291,10.646,8.998,2.027,-2.226,-3.979,5.961,9.811,-3.512,6.081
85.0500,5,0.959,-0.907,0.039,-2.668,7.779,5.292,10.645,8.999,2.027,-2.227,-3.978,5.962,9.810,-3.512,6.082
85.0600,5,0.964,-0.912,0.037,-2.668,7.779,5.292,10.644,9.000,2.028,-2.228,-3.977,5.962,9.809,-3.511,6.082
85.0700,5,0.968,-0.917,0.035,-2.668,7.780,5.293,10.643,9.001,2.028,-2.229,-3.977,5.963,9.809,-3.510,6.083
85.0800,5,0.972,-0.922,0.033,-2.669,7.780,5.293,10.642,9.002,2.029,-2.229,-3.976,5.963,9.808,-3.509,6.083
85.0900,5,0.976,-0.927,0.032,-2.669,7.781,5.294,10.641,9.003,2.029,-2.230,-3.975,5.964,9.808,-3.509,6.084
85.1000,5,0.980,-0.932,0.030,-2.670,7.782,5.294,10.640,9.004,2.030,-2.231,-3.974,5.964,9.807,-3.508,6.084
85.1100,5,0.984,-0.937,0.028,-2.670,7.782,5.295,10.639,9.005,2.030,-2.232,-3.973,5.965,9.807,-3.507,6.085
85.1200,5,0.988,-0.942,0.027,-2.671,7.783,5.296,10.638,9.006,2.031,-2.232,-3.973,5.965,9.806,-3.507,6.085
85.1300,5,0.992,-0.946,0.025,-2.671,7.783,5.296,10.637,9.007,2.031,-2.233,-3.972,5.966,9.806,-3.506,6.086
85.1400,5,0.996,-0.951,0.023,-2.671,7.784,5.297,10.636,9.008,2.032,-2.234,-3.971,5.966,9.805,-3.505,6.086
85.1500,5,1.000,-0.956,0.021,-2.672,7.784,5.297,10.635,9.009,2.032,-2.235,-3.971,5.967,9.804,-3.505,6.087
85.1600,5,1.004,-0.961,0.020,-2.672,7.785,5.298,10.634,9.011,2.033,-2.235,-3.970,5.968,9.804,-3.504,6.088
85.1700,5,1.007,-0.966,0.018,-2.673,7.785,5.298,10.633,9.012,2.033,-2.236,-3.969,5.968,9.803,-3.503,6.088
85.1800,5,1.011,-0.971,0.016,-2.673,7.786,5.299,10.632,9.013,2.034,-2.237,-3.968,5.969,9.803,-3.503,6.089
85.1900,5,1.014,-0.975,0.014,-2.673,7.787,5.300,10.631,9.014,2.034,-2.238,-3.968,5.969,9.802,-3.502,6.089
85.2000,5,1.018,-0.980,0.013,-2.674,7.787,5.300,10.630,9.015,2.035,-2.238,-3.967,5.970,9.802,-3.501,6.090
85.2100,5,1.021,-0.985,0.011,-2.674,7.788,5.301,10.629,9.016,2.035,-2.239,-3.966,5.970,9.801,-3.501,6.090
85.2200,5,1.024,-0.990,0.009,-2.674,7.788,5.301,10.628,9.017,2.036,-2.240,-3.965,5.971,9.801,-3.500,6.091
85.2300,5,1.028,-0.995,0.007,-2.675,7.789,5.302,10.627,9.018,2.036,-2.240,-3.965,5.971,9.800,-3.499,6.092
85.2400,5,1.031,-0.999,0.006,-2.675,7.789,5.303,10.626,9.019,2.037,-2.241,-3.964,5.972,9.800,-3.499,6.092
85.2500,5,1.034,-1.004,0.004,-2.676,7.790,5.303,10.625,9.020,2.037,-2.242,-3.963,5.973,9.799,-3.498,6.093
85.2600,5,1.037,-1.009,0.002,-2.676,7.790,5.304,10.624,9.021,2.038,-2.243,-3.962,5.973,9.798,-3.497,6.093
85.2700,5,1.040,-1.014,0.000,-2.676,7.791,5.304,10.624,9.022,2.039,-2.243,-3.962,5.974,9.798,-3.497,6.094
85.2800,5,1.043,-1.018,-0.001,-2.677,7.791,5.305,10.623,9.023,2.039,-2.244,-3.961,5.974,9.797,-3.496,6.095
85.2900,5,1.046,-1.023,-0.003,-2.677,7.792,5.306,10.622,9.024,2.040,-2.245,-3.960,5.975,9.797,-3.496,6.095
85.3000,5,1.049,-1.028,-0.005,-2.678,7.792,5.306,10.621,9.025,2.040,-2.245,-3.960,5.975,9.796,-3.495,6.096
85.3100,5,1.052,-1.032,-0.007,-2.678,7.793,5.307,10.620,9.026,2.041,-2.246,-3.959,5.976,9.796,-3.494,6.096
85.3200,5,1.054,-1.037,-0.008,-2.678,7.794,5.308,10.619,9.027,2.041,-2.247,-3.958,5.977,9.795,-3.494,6.097
85.3300,5,1.057,-1.042,-0.010,-2.679,7.794,5.308,10.618,9.028,2.042,-2.248,-3.957,5.977,9.795,-3.493,6.098
85.3400,5,1.060,-1.046,-0.012,-2.679,7.795,5.309,10.617,9.029,2.042,-2.248,-3.957,5.978,9.794,-3.492,6.098
85.3500,5,1.062,-1.051,-0.014,-2.679,7.795,5.310,10.616,9.030,2.043,-2.249,-3.956,5.978,9.794,-3.492,6.099
85.3600,5,1.065,-1.056,-0.015,-2.680,7.796,5.310,10.615,9.031,2.044,-2.250,-3.955,5.979,9.793,-3.491,6.100
85.3700,5,1.067,-1.060,-0.017,-2.680,7.796,5.311,10.614,9.032,2.044,-2.250,-3.955,5.980,9.793,-3.490,6.100
85.3800,5,1.070,-1.065,-0.019,-2.681,7.797,5.312,10.613,9.033,2.045,-2.251,-3.954,5.980,9.792,-3.490,6.101
85.3900,5,1.072,-1.069,-0.021,-2.681,7.797,5.312,10.612,9.034,2.045,-2.252,-3.953,5.981,9.792,-3.489,6.102
85.4000,5,1.074,-1.074,-0.022,-2.681,7.798,5.313,10.611,9.035,2.046,-2.252,-3.953,5.981,9.791,-3.489,6.102
85.4100,5,1.076,-1.078,-0.024,-2.682,7.798,5.314,10.611,9.036,2.046,-2.253,-3.952,5.982,9.791,-3.488,6.103
85.4200,5,1.078,-1.083,-0.026,-2.682,7.799,5.314,10.610,9.037,2.047,-2.254,-3.951,5.983,9.790,-3.487,6.104
85.4300,5,1.080,-1.087,-0.028,-2.682,7.799,5.315,10.609,9.038,2.048,-2.254,-3.951,5.983,9.790,-3.487,6.104
85.4400,5,1.082,-1.092,-0.029,-2.683,7.800,5.316,10.608,9.039,2.048,-2.255,-3.950,5.984,9.789,-3.486,6.105
85.4500,5,1.084,-1.096,-0.031,-2.683,7.800,5.316,10.607,9.040,2.049,-2.256,-3.949,5.985,9.789,-3.485,6.106
85.4600,5,1.086,-1.101,-0.033,-2.683,7.801,5.317,10.606,9.041,2.049,-2.256,-3.949,5.985,9.788,-3.485,6.106
85.4700,5,1.088,-1.105,-0.035,-2.684,7.801,5.318,10.605,9.042,2.050,-2.257,-3.948,5.986,9.788,-3.484,6.107
85.4800,5,1.090,-1.110,-0.036,-2.684,7.802,5.318,10.604,9.043,2.050,-2.258,-3.947,5.986,9.787,-3.484,6.108
85.4900,5,1.091,-1.114,-0.038,-2.685,7.802,5.319,10.603,9.044,2.051,-2.258,-3.946,5.987,9.787,-3.483,6.108
85.5000,5,1.093,-1.118,-0.040,-2.685,7.803,5.320,10.603,9.045,2.052,-2.259,-3.946,5.988,9.786,-3.482,6.109
85.5100,5,1.095,-1.123,-0.041,-2.685,7.803,5.321,10.602,9.046,2.052,-2.260,-3.945,5.988,9.786,-3.482,6.110
85.5200,5,1.096,-1.127,-0.043,-2.686,7.804,5.321,10.601,9.046,2.053,-2.260,-3.945,5.989,9.785,-3.481,6.110
85.5300,5,1.098,-1.131,-0.045,-2.686,7.804,5.322,10.600,9.047,2.053,-2.261,-3.944,5.990,9.785,-3.481,6.111
85.5400,5,1.099,-1.136,-0.047,-2.686,7.805,5.323,10.599,9.048,2.054,-2.262,-3.943,5.990,9.784,-3.480,6.112
85.5500,5,1.100,-1.140,-0.048,-2.687,7.805,5.323,10.598,9.049,2.055,-2.262,-3.943,5.991,9.784,-3.479,6.112
85.5600,5,1.102,-1.144,-0.050,-2.687,7.806,5.324,10.598,9.050,2.055,-2.263,-3.942,5.992,9.783,-3.479,6.113
85.5700,5,1.103,-1.149,-0.052,-2.687,7.806,5.325,10.597,9.051,2.056,-2.264,-3.941,5.992,9.783,-3.478,6.114
85.5800,5,1.104,-1.153,-0.054,-2.688,7.807,5.326,10.596,9.052,2.056,-2.264,-3.941,5.993,9.782,-3.478,6.115
85.5900,5,1.105,-1.157,-0.055,-2.688,7.807,5.326,10.595,9.053,2.057,-2.265,-3.940,5.993,9.782,-3.477,6.115
85.6000,5,1.106,-1.161,-0.057,-2.688,7.808,5.327,10.594,9.054,2.058,-2.265,-3.939,5.994,9.782,-3.476,6.116
85.6100,5,1.108,-1.165,-0.059,-2.689,7.808,5.328,10.593,9.055,2.058,-2.266,-3.939,5.995,9.781,-3.476,6.117
85.6200,5,1.108,-1.170,-0.060,-2.689,7.809,5.329,10.593,9.056,2.059,-2.267,-3.938,5.995,9.781,-3.475,6.117
85.6300,5,1.109,-1.174,-0.062,-2.689,7.809,5.329,10.592,9.056,2.059,-2.267,-3.937,5.996,9.780,-3.475,6.118
85.6400,5,1.110,-1.178,-0.064,-2.690,7.810,5.330,10.591,9.057,2.060,-2.268,-3.937,5.997,9.780,-3.474,6.119
85.6500,5,1.111,-1.182,-0.065,-2.690,7.810,5.331,10.590,9.058,2.061,-2.269,-3.936,5.997,9.779,-3.474,6.120
85.6600,5,1.112,-1.186,-0.067,-2.690,7.811,5.332,10.589,9.059,2.061,-2.269,-3.936,5.998,9.779,-3.473,6.120
85.6700,5,1.113,-1.190,-0.069,-2.691,7.811,5.333,10.589,9.060,2.062,-2.270,-3.935,5.999,9.778,-3.472,6.121
85.6800,5,1.113,-1.194,-0.070,-2.691,7.812,5.333,10.588,9.061,2.062,-2.270,-3.934,5.999,9.778,-3.472,6.122
85.6900,5,1.114,-1.198,-0.072,-2.691,7.812,5.334,10.587,9.062,2.063,-2.271,-3.934,6.000,9.777,-3.471,6.122
85.7000,5,1.114,-1.202,-0.074,-2.692,7.812,5.335,10.586,9.063,2.064,-2.272,-3.933,6.001,9.777,-3.471,6.123
85.7100,5,1.115,-1.206,-0.075,-2.692,7.813,5.336,10.585,9.063,2.064,-2.272,-3.933,6.001,9.777,-3.470,6.124
85.7200,5,1.115,-1.210,-0.077,-2.692,7.813,5.336,10.585,9.064,2.065,-2.273,-3.932,6.002,9.776,-3.470,6.125
85.7300,5,1.116,-1.214,-0.079,-2.693,7.814,5.337,10.584,9.065,2.065,-2.273,-3.931,6.003,9.776,-3.469,6.125
85.7400,5,1.116,-1.218,-0.080,-2.693,7.814,5.338,10.583,9.066,2.066,-2.274,-3.931,6.004,9.775,-3.469,6.126
85.7500,5,1.117,-1.222,-0.082,-2.693,7.815,5.339,10.582,9.067,2.067,-2.275,-3.930,6.004,9.775,-3.468,6.127
85.7600,5,1.117,-1.226,-0.084,-2.693,7.815,5.340,10.582,9.068,2.067,-2.275,-3.930,6.005,9.774,-3.467,6.128
85.7700,5,1.117,-1.229,-0.085,-2.694,7.816,5.340,10.581,9.068,2.068,-2.276,-3.929,6.006,9.774,-3.467,6.128
85.7800,5,1.117,-1.233,-0.087,-2.694,7.816,5.341,10.580,9.069,2.069,-2.276,-3.928,6.006,9.773,-3.466,6.129
85.7900,5,1.117,-1.237,-0.089,-2.694,7.817,5.342,10.579,9.070,2.069,-2.277,-3.928,6.007,9.773,-3.466,6.130
85.8000,5,1.117,-1.241,-0.090,-2.695,7.817,5.343,10.579,9.071,2.070,-2.278,-3.927,6.008,9.773,-3.465,6.131
85.8100,5,1.117,-1.245,-0.092,-2.695,7.817,5.344,10.578,9.072,2.070,-2.278,-3.927,6.008,9.772,-3.465,6.131
85.8200,5,1.117,-1.248,-0.094,-2.695,7.818,5.344,10.577,9.072,2.071,-2.279,-3.926,6.009,9.772,-3.464,6.132
85.8300,5,1.117,-1.252,-0.095,-2.696,7.818,5.345,10.576,9.073,2.072,-2.279,-3.925,6.010,9.771,-3.464,6.133
85.8400,5,1.117,-1.256,-0.097,-2.696,7.819,5.346,10.576,9.074,2.072,-2.280,-3.925,6.010,9.771,-3.463,6.134
85.8500,5,1.117,-1.259,-0.098,-2.696,7.819,5.347,10.575,9.075,2.073,-2.280,-3.924,6.011,9.771,-3.463,6.134
85.8600,5,1.117,-1.263,-0.100,-2.696,7.820,5.348,10.574,9.076,2.073,-2.281,-3.924,6.012,9.770,-3.462,6.135
85.8700,5,1.117,-1.266,-0.102,-2.697,7.820,5.348,10.573,9.076,2.074,-2.282,-3.923,6.012,9.770,-3.462,6.136
85.8800,5,1.117,-1.270,-0.103,-2.697,7.821,5.349,10.573,9.077,2.075,-2.282,-3.923,6.013,9.769,-3.461,6.137
85.8900,5,1.116,-1.273,-0.105,-2.697,7.821,5.350,10.572,9.078,2.075,-2.283,-3.922,6.014,9.769,-3.461,6.138
85.9000,5,1.116,-1.277,-0.106,-2.698,7.821,5.351,10.571,9.079,2.076,-2.283,-3.922,6.015,9.769,-3.460,6.138
85.9100,5,1.116,-1.280,-0.108,-2.698,7.822,5.352,10.571,9.079,2.077,-2.284,-3.921,6.015,9.768,-3.459,6.139
85.9200,5,1.115,-1.284,-0.110,-2.698,7.822,5.353,10.570,9.080,2.077,-2.284,-3.920,6.016,9.768,-3.459,6.140
85.9300,5,1.115,-1.287,-0.111,-2.698,7.823,5.353,10.569,9.081,2.078,-2.285,-3.920,6.017,9.767,-3.458,6.141
85.9400,5,1.114,-1.291,-0.113,-2.699,7.823,5.354,10.569,9.082,2.078,-2.285,-3.919,6.017,9.767,-3.458,6.141
85.9500,5,1.114,-1.294,-0.114,-2.699,7.823,5.355,10.568,9.082,2.079,-2.286,-3.919,6.018,9.767,-3.457,6.142
85.9600,5,1.113,-1.297,-0.116,-2.699,7.824,5.356,10.567,9.083,2.080,-2.286,-3.918,6.019,9.766,-3.457,6.143
85.9700,5,1.112,-1.301,-0.117,-2.700,7.824,5.357,10.567,9.084,2.080,-2.287,-3.918,6.019,9.766,-3.456,6.144
85.9800,5,1.112,-1.304,-0.119,-2.700,7.825,5.358,10.566,9.085,2.081,-2.288,-3.917,6.020,9.765,-3.456,6.145
85.9900,5,1.111,-1.307,-0.120,-2.700,7.825,5.358,10.565,9.085,2.082,-2.288,-3.917,6.021,9.765,-3.455,6.145
86.0000,5,1.110,-1.310,-0.122,-2.700,7.826,5.359,10.565,9.086,2.082,-2.289,-3.916,6.022,9.765,-3.455,6.146
86.0100,5,1.110,-1.314,-0.124,-2.701,7.826,5.360,10.564,9.087,2.083,-2.289,-3.916,6.022,9.764,-3.455,6.147
86.0200,5,1.109,-1.317,-0.125,-2.701,7.826,5.361,10.563,9.087,2.083,-2.290,-3.915,6.023,9.764,-3.454,6.148
86.0300,5,1.108,-1.320,-0.127,-2.701,7.827,5.362,10.563,9.088,2.084,-2.290,-3.915,6.024,9.763,-3.454,6.149
86.0400,5,1.107,-1.323,-0.128,-2.701,7.827,5.363,10.562,9.089,2.085,-2.291,-3.914,6.024,9.763,-3.453,6.149
86.0500,5,1.106,-1.326,-0.130,-2.702,7.828,5.363,10.561,9.089,2.085,-2.291,-3.914,6.025,9.763,-3.453,6.150
86.0600,5,1.105,-1.329,-0.131,-2.702,7.828,5.364,10.561,9.090,2.086,-2.292,-3.913,6.026,9.762,-3.452,6.151
86.0700,5,1.104,-1.332,-0.133,-2.702,7.828,5.365,10.560,9.091,2.087,-2.292,-3.913,6.027,9.762,-3.452,6.152
86.0800,5,1.103,-1.335,-0.134,-2.702,7.829,5.366,10.559,9.091,2.087,-2.293,-3.912,6.027,9.762,-3.451,6.153
86.0900,5,1.102,-1.338,-0.135,-2.703,7.829,5.367,10.559,9.092,2.088,-2.293,-3.912,6.028,9.761,-3.451,6.153
86.1000,5,1.101,-1.341,-0.137,-2.703,7.830,5.368,10.558,9.093,2.088,-2.294,-3.911,6.029,9.761,-3.450,6.154
86.1100,5,1.100,-1.344,-0.138,-2.703,7.830,5.369,10.558,9.093,2.089,-2.294,-3.911,6.029,9.761,-3.450,6.155
86.1200,5,1.099,-1.347,-0.140,-2.703,7.830,5.369,10.557,9.094,2.090,-2.295,-3.910,6.030,9.760,-3.449,6.156
86.1300,5,1.098,-1.350,-0.141,-2.704,7.831,5.370,10.556,9.095,2.090,-2.295,-3.910,6.031,9.760,-3.449,6.157
86.1400,5,1.097,-1.352,-0.143,-2.704,7.831,5.371,10.556,9.095,2.091,-2.296,-3.909,6.032,9.760,-3.448,6.157
86.1500,5,1.096,-1.355,-0.144,-2.704,7.831,5.372,10.555,9.096,2.091,-2.296,-3.909,6.032,9.759,-3.448,6.158
86.1600,5,1.094,-1.358,-0.146,-2.704,7.832,5.373,10.555,9.097,2.092,-2.297,-3.908,6.033,9.759,-3.448,6.159
86.1700,5,1.093,-1.361,-0.147,-2.705,7.832,5.374,10.554,9.097,2.093,-2.297,-3.908,6.034,9.758,-3.447,6.160
86.1800,5,1.092,-1.363,-0.148,-2.705,7.833,5.375,10.553,9.098,2.093,-2.298,-3.907,6.034,9.758,-3.447,6.161
86.1900,5,1.091,-1.366,-0.150,-2.705,7.833,5.375,10.553,9.099,2.094,-2.298,-3.907,6.035,9.758,-3.446,6.161
86.2000,5,1.089,-1.368,-0.151,-2.705,7.833,5.376,10.552,9.099,2.095,-2.298,-3.907,6.036,9.757,-3.446,6.162
86.2100,5,1.088,-1.371,-0.153,-2.706,7.834,5.377,10.552,9.100,2.095,-2.299,-3.906,6.037,9.757,-3.445,6.163
86.2200,5,1.087,-1.374,-0.154,-2.706,7.834,5.378,10.551,9.100,2.096,-2.299,-3.906,6.037,9.757,-3.445,6.164
86.2300,5,1.085,-1.376,-0.155,-2.706,7.834,5.379,10.551,9.101,2.096,-2.300,-3.905,6.038,9.756,-3.445,6.165
86.2400,5,1.084,-1.379,-0.157,-2.706,7.835,5.380,10.550,9.102,2.097,-2.300,-3.905,6.039,9.756,-3.444,6.165
86.2500,5,1.083,-1.381,-0.158,-2.707,7.835,5.381,10.549,9.102,2.098,-2.301,-3.904,6.039,9.756,-3.444,6.166
86.2600,5,1.081,-1.383,-0.159,-2.707,7.835,5.382,10.549,9.103,2.098,-2.301,-3.904,6.040,9.755,-3.443,6.167
86.2700,5,1.080,-1.386,-0.161,-2.707,7.836,5.382,10.548,9.103,2.099,-2.302,-3.904,6.041,9.755,-3.443,6.168
86.2800,5,1.078,-1.388,-0.162,-2.707,7.836,5.383,10.548,9.104,2.099,-2.302,-3.903,6.042,9.755,-3.442,6.169
86.2900,5,1.077,-1.390,-0.163,-2.707,7.836,5.384,10.547,9.104,2.100,-2.303,-3.903,6.042,9.755,-3.442,6.169
86.3000,5,1.075,-1.393,-0.165,-2.708,7.837,5.385,10.547,9.105,2.101,-2.303,-3.902,6.043,9.754,-3.442,6.170
86.3100,5,1.074,-1.395,-0.166,-2.708,7.837,5.386,10.546,9.105,2.101,-2.303,-3.902,6.044,9.754,-3.441,6.171
86.3200,5,1.072,-1.397,-0.167,-2.708,7.837,5.387,10.546,9.106,2.102,-2.304,-3.901,6.044,9.754,-3.441,6.172
86.3300,5,1.071,-1.399,-0.169,-2.708,7.838,5.388,10.545,9.107,2.103,-2.304,-3.901,6.045,9.753,-3.440,6.173
86.3400,5,1.069,-1.401,-0.170,-2.708,7.838,5.388,10.545,9.107,2.103,-2.305,-3.901,6.046,9.753,-3.440,6.173
86.3500,5,1.068,-1.403,-0.171,-2.709,7.839,5.389,10.544,9.108,2.104,-2.305,-3.900,6.046,9.753,-3.440,6.174
86.3600,5,1.066,-1.405,-0.173,-2.709,7.839,5.390,10.544,9.108,2.104,-2.306,-3.900,6.047,9.752,-3.439,6.175
86.3700,5,1.064,-1.407,-0.174,-2.709,7.839,5.391,10.543,9.109,2.105,-2.306,-3.899,6.048,9.752,-3.439,6.176
86.3800,5,1.063,-1.409,-0.175,-2.709,7.839,5.392,10.543,9.109,2.106,-2.306,-3.899,6.049,9.752,-3.438,6.177
86.3900,5,1.061,-1.411,-0.176,-2.710,7.840,5.393,10.542,9.110,2.106,-2.307,-3.899,6.049,9.751,-3.438,6.177
86.4000,5,1.060,-1.413,-0.178,-2.710,7.840,5.394,10.542,9.110,2.107,-2.307,-3.898,6.050,9.751,-3.438,6.178
86.4100,5,1.058,-1.415,-0.179,-2.710,7.840,5.395,10.541,9.111,2.107,-2.308,-3.898,6.051,9.751,-3.437,6.179
86.4200,5,1.056,-1.417,-0.180,-2.710,7.841,5.395,10.541,9.111,2.108,-2.308,-3.898,6.051,9.751,-3.437,6.180
86.4300,5,1.055,-1.419,-0.181,-2.710,7.841,5.396,10.540,9.112,2.109,-2.309,-3.897,6.052,9.750,-3.437,6.181
86.4400,5,1.053,-1.421,-0.182,-2.710,7.841,5.397,10.540,9.112,2.109,-2.309,-3.897,6.053,9.750,-3.436,6.181
86.4500,5,1.051,-1.422,-0.184,-2.711,7.842,5.398,10.539,9.113,2.110,-2.309,-3.896,6.054,9.750,-3.436,6.182
86.4600,5,1.050,-1.424,-0.185,-2.711,7.842,5.399,10.539,9.113,2.110,-2.310,-3.896,6.054,9.749,-3.435,6.183
86.4700,5,1.048,-1.426,-0.186,-2.711,7.842,5.400,10.538,9.114,2.111,-2.310,-3.896,6.055,9.749,-3.435,6.184
86.4800,5,1.046,-1.427,-0.187,-2.711,7.843,5.401,10.538,9.114,2.112,-2.311,-3.895,6.056,9.749,-3.435,6.185
86.4900,5,1.045,-1.429,-0.188,-2.711,7.843,5.402,10.537,9.115,2.112,-2.311,-3.895,6.056,9.749,-3.434,6.185
86.5000,5,1.043,-1.430,-0.189,-2.712,7.843,5.402,10.537,9.115,2.113,-2.311,-3.895,6.057,9.748,-3.434,6.186
86.5100,5,1.041,-1.432,-0.191,-2.712,7.844,5.403,10.536,9.115,2.113,-2.312,-3.894,6.058,9.748,-3.434,6.187
86.5200,5,1.040,-1.433,-0.192,-2.712,7.844,5.404,10.536,9.116,2.114,-2.312,-3.894,6.058,9.748,-3.433,6.188
86.5300,5,1.038,-1.435,-0.193,-2.712,7.844,5.405,10.536,9.116,2.114,-2.312,-3.894,6.059,9.748,-3.433,6.189
86.5400,5,1.036,-1.436,-0.194,-2.712,7.844,5.406,10.535,9.117,2.115,-2.313,-3.893,6.060,9.747,-3.433,6.189
86.5500,5,1.035,-1.437,-0.195,-2.713,7.845,5.407,10.535,9.117,2.116,-2.313,-3.893,6.060,9.747,-3.432,6.190
86.5600,5,1.033,-1.439,-0.196,-2.713,7.845,5.408,10.534,9.118,2.116,-2.314,-3.893,6.061,9.747,-3.432,6.191
86.5700,5,1.031,-1.440,-0.197,-2.713,7.845,5.408,10.534,9.118,2.117,-2.314,-3.892,6.062,9.747,-3.432,6.192
86.5800,5,1.030,-1.441,-0.198,-2.713,7.846,5.409,10.533,9.118,2.117,-2.314,-3.892,6.062,9.746,-3.431,6.193
86.5900,5,1.028,-1.442,-0.199,-2.713,7.846,5.410,10.533,9.119,2.118,-2.315,-3.892,6.063,9.746,-3.431,6.193
86.6000,5,1.026,-1.444,-0.200,-2.713,7.846,5.411,10.533,9.119,2.118,-2.315,-3.891,6.064,9.746,-3.431,6.194
86.6100,5,1.025,-1.445,-0.201,-2.714,7.846,5.412,10.532,9.120,2.119,-2.315,-3.891,6.065,9.745,-3.430,6.195
86.6200,5,1.023,-1.446,-0.202,-2.714,7.847,5.413,10.532,9.120,2.120,-2.316,-3.891,6.065,9.745,-3.430,6.196
86.6300,5,1.021,-1.447,-0.203,-2.714,7.847,5.414,10.531,9.120,2.120,-2.316,-3.890,6.066,9.745,-3.430,6.196
86.6400,5,1.020,-1.448,-0.204,-2.714,7.847,5.414,10.531,9.121,2.121,-2.316,-3.890,6.067,9.745,-3.429,6.197
86.6500,5,1.018,-1.449,-0.205,-2.714,7.847,5.415,10.531,9.121,2.121,-2.317,-3.890,6.067,9.745,-3.429,6.198
86.6600,5,1.016,-1.450,-0.206,-2.714,7.848,5.416,10.530,9.121,2.122,-2.317,-3.890,6.068,9.744,-3.429,6.199
86.6700,5,1.015,-1.450,-0.207,-2.714,7.848,5.417,10.530,9.122,2.122,-2.318,-3.889,6.069,9.744,-3.428,6.200
86.6800,5,1.013,-1.451,-0.208,-2.715,7.848,5.418,10.529,9.122,2.123,-2.318,-3.889,6.069,9.744,-3.428,6.200
86.6900,5,1.011,-1.452,-0.209,-2.715,7.848,5.419,10.529,9.122,2.123,-2.318,-3.889,6.070,9.744,-3.428,6.201
86.7000,5,1.010,-1.453,-0.210,-2.715,7.849,5.420,10.529,9.123,2.124,-2.319,-3.888,6.071,9.743,-3.428,6.202
86.7100,5,1.008,-1.454,-0.211,-2.715,7.849,5.420,10.528,9.123,2.125,-2.319,-3.888,6.071,9.743,-3.427,6.203
86.7200,5,1.007,-1.454,-0.212,-2.715,7.849,5.421,10.528,9.124,2.125,-2.319,-3.888,6.072,9.743,-3.427,6.203
86.7300,5,1.005,-1.455,-0.213,-2.715,7.849,5.422,10.528,9.124,2.126,-2.320,-3.888,6.073,9.743,-3.427,6.204
86.7400,5,1.003,-1.455,-0.214,-2.716,7.850,5.423,10.527,9.124,2.126,-2.320,-3.887,6.073,9.742,-3.426,6.205
86.7500,5,1.002,-1.456,-0.215,-2.716,7.850,5.424,10.527,9.124,2.127,-2.320,-3.887,6.074,9.742,-3.426,6.206
86.7600,5,1.000,-1.457,-0.216,-2.716,7.850,5.425,10.526,9.125,2.127,-2.320,-3.887,6.075,9.742,-3.426,6.206
86.7700,5,0.999,-1.457,-0.217,-2.716,7.850,5.425,10.526,9.125,2.128,-2.321,-3.887,6.075,9.742,-3.426,6.207
86.7800,5,0.997,-1.457,-0.218,-2.716,7.851,5.426,10.526,9.125,2.128,-2.321,-3.886,6.076,9.742,-3.425,6.208
86.7900,5,0.996,-1.458,-0.218,-2.716,7.851,5.427,10.525,9.126,2.129,-2.321,-3.886,6.076,9.741,-3.425,6.209
86.8000,5,0.994,-1.458,-0.219,-2.716,7.851,5.428,10.525,9.126,2.129,-2.322,-3.886,6.077,9.741,-3.425,6.210
86.8100,5,0.993,-1.458,-0.220,-2.717,7.851,5.429,10.525,9.126,2.130,-2.322,-3.886,6.078,9.741,-3.425,6.210
86.8200,5,0.991,-1.459,-0.221,-2.717,7.852,5.430,10.524,9.127,2.130,-2.322,-3.885,6.078,9.741,-3.424,6.211
86.8300,5,0.990,-1.459,-0.222,-2.717,7.852,5.430,10.524,9.127,2.131,-2.323,-3.885,6.079,9.740,-3.424,6.212
86.8400,5,0.989,-1.459,-0.223,-2.717,7.852,5.431,10.524,9.127,2.132,-2.323,-3.885,6.080,9.740,-3.424,6.213
86.8500,5,0.987,-1.459,-0.223,-2.717,7.852,5.432,10.523,9.127,2.132,-2.323,-3.885,6.080,9.740,-3.424,6.213
86.8600,5,0.986,-1.459,-0.224,-2.717,7.853,5.433,10.523,9.128,2.133,-2.324,-3.885,6.081,9.740,-3.423,6.214
86.8700,5,0.985,-1.459,-0.225,-2.717,7.853,5.434,10.523,9.128,2.133,-2.324,-3.884,6.082,9.740,-3.423,6.215
86.8800,5,0.983,-1.459,-0.226,-2.717,7.853,5.435,10.523,9.128,2.134,-2.324,-3.884,6.082,9.739,-3.423,6.215
86.8900,5,0.982,-1.459,-0.226,-2.718,7.853,5.435,10.522,9.128,2.134,-2.324,-3.884,6.083,9.739,-3.423,6.216
86.9000,5,0.981,-1.459,-0.227,-2.718,7.853,5.436,10.522,9.129,2.135,-2.325,-3.884,6.083,9.739,-3.422,6.217
86.9100,5,0.979,-1.459,-0.228,-2.718,7.854,5.437,10.522,9.129,2.135,-2.325,-3.884,6.084,9.739,-3.422,6.218
86.9200,5,0.978,-1.459,-0.229,-2.718,7.854,5.438,10.521,9.129,2.136,-2.325,-3.883,6.085,9.739,-3.422,6.218
86.9300,5,0.977,-1.459,-0.229,-2.718,7.854,5.439,10.521,9.129,2.136,-2.326,-3.883,6.085,9.739,-3.422,6.219
86.9400,5,0.976,-1.459,-0.230,-2.718,7.854,5.439,10.521,9.129,2.137,-2.326,-3.883,6.086,9.738,-3.421,6.220
86.9500,5,0.974,-1.458,-0.231,-2.718,7.854,5.440,10.520,9.130,2.137,-2.326,-3.883,6.086,9.738,-3.421,6.221
86.9600,5,0.973,-1.458,-0.231,-2.718,7.855,5.441,10.520,9.130,2.138,-2.326,-3.883,6.087,9.738,-3.421,6.221
86.9700,5,0.972,-1.458,-0.232,-2.718,7.855,5.442,10.520,9.130,2.138,-2.327,-3.882,6.088,9.738,-3.421,6.222
86.9800,5,0.971,-1.457,-0.233,-2.719,7.855,5.443,10.520,9.130,2.139,-2.327,-3.882,6.088,9.738,-3.421,6.223
86.9900,5,0.970,-1.457,-0.233,-2.719,7.855,5.443,10.519,9.130,2.139,-2.327,-3.882,6.089,9.737,-3.420,6.223
87.0000,5,0.969,-1.456,-0.234,-2.719,7.855,5.444,10.519,9.131,2.139,-2.328,-3.882,6.090,9.737,-3.420,6.224
87.0100,5,0.968,-1.456,-0.234,-2.719,7.855,5.445,10.519,9.131,2.140,-2.328,-3.882,6.090,9.737,-3.420,6.225
87.0200,5,0.967,-1.455,-0.235,-2.719,7.856,5.446,10.519,9.131,2.140,-2.328,-3.882,6.091,9.737,-3.420,6.226
87.0300,5,0.966,-1.455,-0.236,-2.719,7.856,5.447,10.518,9.131,2.141,-2.328,-3.881,6.091,9.737,-3.420,6.226
87.0400,5,0.965,-1.454,-0.236,-2.719,7.856,5.447,10.518,9.131,2.141,-2.329,-3.881,6.092,9.737,-3.419,6.227
87.0500,5,0.964,-1.453,-0.237,-2.719,7.856,5.448,10.518,9.131,2.142,-2.329,-3.881,6.092,9.736,-3.419,6.228
87.0600,5,0.963,-1.452,-0.237,-2.719,7.856,5.449,10.518,9.132,2.142,-2.329,-3.881,6.093,9.736,-3.419,6.228
87.0700,5,0.962,-1.452,-0.238,-2.719,7.857,5.450,10.517,9.132,2.143,-2.329,-3.881,6.094,9.736,-3.419,6.229
87.0800,5,0.962,-1.451,-0.238,-2.720,7.857,5.450,10.517,9.132,2.143,-2.330,-3.881,6.094,9.736,-3.419,6.230
87.0900,5,0.961,-1.450,-0.239,-2.720,7.857,5.451,10.517,9.132,2.144,-2.330,-3.880,6.095,9.736,-3.418,6.230
87.1000,5,0.960,-1.449,-0.239,-2.720,7.857,5.452,10.517,9.132,2.144,-2.330,-3.880,6.095,9.736,-3.418,6.231
87.1100,5,0.959,-1.448,-0.240,-2.720,7.857,5.453,10.516,9.132,2.145,-2.330,-3.880,6.096,9.735,-3.418,6.232
87.1200,5,0.959,-1.447,-0.240,-2.720,7.857,5.453,10.516,9.132,2.145,-2.331,-3.880,6.096,9.735,-3.418,6.232
87.1300,5,0.958,-1.446,-0.241,-2.720,7.858,5.454,10.516,9.133,2.145,-2.331,-3.880,6.097,9.735,-3.418,6.233
87.1400,5,0.957,-1.445,-0.241,-2.720,7.858,5.455,10.516,9.133,2.146,-2.331,-3.880,6.098,9.735,-3.417,6.234
87.1500,5,0.957,-1.444,-0.242,-2.720,7.858,5.456,10.516,9.133,2.146,-2.331,-3.880,6.098,9.735,-3.417,6.234
87.1600,5,0.956,-1.443,-0.242,-2.720,7.858,5.456,10.515,9.133,2.147,-2.331,-3.880,6.099,9.735,-3.417,6.235
87.1700,5,0.956,-1.441,-0.243,-2.720,7.858,5.457,10.515,9.133,2.147,-2.332,-3.880,6.099,9.735,-3.417,6.236
87.1800,5,0.955,-1.440,-0.243,-2.720,7.858,5.458,10.515,9.133,2.148,-2.332,-3.879,6.100,9.734,-3.417,6.236
87.1900,5,0.955,-1.439,-0.244,-2.720,7.858,5.459,10.515,9.133,2.148,-2.332,-3.879,6.100,9.734,-3.417,6.237
87.2000,5,0.954,-1.438,-0.244,-2.721,7.859,5.459,10.514,9.133,2.148,-2.332,-3.879,6.101,9.734,-3.417,6.238
87.2100,5,0.954,-1.436,-0.244,-2.721,7.859,5.460,10.514,9.133,2.149,-2.333,-3.879,6.101,9.734,-3.416,6.238
87.2200,5,0.954,-1.435,-0.245,-2.721,7.859,5.461,10.514,9.133,2.149,-2.333,-3.879,6.102,9.734,-3.416,6.239
87.2300,5,0.953,-1.433,-0.245,-2.721,7.859,5.462,10.514,9.133,2.150,-2.333,-3.879,6.102,9.734,-3.416,6.240
87.2400,5,0.953,-1.432,-0.245,-2.721,7.859,5.462,10.514,9.133,2.150,-2.333,-3.879,6.103,9.734,-3.416,6.240
87.2500,5,0.953,-1.430,-0.246,-2.721,7.859,5.463,10.514,9.134,2.150,-2.333,-3.879,6.103,9.734,-3.416,6.241
87.2600,5,0.953,-1.429,-0.246,-2.721,7.859,5.464,10.513,9.134,2.151,-2.334,-3.879,6.104,9.733,-3.416,6.241
87.2700,5,0.953,-1.427,-0.246,-2.721,7.859,5.464,10.513,9.134,2.151,-2.334,-3.879,6.104,9.733,-3.416,6.242
87.2800,5,0.952,-1.425,-0.247,-2.721,7.860,5.465,10.513,9.134,2.152,-2.334,-3.879,6.105,9.733,-3.415,6.243
87.2900,5,0.952,-1.424,-0.247,-2.721,7.860,5.466,10.513,9.134,2.152,-2.334,-3.878,6.105,9.733,-3.415,6.243
87.3000,5,0.952,-1.422,-0.247,-2.721,7.860,5.467,10.513,9.134,2.152,-2.334,-3.878,6.106,9.733,-3.415,6.244
87.3100,5,0.952,-1.420,-0.247,-2.721,7.860,5.467,10.513,9.134,2.153,-2.335,-3.878,6.106,9.733,-3.415,6.245
87.3200,5,0.952,-1.418,-0.248,-2.721,7.860,5.468,10.512,9.134,2.153,-2.335,-3.878,6.107,9.733,-3.415,6.245
87.3300,5,0.952,-1.416,-0.248,-2.721,7.860,5.469,10.512,9.134,2.153,-2.335,-3.878,6.107,9.733,-3.415,6.246
87.3400,5,0.953,-1.414,-0.248,-2.721,7.860,5.469,10.512,9.134,2.154,-2.335,-3.878,6.108,9.732,-3.415,6.246
87.3500,5,0.953,-1.412,-0.248,-2.722,7.860,5.470,10.512,9.134,2.154,-2.335,-3.878,6.108,9.732,-3.415,6.247
87.3600,5,0.953,-1.410,-0.249,-2.722,7.861,5.471,10.512,9.134,2.155,-2.336,-3.878,6.109,9.732,-3.414,6.247
87.3700,5,0.953,-1.408,-0.249,-2.722,7.861,5.471,10.512,9.134,2.155,-2.336,-3.878,6.109,9.732,-3.414,6.248
87.3800,5,0.953,-1.406,-0.249,-2.722,7.861,5.472,10.512,9.134,2.155,-2.336,-3.878,6.110,9.732,-3.414,6.249
87.3900,5,0.954,-1.404,-0.249,-2.722,7.861,5.473,10.511,9.134,2.156,-2.336,-3.878,6.110,9.732,-3.414,6.249
87.4000,5,0.954,-1.402,-0.249,-2.722,7.861,5.473,10.511,9.134,2.156,-2.336,-3.878,6.111,9.732,-3.414,6.250
87.4100,5,0.955,-1.400,-0.249,-2.722,7.861,5.474,10.511,9.134,2.156,-2.336,-3.878,6.111,9.732,-3.414,6.250
87.4200,5,0.955,-1.397,-0.249,-2.722,7.861,5.475,10.511,9.134,2.157,-2.337,-3.878,6.112,9.732,-3.414,6.251
87.4300,5,0.955,-1.395,-0.250,-2.722,7.861,5.475,10.511,9.134,2.157,-2.337,-3.878,6.112,9.732,-3.414,6.251
87.4400,5,0.956,-1.393,-0.250,-2.722,7.861,5.476,10.511,9.134,2.157,-2.337,-3.878,6.113,9.731,-3.414,6.252
87.4500,5,0.957,-1.390,-0.250,-2.722,7.861,5.476,10.511,9.134,2.158,-2.337,-3.878,6.113,9.731,-3.414,6.253
87.4600,5,0.957,-1.388,-0.250,-2.722,7.861,5.477,10.511,9.134,2.158,-2.337,-3.878,6.113,9.731,-3.414,6.253
87.4700,5,0.958,-1.385,-0.250,-2.722,7.862,5.478,10.510,9.134,2.158,-2.337,-3.878,6.114,9.731,-3.413,6.254
87.4800,5,0.959,-1.383,-0.250,-2.722,7.862,5.478,10.510,9.133,2.159,-2.338,-3.878,6.114,9.731,-3.413,6.254
87.4900,5,0.959,-1.380,-0.250,-2.722,7.862,5.479,10.510,9.133,2.159,-2.338,-3.878,6.115,9.731,-3.413,6.255
87.5000,5,0.960,-1.378,-0.250,-2.722,7.862,5.480,10.510,9.133,2.159,-2.338,-3.878,6.115,9.731,-3.413,6.255
87.5100,5,0.961,-1.375,-0.250,-2.722,7.862,5.480,10.510,9.133,2.160,-2.338,-3.878,6.116,9.731,-3.413,6.256
87.5200,5,0.962,-1.373,-0.250,-2.722,7.862,5.481,10.510,9.133,2.160,-2.338,-3.878,6.116,9.731,-3.413,6.256
87.5300,5,0.963,-1.370,-0.250,-2.722,7.862,5.481,10.510,9.133,2.160,-2.338,-3.878,6.116,9.731,-3.413,6.257
87.5400,5,0.964,-1.367,-0.250,-2.722,7.862,5.482,10.510,9.133,2.160,-2.338,-3.878,6.117,9.731,-3.413,6.257
87.5500,5,0.965,-1.364,-0.250,-2.722,7.862,5.483,10.510,9.133,2.161,-2.339,-3.878,6.117,9.731,-3.413,6.258
87.5600,5,0.966,-1.361,-0.250,-2.722,7.862,5.483,10.510,9.133,2.161,-2.339,-3.878,6.118,9.730,-3.413,6.258
87.5700,5,0.967,-1.358,-0.250,-2.722,7.862,5.484,10.510,9.133,2.161,-2.339,-3.878,6.118,9.730,-3.413,6.259
87.5800,5,0.968,-1.356,-0.250,-2.722,7.862,5.484,10.509,9.133,2.162,-2.339,-3.878,6.118,9.730,-3.413,6.259
87.5900,5,0.969,-1.353,-0.250,-2.722,7.862,5.485,10.509,9.133,2.162,-2.339,-3.878,6.119,9.730,-3.413,6.260
87.6000,5,0.971,-1.350,-0.250,-2.722,7.862,5.485,10.509,9.132,2.162,-2.339,-3.878,6.119,9.730,-3.413,6.260
87.6100,5,0.972,-1.347,-0.249,-2.722,7.863,5.486,10.509,9.132,2.162,-2.339,-3.878,6.120,9.730,-3.413,6.261
87.6200,5,0.973,-1.343,-0.249,-2.722,7.863,5.487,10.509,9.132,2.163,-2.339,-3.878,6.120,9.730,-3.413,6.261
87.6300,5,0.974,-1.340,-0.249,-2.722,7.863,5.487,10.509,9.132,2.163,-2.340,-3.878,6.120,9.730,-3.412,6.262
87.6400,5,0.976,-1.337,-0.249,-2.722,7.863,5.488,10.509,9.132,2.163,-2.340,-3.878,6.121,9.730,-3.412,6.262
87.6500,5,0.977,-1.334,-0.249,-2.722,7.863,5.488,10.509,9.132,2.163,-2.340,-3.878,6.121,9.730,-3.412,6.263
87.6600,5,0.979,-1.331,-0.249,-2.723,7.863,5.489,10.509,9.132,2.164,-2.340,-3.878,6.121,9.730,-3.412,6.263
87.6700,5,0.980,-1.327,-0.249,-2.723,7.863,5.489,10.509,9.132,2.164,-2.340,-3.878,6.122,9.730,-3.412,6.264
87.6800,5,0.982,-1.324,-0.248,-2.723,7.863,5.490,10.509,9.131,2.164,-2.340,-3.878,6.122,9.730,-3.412,6.264
87.6900,5,0.984,-1.321,-0.248,-2.723,7.863,5.490,10.509,9.131,2.164,-2.340,-3.878,6.123,9.730,-3.412,6.265
87.7000,5,0.985,-1.317,-0.248,-2.723,7.863,5.491,10.509,9.131,2.165,-2.340,-3.878,6.123,9.730,-3.412,6.265
87.7100,5,0.987,-1.314,-0.248,-2.723,7.863,5.491,10.509,9.131,2.165,-2.341,-3.878,6.123,9.730,-3.412,6.265
87.7200,5,0.989,-1.310,-0.247,-2.723,7.863,5.492,10.509,9.131,2.165,-2.341,-3.878,6.124,9.730,-3.412,6.266
87.7300,5,0.991,-1.307,-0.247,-2.723,7.863,5.492,10.509,9.131,2.165,-2.341,-3.878,6.124,9.729,-3.412,6.266
87.7400,5,0.993,-1.303,-0.247,-2.723,7.863,5.493,10.509,9.130,2.166,-2.341,-3.879,6.124,9.729,-3.412,6.267
87.7500,5,0.994,-1.300,-0.247,-2.723,7.863,5.493,10.509,9.130,2.166,-2.341,-3.879,6.124,9.729,-3.412,6.267
87.7600,5,0.996,-1.296,-0.246,-2.723,7.863,5.494,10.509,9.130,2.166,-2.341,-3.879,6.125,9.729,-3.412,6.268
87.7700,5,0.998,-1.292,-0.246,-2.723,7.863,5.494,10.509,9.130,2.166,-2.341,-3.879,6.125,9.729,-3.412,6.268
87.7800,5,1.000,-1.289,-0.246,-2.723,7.863,5.495,10.509,9.130,2.166,-2.341,-3.879,6.125,9.729,-3.412,6.268
87.7900,5,1.003,-1.285,-0.245,-2.723,7.863,5.495,10.509,9.130,2.167,-2.341,-3.879,6.126,9.729,-3.412,6.269
87.8000,5,1.005,-1.281,-0.245,-2.723,7.863,5.496,10.509,9.129,2.167,-2.341,-3.879,6.126,9.729,-3.412,6.269
87.8100,5,1.007,-1.277,-0.245,-2.722,7.863,5.496,10.509,9.129,2.167,-2.341,-3.879,6.126,9.729,-3.412,6.270
87.8200,5,1.009,-1.274,-0.244,-2.722,7.863,5.497,10.509,9.129,2.167,-2.342,-3.879,6.127,9.729,-3.412,6.270
87.8300,5,1.011,-1.270,-0.244,-2.722,7.863,5.497,10.509,9.129,2.167,-2.342,-3.879,6.127,9.729,-3.412,6.270
87.8400,5,1.014,-1.266,-0.244,-2.722,7.863,5.498,10.509,9.129,2.167,-2.342,-3.879,6.127,9.729,-3.412,6.271
87.8500,5,1.016,-1.262,-0.243,-2.722,7.863,5.498,10.509,9.128,2.168,-2.342,-3.879,6.127,9.729,-3.412,6.271
87.8600,5,1.018,-1.258,-0.243,-2.722,7.863,5.499,10.509,9.128,2.168,-2.342,-3.880,6.128,9.729,-3.412,6.271
87.8700,5,1.021,-1.254,-0.242,-2.722,7.863,5.499,10.509,9.128,2.168,-2.342,-3.880,6.128,9.729,-3.412,6.272
87.8800,5,1.023,-1.250,-0.242,-2.722,7.863,5.499,10.509,9.128,2.168,-2.342,-3.880,6.128,9.729,-3.412,6.272
87.8900,5,1.026,-1.245,-0.241,-2.722,7.863,5.500,10.509,9.127,2.168,-2.342,-3.880,6.128,9.729,-3.412,6.272
87.9000,5,1.028,-1.241,-0.241,-2.722,7.863,5.500,10.509,9.127,2.168,-2.342,-3.880,6.129,9.729,-3.412,6.273
87.9100,5,1.031,-1.237,-0.241,-2.722,7.863,5.501,10.509,9.127,2.169,-2.342,-3.880,6.129,9.729,-3.412,6.273
87.9200,5,1.034,-1.233,-0.240,-2.722,7.863,5.501,10.509,9.127,2.169,-2.342,-3.880,6.129,9.729,-3.412,6.273
87.9300,5,1.036,-1.229,-0.240,-2.722,7.863,5.502,10.509,9.126,2.169,-2.342,-3.880,6.129,9.729,-3.412,6.274
87.9400,5,1.039,-1.224,-0.239,-2.722,7.863,5.502,10.509,9.126,2.169,-2.342,-3.880,6.130,9.729,-3.412,6.274
87.9500,5,1.042,-1.220,-0.239,-2.722,7.863,5.502,10.509,9.126,2.169,-2.342,-3.881,6.130,9.729,-3.412,6.274
87.9600,5,1.045,-1.216,-0.238,-2.722,7.863,5.503,10.509,9.126,2.169,-2.342,-3.881,6.130,9.729,-3.412,6.275
87.9700,5,1.048,-1.211,-0.237,-2.722,7.863,5.503,10.509,9.125,2.169,-2.342,-3.881,6.130,9.729,-3.412,6.275
87.9800,5,1.051,-1.207,-0.237,-2.722,7.863,5.504,10.509,9.125,2.169,-2.343,-3.881,6.131,9.729,-3.412,6.275
87.9900,5,1.054,-1.202,-0.236,-2.722,7.863,5.504,10.509,9.125,2.169,-2.343,-3.881,6.131,9.729,-3.412,6.276
88.0000,5,1.057,-1.198,-0.236,-2.722,7.863,5.504,10.509,9.125,2.170,-2.343,-3.881,6.131,9.729,-3.413,6.276
88.0100,5,1.060,-1.193,-0.235,-2.722,7.863,5.505,10.509,9.124,2.170,-2.343,-3.881,6.131,9.729,-3.413,6.276
88.0200,5,1.063,-1.189,-0.235,-2.722,7.863,5.505,10.510,9.124,2.170,-2.343,-3.881,6.131,9.729,-3.413,6.276
88.0300,5,1.066,-1.184,-0.234,-2.722,7.863,5.505,10.510,9.124,2.170,-2.343,-3.882,6.132,9.729,-3.413,6.277
88.0400,5,1.069,-1.179,-0.233,-2.722,7.863,5.506,10.510,9.124,2.170,-2.343,-3.882,6.132,9.729,-3.413,6.277
88.0500,5,1.072,-1.175,-0.233,-2.722,7.863,5.506,10.510,9.123,2.170,-2.343,-3.882,6.132,9.729,-3.413,6.277
88.0600,5,1.075,-1.170,-0.232,-2.722,7.863,5.506,10.510,9.123,2.170,-2.343,-3.882,6.132,9.729,-3.413,6.278
88.0700,5,1.079,-1.165,-0.231,-2.722,7.863,5.507,10.510,9.123,2.170,-2.343,-3.882,6.132,9.729,-3.413,6.278
88.0800,5,1.082,-1.160,-0.231,-2.722,7.863,5.507,10.510,9.122,2.170,-2.343,-3.882,6.132,9.729,-3.413,6.278
88.0900,5,1.085,-1.156,-0.230,-2.722,7.863,5.507,10.510,9.122,2.170,-2.343,-3.883,6.133,9.729,-3.413,6.278
88.1000,5,1.089,-1.151,-0.229,-2.722,7.863,5.508,10.510,9.122,2.170,-2.343,-3.883,6.133,9.729,-3.413,6.279
88.1100,5,1.092,-1.146,-0.229,-2.722,7.863,5.508,10.510,9.121,2.170,-2.343,-3.883,6.133,9.729,-3.413,6.279
88.1200,5,1.096,-1.141,-0.228,-2.721,7.863,5.508,10.510,9.121,2.170,-2.343,-3.883,6.133,9.729,-3.413,6.279
88.1300,5,1.099,-1.136,-0.227,-2.721,7.863,5.508,10.511,9.121,2.171,-2.343,-3.883,6.133,9.729,-3.413,6.279
88.1400,5,1.103,-1.131,-0.227,-2.721,7.863,5.509,10.511,9.120,2.171,-2.343,-3.883,6.133,9.729,-3.413,6.279
88.1500,5,1.106,-1.126,-0.226,-2.721,7.863,5.509,10.511,9.120,2.171,-2.343,-3.884,6.133,9.729,-3.413,6.280
88.1600,5,1.110,-1.121,-0.225,-2.721,7.863,5.509,10.511,9.120,2.171,-2.343,-3.884,6.134,9.729,-3.413,6.280
88.1700,5,1.114,-1.116,-0.224,-2.721,7.863,5.510,10.511,9.119,2.171,-2.343,-3.884,6.134,9.729,-3.414,6.280
88.1800,5,1.117,-1.111,-0.223,-2.721,7.863,5.510,10.511,9.119,2.171,-2.343,-3.884,6.134,9.729,-3.414,6.280
88.1900,5,1.121,-1.106,-0.223,-2.721,7.863,5.510,10.511,9.119,2.171,-2.343,-3.884,6.134,9.729,-3.414,6.280
88.2000,5,1.125,-1.100,-0.222,-2.721,7.863,5.510,10.511,9.118,2.171,-2.343,-3.884,6.134,9.729,-3.414,6.281
88.2100,5,1.129,-1.095,-0.221,-2.721,7.863,5.511,10.512,9.118,2.171,-2.343,-3.885,6.134,9.730,-3.414,6.281
88.2200,5,1.132,-1.090,-0.220,-2.721,7.863,5.511,10.512,9.118,2.171,-2.343,-3.885,6.134,9.730,-3.414,6.281
88.2300,5,1.136,-1.085,-0.219,-2.721,7.863,5.511,10.512,9.117,2.171,-2.343,-3.885,6.134,9.730,-3.414,6.281
88.2400,5,1.140,-1.079,-0.219,-2.721,7.863,5.511,10.512,9.117,2.171,-2.343,-3.885,6.134,9.730,-3.414,6.281
88.2500,5,1.144,-1.074,-0.218,-2.721,7.862,5.512,10.512,9.117,2.171,-2.343,-3.885,6.135,9.730,-3.414,6.281
88.2600,5,1.148,-1.069,-0.217,-2.721,7.862,5.512,10.512,9.116,2.171,-2.343,-3.886,6.135,9.730,-3.414,6.282
88.2700,5,1.152,-1.063,-0.216,-2.720,7.862,5.512,10.512,9.116,2.171,-2.343,-3.886,6.135,9.730,-3.414,6.282
88.2800,5,1.156,-1.058,-0.215,-2.720,7.862,5.512,10.513,9.116,2.171,-2.343,-3.886,6.135,9.730,-3.414,6.282
88.2900,5,1.160,-1.053,-0.214,-2.720,7.862,5.512,10.513,9.115,2.171,-2.343,-3.886,6.135,9.730,-3.415,6.282
88.3000,5,1.164,-1.047,-0.213,-2.720,7.862,5.513,10.513,9.115,2.171,-2.343,-3.886,6.135,9.730,-3.415,6.282
88.3100,5,1.168,-1.042,-0.212,-2.720,7.862,5.513,10.513,9.115,2.171,-2.343,-3.887,6.135,9.730,-3.415,6.282
88.3200,5,1.173,-1.036,-0.211,-2.720,7.862,5.513,10.513,9.114,2.171,-2.343,-3.887,6.135,9.730,-3.415,6.282
88.3300,5,1.177,-1.030,-0.210,-2.720,7.862,5.513,10.513,9.114,2.171,-2.343,-3.887,6.135,9.730,-3.415,6.282
88.3400,5,1.181,-1.025,-0.210,-2.720,7.862,5.513,10.514,9.113,2.171,-2.343,-3.887,6.135,9.730,-3.415,6.283
88.3500,5,1.185,-1.019,-0.209,-2.720,7.862,5.513,10.514,9.113,2.170,-2.343,-3.887,6.135,9.730,-3.415,6.283
88.3600,5,1.189,-1.014,-0.208,-2.720,7.862,5.514,10.514,9.113,2.170,-2.343,-3.888,6.135,9.730,-3.415,6.283
88.3700,5,1.194,-1.008,-0.207,-2.720,7.862,5.514,10.514,9.112,2.170,-2.343,-3.888,6.135,9.730,-3.415,6.283
88.3800,5,1.198,-1.002,-0.206,-2.720,7.862,5.514,10.514,9.112,2.170,-2.343,-3.888,6.135,9.731,-3.415,6.283
88.3900,5,1.202,-0.997,-0.205,-2.719,7.862,5.514,10.515,9.111,2.170,-2.342,-3.888,6.135,9.731,-3.416,6.283
88.4000,5,1.207,-0.991,-0.204,-2.719,7.862,5.514,10.515,9.111,2.170,-2.342,-3.889,6.135,9.731,-3.416,6.283
88.4100,5,1.211,-0.985,-0.203,-2.719,7.861,5.514,10.515,9.111,2.170,-2.342,-3.889,6.135,9.731,-3.416,6.283
88.4200,5,1.216,-0.979,-0.202,-2.719,7.861,5.514,10.515,9.110,2.170,-2.342,-3.889,6.135,9.731,-3.416,6.283
88.4300,5,1.220,-0.973,-0.201,-2.719,7.861,5.515,10.515,9.110,2.170,-2.342,-3.889,6.135,9.731,-3.416,6.283
88.4400,5,1.225,-0.968,-0.199,-2.719,7.861,5.515,10.516,9.109,2.170,-2.342,-3.890,6.135,9.731,-3.416,6.283
88.4500,5,1.229,-0.962,-0.198,-2.719,7.861,5.515,10.516,9.109,2.170,-2.342,-3.890,6.135,9.731,-3.416,6.283
88.4600,5,1.234,-0.956,-0.197,-2.719,7.861,5.515,10.516,9.109,2.170,-2.342,-3.890,6.135,9.731,-3.416,6.283
88.4700,5,1.238,-0.950,-0.196,-2.719,7.861,5.515,10.516,9.108,2.170,-2.342,-3.890,6.135,9.731,-3.417,6.283
88.4800,5,1.243,-0.944,-0.195,-2.718,7.861,5.515,10.516,9.108,2.169,-2.342,-3.890,6.135,9.731,-3.417,6.283
88.4900,5,1.247,-0.938,-0.194,-2.718,7.861,5.515,10.517,9.107,2.169,-2.342,-3.891,6.135,9.732,-3.417,6.283
88.5000,5,1.252,-0.932,-0.193,-2.718,7.861,5.515,10.517,9.107,2.169,-2.342,-3.891,6.135,9.732,-3.417,6.283
88.5100,5,1.256,-0.926,-0.192,-2.718,7.861,5.515,10.517,9.106,2.169,-2.342,-3.891,6.135,9.732,-3.417,6.283
88.5200,5,1.261,-0.920,-0.191,-2.718,7.861,5.515,10.517,9.106,2.169,-2.342,-3.891,6.135,9.732,-3.417,6.283
88.5300,5,1.266,-0.914,-0.190,-2.718,7.861,5.515,10.518,9.106,2.169,-2.342,-3.892,6.135,9.732,-3.417,6.283
88.5400,5,1.270,-0.908,-0.188,-2.718,7.860,5.515,10.518,9.105,2.169,-2.341,-3.892,6.135,9.732,-3.417,6.283
88.5500,5,1.275,-0.902,-0.187,-2.718,7.860,5.515,10.518,9.105,2.169,-2.341,-3.892,6.135,9.732,-3.418,6.283
88.5600,5,1.280,-0.896,-0.186,-2.718,7.860,5.515,10.518,9.104,2.168,-2.341,-3.892,6.135,9.732,-3.418,6.283
88.5700,5,1.285,-0.890,-0.185,-2.717,7.860,5.516,10.519,9.104,2.168,-2.341,-3.893,6.134,9.732,-3.418,6.283
88.5800,5,1.289,-0.883,-0.184,-2.717,7.860,5.516,10.519,9.103,2.168,-2.341,-3.893,6.134,9.732,-3.418,6.283
88.5900,5,1.294,-0.877,-0.183,-2.717,7.860,5.516,10.519,9.103,2.168,-2.341,-3.893,6.134,9.733,-3.418,6.283
88.6000,5,1.299,-0.871,-0.181,-2.717,7.860,5.516,10.520,9.102,2.168,-2.341,-3.893,6.134,9.733,-3.418,6.283
88.6100,5,1.304,-0.865,-0.180,-2.717,7.860,5.516,10.520,9.102,2.168,-2.341,-3.894,6.134,9.733,-3.418,6.283
88.6200,5,1.308,-0.858,-0.179,-2.717,7.860,5.516,10.520,9.101,2.167,-2.341,-3.894,6.134,9.733,-3.419,6.283
88.6300,5,1.313,-0.852,-0.178,-2.717,7.860,5.516,10.520,9.101,2.167,-2.341,-3.894,6.134,9.733,-3.419,6.283
88.6400,5,1.318,-0.846,-0.177,-2.716,7.859,5.516,10.521,9.101,2.167,-2.340,-3.895,6.134,9.733,-3.419,6.283
88.6500,5,1.323,-0.840,-0.175,-2.716,7.859,5.516,10.521,9.100,2.167,-2.340,-3.895,6.134,9.733,-3.419,6.283
88.6600,5,1.328,-0.833,-0.174,-2.716,7.859,5.516,10.521,9.100,2.167,-2.340,-3.895,6.134,9.734,-3.419,6.283
88.6700,5,1.333,-0.827,-0.173,-2.716,7.859,5.515,10.522,9.099,2.167,-2.340,-3.895,6.133,9.734,-3.419,6.283
88.6800,5,1.337,-0.821,-0.171,-2.716,7.859,5.515,10.522,9.099,2.166,-2.340,-3.896,6.133,9.734,-3.420,6.283
88.6900,5,1.342,-0.814,-0.170,-2.716,7.859,5.515,10.522,9.098,2.166,-2.340,-3.896,6.133,9.734,-3.420,6.283
88.7000,5,1.347,-0.808,-0.169,-2.716,7.859,5.515,10.523,9.098,2.166,-2.340,-3.896,6.133,9.734,-3.420,6.283
88.7100,5,1.352,-0.801,-0.168,-2.715,7.859,5.515,10.523,9.097,2.166,-2.340,-3.896,6.133,9.734,-3.420,6.282
88.7200,5,1.357,-0.795,-0.166,-2.715,7.859,5.515,10.523,9.097,2.166,-2.339,-3.897,6.133,9.734,-3.420,6.282
88.7300,5,1.362,-0.788,-0.165,-2.715,7.859,5.515,10.523,9.096,2.165,-2.339,-3.897,6.133,9.735,-3.420,6.282
88.7400,5,1.367,-0.782,-0.164,-2.715,7.858,5.515,10.524,9.096,2.165,-2.339,-3.897,6.132,9.735,-3.420,6.282
88.7500,5,1.372,-0.775,-0.162,-2.715,7.858,5.515,10.524,9.095,2.165,-2.339,-3.898,6.132,9.735,-3.421,6.282
88.7600,5,1.377,-0.769,-0.161,-2.715,7.858,5.515,10.524,9.095,2.165,-2.339,-3.898,6.132,9.735,-3.421,6.282
88.7700,5,1.382,-0.762,-0.160,-2.715,7.858,5.515,10.525,9.094,2.164,-2.339,-3.898,6.132,9.735,-3.421,6.282
88.7800,5,1.387,-0.756,-0.158,-2.714,7.858,5.515,10.525,9.094,2.164,-2.339,-3.899,6.132,9.735,-3.421,6.282
88.7900,5,1.391,-0.749,-0.157,-2.714,7.858,5.515,10.526,9.093,2.164,-2.338,-3.899,6.131,9.735,-3.421,6.281
88.8000,5,1.396,-0.743,-0.156,-2.714,7.858,5.515,10.526,9.093,2.164,-2.338,-3.899,6.131,9.736,-3.421,6.281
88.8100,5,1.401,-0.736,-0.154,-2.714,7.858,5.514,10.526,9.092,2.164,-2.338,-3.899,6.131,9.736,-3.422,6.281
88.8200,5,1.406,-0.729,-0.153,-2.714,7.857,5.514,10.527,9.092,2.163,-2.338,-3.900,6.131,9.736,-3.422,6.281
88.8300,5,1.411,-0.723,-0.151,-2.714,7.857,5.514,10.527,9.091,2.163,-2.338,-3.900,6.131,9.736,-3.422,6.281
88.8400,5,1.416,-0.716,-0.150,-2.713,7.857,5.514,10.527,9.091,2.163,-2.338,-3.900,6.130,9.736,-3.422,6.281
88.8500,5,1.421,-0.709,-0.149,-2.713,7.857,5.514,10.528,9.090,2.163,-2.337,-3.901,6.130,9.736,-3.422,6.280
88.8600,5,1.426,-0.703,-0.147,-2.713,7.857,5.514,10.528,9.090,2.162,-2.337,-3.901,6.130,9.737,-3.423,6.280
88.8700,5,1.431,-0.696,-0.146,-2.713,7.857,5.514,10.528,9.089,2.162,-2.337,-3.901,6.130,9.737,-3.423,6.280
88.8800,5,1.436,-0.689,-0.144,-2.713,7.857,5.513,10.529,9.089,2.162,-2.337,-3.902,6.130,9.737,-3.423,6.280
88.8900,5,1.441,-0.683,-0.143,-2.712,7.857,5.513,10.529,9.088,2.161,-2.337,-3.902,6.129,9.737,-3.423,6.280
88.9000,5,1.446,-0.676,-0.142,-2.712,7.856,5.513,10.530,9.088,2.161,-2.337,-3.902,6.129,9.737,-3.423,6.279
88.9100,5,1.451,-0.669,-0.140,-2.712,7.856,5.513,10.530,9.087,2.161,-2.336,-3.902,6.129,9.738,-3.423,6.279
88.9200,5,1.455,-0.662,-0.139,-2.712,7.856,5.513,10.530,9.087,2.161,-2.336,-3.903,6.129,9.738,-3.424,6.279
88.9300,5,1.460,-0.656,-0.137,-2.712,7.856,5.513,10.531,9.086,2.160,-2.336,-3.903,6.128,9.738,-3.424,6.279
88.9400,5,1.465,-0.649,-0.136,-2.712,7.856,5.512,10.531,9.086,2.160,-2.336,-3.903,6.128,9.738,-3.424,6.279
88.9500,5,1.470,-0.642,-0.134,-2.711,7.856,5.512,10.532,9.085,2.160,-2.336,-3.904,6.128,9.738,-3.424,6.278
88.9600,5,1.475,-0.635,-0.133,-2.711,7.856,5.512,10.532,9.085,2.159,-2.335,-3.904,6.128,9.739,-3.424,6.278
88.9700,5,1.480,-0.629,-0.131,-2.711,7.856,5.512,10.533,9.084,2.159,-2.335,-3.904,6.127,9.739,-3.425,6.278
88.9800,5,1.485,-0.622,-0.130,-2.711,7.855,5.511,10.533,9.083,2.159,-2.335,-3.905,6.127,9.739,-3.425,6.278
88.9900,5,1.490,-0.615,-0.128,-2.711,7.855,5.511,10.533,9.083,2.158,-2.335,-3.905,6.127,9.739,-3.425,6.277
89.0000,5,1.494,-0.608,-0.127,-2.710,7.855,5.511,10.534,9.082,2.158,-2.334,-3.905,6.126,9.739,-3.425,6.277
89.0100,5,1.499,-0.601,-0.125,-2.710,7.855,5.511,10.534,9.082,2.158,-2.334,-3.906,6.126,9.740,-3.425,6.277
89.0200,5,1.504,-0.594,-0.124,-2.710,7.855,5.511,10.535,9.081,2.157,-2.334,-3.906,6.126,9.740,-3.426,6.276
89.0300,5,1.509,-0.587,-0.122,-2.710,7.855,5.510,10.535,9.081,2.157,-2.334,-3.906,6.126,9.740,-3.426,6.276
89.0400,5,1.513,-0.581,-0.121,-2.709,7.855,5.510,10.536,9.080,2.157,-2.334,-3.907,6.125,9.740,-3.426,6.276
89.0500,5,1.518,-0.574,-0.119,-2.709,7.854,5.510,10.536,9.080,2.156,-2.333,-3.907,6.125,9.741,-3.426,6.276
89.0600,5,1.523,-0.567,-0.118,-2.709,7.854,5.510,10.537,9.079,2.156,-2.333,-3.907,6.125,9.741,-3.426,6.275
89.0700,5,1.528,-0.560,-0.116,-2.709,7.854,5.509,10.537,9.079,2.156,-2.333,-3.908,6.124,9.741,-3.426,6.275
89.0800,5,1.532,-0.553,-0.115,-2.709,7.854,5.509,10.538,9.078,2.155,-2.333,-3.908,6.124,9.741,-3.427,6.275
89.0900,5,1.537,-0.546,-0.113,-2.708,7.854,5.509,10.538,9.077,2.155,-2.332,-3.908,6.124,9.741,-3.427,6.274
89.1000,5,1.542,-0.539,-0.111,-2.708,7.854,5.508,10.539,9.077,2.155,-2.332,-3.909,6.123,9.742,-3.427,6.274
89.1100,5,1.546,-0.532,-0.110,-2.708,7.854,5.508,10.539,9.076,2.154,-2.332,-3.909,6.123,9.742,-3.427,6.274
89.1200,5,1.551,-0.525,-0.108,-2.708,7.853,5.508,10.540,9.076,2.154,-2.332,-3.909,6.123,9.742,-3.428,6.273
89.1300,5,1.556,-0.518,-0.107,-2.707,7.853,5.508,10.540,9.075,2.154,-2.331,-3.910,6.122,9.742,-3.428,6.273
89.1400,5,1.560,-0.511,-0.105,-2.707,7.853,5.507,10.541,9.075,2.153,-2.331,-3.910,6.122,9.743,-3.428,6.273
89.1500,5,1.565,-0.504,-0.104,-2.707,7.853,5.507,10.541,9.074,2.153,-2.331,-3.910,6.122,9.743,-3.428,6.272
89.1600,5,1.569,-0.497,-0.102,-2.707,7.853,5.507,10.542,9.074,2.153,-2.331,-3.911,6.121,9.743,-3.428,6.272
89.1700,5,1.574,-0.491,-0.100,-2.707,7.853,5.506,10.542,9.073,2.152,-2.330,-3.911,6.121,9.743,-3.429,6.272
89.1800,5,1.578,-0.484,-0.099,-2.706,7.853,5.506,10.543,9.072,2.152,-2.330,-3.911,6.120,9.744,-3.429,6.271
89.1900,5,1.583,-0.477,-0.097,-2.706,7.852,5.506,10.543,9.072,2.151,-2.330,-3.912,6.120,9.744,-3.429,6.271
89.2000,5,1.587,-0.470,-0.095,-2.706,7.852,5.505,10.544,9.071,2.151,-2.329,-3.912,6.120,9.744,-3.429,6.271
89.2100,5,1.592,-0.463,-0.094,-2.706,7.852,5.505,10.544,9.071,2.151,-2.329,-3.912,6.119,9.745,-3.429,6.270
89.2200,5,1.596,-0.456,-0.092,-2.705,7.852,5.505,10.545,9.070,2.150,-2.329,-3.913,6.119,9.745,-3.430,6.270
89.2300,5,1.600,-0.449,-0.091,-2.705,7.852,5.504,10.545,9.070,2.150,-2.329,-3.913,6.119,9.745,-3.430,6.270
89.2400,5,1.605,-0.442,-0.089,-2.705,7.852,5.504,10.546,9.069,2.149,-2.328,-3.913,6.118,9.745,-3.430,6.269
89.2500,5,1.609,-0.435,-0.087,-2.705,7.852,5.503,10.546,9.068,2.149,-2.328,-3.914,6.118,9.746,-3.430,6.269
89.2600,5,1.613,-0.428,-0.086,-2.704,7.851,5.503,10.547,9.068,2.149,-2.328,-3.914,6.117,9.746,-3.430,6.268
89.2700,5,1.617,-0.421,-0.084,-2.704,7.851,5.503,10.548,9.067,2.148,-2.327,-3.914,6.117,9.746,-3.431,6.268
89.2800,5,1.622,-0.414,-0.082,-2.704,7.851,5.502,10.548,9.067,2.148,-2.327,-3.915,6.117,9.746,-3.431,6.268
89.2900,5,1.626,-0.407,-0.081,-2.703,7.851,5.502,10.549,9.066,2.147,-2.327,-3.915,6.116,9.747,-3.431,6.267
89.3000,5,1.630,-0.400,-0.079,-2.703,7.851,5.501,10.549,9.066,2.147,-2.327,-3.915,6.116,9.747,-3.431,6.267
89.3100,5,1.634,-0.393,-0.077,-2.703,7.851,5.501,10.550,9.065,2.147,-2.326,-3.916,6.115,9.747,-3.432,6.266
89.3200,5,1.638,-0.385,-0.076,-2.703,7.850,5.501,10.550,9.064,2.146,-2.326,-3.916,6.115,9.748,-3.432,6.266
89.3300,5,1.642,-0.378,-0.074,-2.702,7.850,5.500,10.551,9.064,2.146,-2.326,-3.916,6.114,9.748,-3.432,6.265
89.3400,5,1.646,-0.371,-0.072,-2.702,7.850,5.500,10.552,9.063,2.145,-2.325,-3.917,6.114,9.748,-3.432,6.265
89.3500,5,1.650,-0.364,-0.071,-2.702,7.850,5.499,10.552,9.063,2.145,-2.325,-3.917,6.114,9.749,-3.432,6.265
89.3600,5,1.654,-0.357,-0.069,-2.702,7.850,5.499,10.553,9.062,2.144,-2.325,-3.918,6.113,9.749,-3.433,6.264
89.3700,5,1.658,-0.350,-0.067,-2.701,7.850,5.499,10.553,9.061,2.144,-2.324,-3.918,6.113,9.749,-3.433,6.264
89.3800,5,1.662,-0.343,-0.066,-2.701,7.850,5.498,10.554,9.061,2.143,-2.324,-3.918,6.112,9.750,-3.433,6.263
89.3900,5,1.666,-0.336,-0.064,-2.701,7.849,5.498,10.555,9.060,2.143,-2.324,-3.919,6.112,9.750,-3.433,6.263
89.4000,5,1.670,-0.329,-0.062,-2.700,7.849,5.497,10.555,9.060,2.143,-2.323,-3.919,6.111,9.750,-3.433,6.262
89.4100,5,1.673,-0.322,-0.061,-2.700,7.849,5.497,10.556,9.059,2.142,-2.323,-3.919,6.111,9.750,-3.434,6.262
89.4200,5,1.677,-0.315,-0.059,-2.700,7.849,5.496,10.557,9.059,2.142,-2.322,-3.920,6.110,9.751,-3.434,6.261
89.4300,5,1.681,-0.308,-0.057,-2.700,7.849,5.496,10.557,9.058,2.141,-2.322,-3.920,6.110,9.751,-3.434,6.261
89.4400,5,1.684,-0.301,-0.055,-2.699,7.849,5.495,10.558,9.057,2.141,-2.322,-3.920,6.109,9.751,-3.434,6.260
89.4500,5,1.688,-0.294,-0.054,-2.699,7.848,5.495,10.559,9.057,2.140,-2.321,-3.921,6.109,9.752,-3.435,6.260
89.4600,5,1.691,-0.287,-0.052,-2.699,7.848,5.494,10.559,9.056,2.140,-2.321,-3.921,6.108,9.752,-3.435,6.259
89.4700,5,1.695,-0.280,-0.050,-2.698,7.848,5.494,10.560,9.056,2.139,-2.321,-3.921,6.108,9.752,-3.435,6.259
89.4800,5,1.698,-0.273,-0.049,-2.698,7.848,5.493,10.561,9.055,2.139,-2.320,-3.922,6.107,9.753,-3.435,6.258
89.4900,5,1.702,-0.266,-0.047,-2.698,7.848,5.493,10.561,9.054,2.138,-2.320,-3.922,6.107,9.753,-3.436,6.258
89.5000,5,1.705,-0.259,-0.045,-2.697,7.848,5.492,10.562,9.054,2.138,-2.319,-3.923,6.106,9.754,-3.436,6.257
89.5100,5,1.708,-0.252,-0.043,-2.697,7.847,5.492,10.563,9.053,2.137,-2.319,-3.923,6.106,9.754,-3.436,6.257
89.5200,5,1.712,-0.245,-0.042,-2.697,7.847,5.491,10.563,9.053,2.137,-2.319,-3.923,6.105,9.754,-3.436,6.256
89.5300,5,1.715,-0.238,-0.040,-2.696,7.847,5.491,10.564,9.052,2.136,-2.318,-3.924,6.105,9.755,-3.436,6.256
89.5400,5,1.718,-0.231,-0.038,-2.696,7.847,5.490,10.565,9.051,2.136,-2.318,-3.924,6.104,9.755,-3.437,6.255
89.5500,5,1.721,-0.224,-0.037,-2.696,7.847,5.490,10.565,9.051,2.135,-2.318,-3.924,6.104,9.755,-3.437,6.255
89.5600,5,1.724,-0.217,-0.035,-2.695,7.847,5.489,10.566,9.050,2.135,-2.317,-3.925,6.103,9.756,-3.437,6.254
89.5700,5,1.727,-0.211,-0.033,-2.695,7.846,5.489,10.567,9.050,2.134,-2.317,-3.925,6.103,9.756,-3.437,6.254
89.5800,5,1.730,-0.204,-0.031,-2.695,7.846,5.488,10.568,9.049,2.134,-2.316,-3.925,6.102,9.756,-3.438,6.253
89.5900,5,1.733,-0.197,-0.030,-2.694,7.846,5.488,10.568,9.048,2.133,-2.316,-3.926,6.102,9.757,-3.438,6.253
89.6000,5,1.736,-0.190,-0.028,-2.694,7.846,5.487,10.569,9.048,2.133,-2.315,-3.926,6.101,9.757,-3.438,6.252
89.6100,5,1.739,-0.183,-0.026,-2.694,7.846,5.486,10.570,9.047,2.132,-2.315,-3.927,6.101,9.758,-3.438,6.251
89.6200,5,1.742,-0.176,-0.024,-2.693,7.846,5.486,10.571,9.047,2.132,-2.315,-3.927,6.100,9.758,-3.439,6.251
89.6300,5,1.745,-0.169,-0.023,-2.693,7.845,5.485,10.571,9.046,2.131,-2.314,-3.927,6.100,9.758,-3.439,6.250
89.6400,5,1.747,-0.162,-0.021,-2.693,7.845,5.485,10.572,9.045,2.131,-2.314,-3.928,6.099,9.759,-3.439,6.250
89.6500,5,1.750,-0.155,-0.019,-2.692,7.845,5.484,10.573,9.045,2.130,-2.313,-3.928,6.099,9.759,-3.439,6.249
89.6600,5,1.752,-0.148,-0.017,-2.692,7.845,5.484,10.574,9.044,2.130,-2.313,-3.928,6.098,9.760,-3.439,6.249
89.6700,5,1.755,-0.141,-0.016,-2.692,7.845,5.483,10.574,9.044,2.129,-2.312,-3.929,6.097,9.760,-3.440,6.248
89.6800,5,1.757,-0.134,-0.014,-2.691,7.845,5.482,10.575,9.043,2.129,-2.312,-3.929,6.097,9.760,-3.440,6.247
89.6900,5,1.760,-0.128,-0.012,-2.691,7.844,5.482,10.576,9.042,2.128,-2.311,-3.930,6.096,9.761,-3.440,6.247
89.7000,5,1.762,-0.121,-0.010,-2.691,7.844,5.481,10.577,9.042,2.128,-2.311,-3.930,6.096,9.761,-3.440,6.246
89.7100,5,1.764,-0.114,-0.009,-2.690,7.844,5.481,10.578,9.041,2.127,-2.311,-3.930,6.095,9.762,-3.441,6.246
89.7200,5,1.767,-0.107,-0.007,-2.690,7.844,5.480,10.578,9.041,2.127,-2.310,-3.931,6.095,9.762,-3.441,6.245
89.7300,5,1.769,-0.100,-0.005,-2.689,7.844,5.479,10.579,9.040,2.126,-2.310,-3.931,6.094,9.762,-3.441,6.244
89.7400,5,1.771,-0.093,-0.003,-2.689,7.844,5.479,10.580,9.039,2.126,-2.309,-3.931,6.093,9.763,-3.441,6.244
89.7500,5,1.773,-0.087,-0.002,-2.689,7.843,5.478,10.581,9.039,2.125,-2.309,-3.932,6.093,9.763,-3.442,6.243
89.7600,5,1.775,-0.080,0.000,-2.688,7.843,5.478,10.582,9.038,2.125,-2.308,-3.932,6.092,9.764,-3.442,6.243
89.7700,5,1.777,-0.073,0.002,-2.688,7.843,5.477,10.583,9.037,2.124,-2.308,-3.932,6.092,9.764,-3.442,6.242
89.7800,5,1.779,-0.066,0.004,-2.688,7.843,5.476,10.583,9.037,2.124,-2.307,-3.933,6.091,9.765,-3.442,6.241
89.7900,5,1.781,-0.060,0.005,-2.687,7.843,5.476,10.584,9.036,2.123,-2.307,-3.933,6.091,9.765,-3.442,6.241
89.8000,5,1.783,-0.053,0.007,-2.687,7.843,5.475,10.585,9.036,2.122,-2.306,-3.934,6.090,9.765,-3.443,6.240
89.8100,5,1.784,-0.046,0.009,-2.686,7.842,5.474,10.586,9.035,2.122,-2.306,-3.934,6.089,9.766,-3.443,6.239
89.8200,5,1.786,-0.039,0.011,-2.686,7.842,5.474,10.587,9.034,2.121,-2.305,-3.934,6.089,9.766,-3.443,6.239
89.8300,5,1.788,-0.033,0.012,-2.686,7.842,5.473,10.588,9.034,2.121,-2.305,-3.935,6.088,9.767,-3.443,6.238
89.8400,5,1.789,-0.026,0.014,-2.685,7.842,5.472,10.589,9.033,2.120,-2.304,-3.935,6.088,9.767,-3.444,6.238
89.8500,5,1.791,-0.019,0.016,-2.685,7.842,5.472,10.589,9.033,2.120,-2.304,-3.935,6.087,9.768,-3.444,6.237
89.8600,5,1.792,-0.013,0.018,-2.684,7.842,5.471,10.590,9.032,2.119,-2.303,-3.936,6.086,9.768,-3.444,6.236
89.8700,5,1.793,-0.006,0.019,-2.684,7.841,5.470,10.591,9.031,2.119,-2.303,-3.936,6.086,9.769,-3.444,6.236
89.8800,5,1.795,0.001,0.021,-2.684,7.841,5.470,10.592,9.031,2.118,-2.302,-3.937,6.085,9.769,-3.445,6.235
89.8900,5,1.796,0.007,0.023,-2.683,7.841,5.469,10.593,9.030,2.117,-2.301,-3.937,6.084,9.770,-3.445,6.234
89.9000,5,1.797,0.014,0.024,-2.683,7.841,5.468,10.594,9.030,2.117,-2.301,-3.937,6.084,9.770,-3.445,6.234
89.9100,5,1.798,0.021,0.026,-2.682,7.841,5.468,10.595,9.029,2.116,-2.300,-3.938,6.083,9.771,-3.445,6.233
89.9200,5,1.799,0.027,0.028,-2.682,7.841,5.467,10.596,9.028,2.116,-2.300,-3.938,6.083,9.771,-3.446,6.232
89.9300,5,1.800,0.034,0.030,-2.681,7.840,5.466,10.597,9.028,2.115,-2.299,-3.938,6.082,9.772,-3.446,6.232
89.9400,5,1.801,0.040,0.031,-2.681,7.840,5.466,10.598,9.027,2.115,-2.299,-3.939,6.081,9.772,-3.446,6.231
89.9500,5,1.802,0.047,0.033,-2.681,7.840,5.465,10.599,9.027,2.114,-2.298,-3.939,6.081,9.773,-3.446,6.230
89.9600,5,1.803,0.053,0.035,-2.680,7.840,5.464,10.599,9.026,2.113,-2.298,-3.940,6.080,9.773,-3.446,6.230
89.9700,5,1.804,0.060,0.037,-2.680,7.840,5.464,10.600,9.025,2.113,-2.297,-3.940,6.079,9.774,-3.447,6.229
89.9800,5,1.804,0.066,0.038,-2.679,7.840,5.463,10.601,9.025,2.112,-2.296,-3.940,6.079,9.774,-3.447,6.228
89.9900,5,1.805,0.073,0.040,-2.679,7.839,5.462,10.602,9.024,2.112,-2.296,-3.941,6.078,9.775,-3.447,6.228
